--
-- This contains all the data for the TSHIKAJI database.
-- It still uses the same `kpk` base database, but has
-- no DDL, only DML.
--

use `kpk`;

delete from `posting_journal`;
delete from `general_ledger`;
delete from `transaction_type`;
delete from `patient`;
delete from `debitor`;
delete from `debitor_group`;
delete from `debitor_group_type`;
delete from `permission`;
delete from `unit`;
delete from `account`;
delete from `account_type`;
delete from `payment`;
delete from `exchange_rate`;
delete from `currency`;
delete from `inventory`;
delete from `inventory_unit`;
delete from `inventory_group`;
delete from `inventory_type`;
delete from `cash_item`;
delete from `cash`;
delete from `purchase`;
delete from `user`;
delete from `period`;
delete from `fiscal_year`;
delete from `enterprise`;
delete from `country`;
delete from `province`;
delete from `sector`;
delete from `village`;
delete from `sale`;
delete from `patient_group`;
delete from `price_list`;

-- configure application details
INSERT INTO `user` values
  (1,'jniles','1','Jonathan','Niles','jonathanwniles@gmail.com',0),
	(2,'delva','1','Dedrick','kitamuka','kitamuka@gmail.com',0),
	(13,'sfount','1','Steven','Fountain','StevenFountain@live.co.uk',0),
  (3, 'sthreshley', 'ima', 'Larry', 'Sthreshley', 'example@email.me', 0),
  (4, 'receptioniste', 'moyo', 'Reception', 'Reception', 'recept@example.me', 0);

-- url, p_url
-- index.html files in urls here are reflective of
-- units that would match a regex for several html files if the .html
-- file type were omitted
INSERT INTO `unit` VALUES
  (0 , 'Root'                       , 'TREE.ROOT', 'The unseen root node'                       , NULL, 1 , '/partials/index.html'                    , '/root'),
	(1 , 'Admin'                      , 'TREE.ADMIN', 'The Administration Super-Category'          , 0   , 1 , '/partials/admin/index.html'              , '/admin'),
	(2 , 'Enterprise'                 , 'TREE.ENTERPRISE', 'Manage the registered enterprises from here', 1   , 0 , '/partials/enterprise/'                   , '/enterprise'),
	(4 , 'Users & Permissions'        , 'TREE.PERMISSION', 'Manage user privileges and permissions'     , 1   , 0 , '/partials/user_permission/'                   , '/permission'),
	(5 , 'Finance'                    , 'TREE.FINANCE', 'The Finance Super-Category'                 , 0   , 1 , '/partials/finance/'                      , '/finance'),
	(6 , 'Account'                    , 'TREE.ACCOUNT', 'Chart of Accounts management'               , 1   , 0 , '/partials/accounts/create_account/'      , '/create_account'),
	(8 , 'Budgeting'                  , 'TREE.BUDGETING', 'Plan your next move'                        , 0   , 10, '/partials/budget/index.html'             , '/budget'),
	(9 , 'Posting Journal'            , 'TREE.POSTING_JOURNAL', 'Daily Log'                                  , 5   , 0 , '/partials/journal/'                      , '/posting_journal'),
	(10, 'Reports'                    , 'TREE.REPORTS', 'Do stuff and tell people about it'          , 0   , 1 , '/partials/reports/summary/'              , 'reports/summary'),
	(11, 'Inventory'                  , 'TREE.INVENTORY', 'The Inventory Super-Category'               , 0   , 1 , '/partials/inventory/index.html'          , '/inventory'),
	(21, 'Hospital'                   , 'TREE.HOSPITAL', 'The Hospital Super-Category'                , 0   , 1 , '/partials/hospital/index.html'           , '/hospital'),
	(30, 'Fiscal Year'                , 'TREE.FISCAL_YEAR', 'Fiscal year configuration page'             , 1   , 0 , '/partials/fiscal/'                       , '/fiscal'),
	(31, 'Patient Registration'       , 'TREE.PATIENT_REG', 'Register patients'                          , 21  , 0 , '/partials/patient_registration/'         , '/patient'),
	(33, 'Patient Records'            , 'TREE.PATIENT_RECORDS', 'Search for patient'                         , 21  , 0 , '/partials/records/patient_records/'              , '/patient_records/'),
	(34, 'Sales'                      , 'TREE.SALES', 'Create an invoice for a sale'               , 5   , 0 , '/partials/sales/'                        , '/sales/'),
	(35, 'Sale Records'               , 'TREE.SALE_RECORDS', 'Search for a sale'                          , 5   , 0 , '/partials/records/sales_records/'        , '/sale_records/'),
	(36, 'Purchase Order'             , 'TREE.PURCHASE_ORDER', 'Create a new Purchase Order'                , 11  , 0 , '/partials/purchase_order/'               , '/inventory/purchase'),
	(37, 'Budget by Account'          , 'TREE.BUDGET_BY_ACCOUNT', 'Budgeting by account'                       , 8   , 0 , '/partials/budget/'                       , '/budgeting/')   ,
	(38, 'Cash Box'                   , 'TREE.CASH', 'Pay invoices'                               , 5   , 0 , '/partials/cash/'                         , '/cash'),
	(39, 'Register Stock'             , 'TREE.REGISTER_STOCK', ''                                           , 11  , 0 , '/partials/inventory/register/'           , '/inventory/register'),
	(40, 'Register Supplier'          , 'TREE.REGISTER_SUPPLIER', ''                                           , 11  , 0 , '/partials/inventory/creditor/'          , '/creditor'),
	(41, 'Purchase Order Records'     , 'TREE.PURCHASE_ORDER_RECORDS', ''                                           , 5   , 0 , '/partials/records/purchase_order_records', '/purchase_records/'),
  (43, 'Finance'                    , 'TREE.REPORT_FINANCE', ''                                           , 10  , 0 , '/partials/reports/finance/'              , '/reports/finance'),
  (45, 'Price List'                 , 'TREE.PRICE_LIST', 'Configure price lists!'                     , 1  , 0 , '/partials/price_list/'                   , '/inventory/price_list'),
  (46, 'Exchange Rate'              , 'TREE.EXCHANGE', 'Set todays exchange rate!'                  , 1   , 0 , '/partials/exchange_rate/'                , '/exchange_rate'),
  (47, 'Transaction Report'         , 'TREE.REPORT_TRANSACTION', ''                                           , 10  , 0 , '/partials/reports/transaction_report/'   , '/reports/transaction_report'),
  (48, 'Creditor Groups'            , 'TREE.CREDITOR_GRP', ''                                           , 1   , 0 , '/partials/creditor/group/'               , '/creditors/creditor_group'),
  (49, 'Debitor Groups'             , 'TREE.DEBTOR_GRP', ''                                           , 1   , 0 , '/partials/debitor/'                      , '/debitor/debitor_group'),
  (50, 'Inventory View'             , 'TREE.INVENTORY_VIEW', ''                                           , 11  , 0 , '/partials/inventory/view/'               , '/inventory/view'),
  (51, 'General Ledger'             , 'TREE.GENERAL_LEDGER', ''                                           , 10  , 0 , '/partials/reports/ledger/'               , '/reports/ledger/general_ledger'),
  (52, 'Location Manager'           , 'TREE.LOCATION', ''                                           , 1   , 0 , '/partials/location/location.html'        , '/location'),
  (53, 'Account Balance Statement'  , 'TREE.ACCOUNT_BALANCE_STATEMENT', ''                                           , 10  , 0 , '/partials/reports/account_balance/'      , '/reports/account_balance/'),
  (54, 'Chart of Accounts'          , 'TREE.CHART_OF_ACCOUNTS', ''                                           , 10  , 0 , '/partials/reports/chart_of_accounts/'      , '/reports/chart_of_accounts/'),
  (55, 'Debitor Aging'              , 'TREE.DEBTOR_AGING', ''                                           , 10  , 0 , '/partials/reports/debitor_aging/'        , '/reports/debitor_aging/'),
  (56, 'Account Statement By Period', 'TREE.ACCOUNT_STATEMENT', ''                                           , 10  , 0 , '/partials/reports/account_statement/'    , '/reports/account_statement/'),
  (57, 'Income Expensive Balance'   , 'TREE.INCOME_EXPENSE', ''                                           , 10  , 0 , '/partials/reports/income_expensive/'     , '/reports/income_expensive/'),
  (58, 'Credit Note'                , 'TREE.CREDIT_NOTE', ''                                           , 5   , 0 , '/partials/credit_note/'                  , '/credit_note/'),
  (60, 'Patient Group Assignment'    , 'TREE.PATIENT_GRP_ASSIGNMENT', ''                                           , 21  , 0 , '/partials/patient_group_assignment/'     , '/patient_group_assignment/'),
  (61, 'Patient Group'              , 'TREE.PATIENT_GRP', ''                                           , 1   , 0 , '/partials/patient_group/'                , '/patient_group/'),
  (62, 'Accounting'                 , 'TREE.ACCOUNTING', ''                                           , 0   , 1 , '/partials/accounting/index.html'         , '/accounting/'),
  (63, 'Cost Center Management'     , 'TREE.COST_CENTER_MGMT', ''                                           , 62  , 0 , '/partials/cost_center/'                  , '/cost_center/'),
  (64, 'Group Invoicing'            , 'TREE.GRP_INVOICING', ''                                           , 5   , 0 , '/partials/group_invoice/'                , '/group_invoice/'),
  (65, 'Currency'                   , 'TREE.CURRENCY', ''                                           , 1   , 0 , '/partials/currency/'                     , '/currency'),
  (66, 'Patient Renewal'            , 'TREE.RENEWAL', ''                                            , 21, 0, '/partials/patient_renewal/', '/renewal'),
  (67, 'Patient Registrations'      , 'TREE.PATIENT_REGISTRATION', '',                                 21, 0, '/partials/reports/patient_registrations/', '/reports/patient_registrations'),
  (68, 'Update Stock'               , 'TREE.UPDATE_STOCK', '',                                      11, 0, '/partials/update_stock/', '/update_stock/');

INSERT INTO `permission` (`id_unit`, `id_user`) values
 (1,2),
 (2,2),
 (4,2),
 (6,2),
 (5,2),
 (8,2),
 (9,2),
 (11,2),
 (10,2),
 (21,2),
 (30,2),
 (33,2),
 (31,2),
 (34,2),
 (35,2),
 -- (36,2),
 (37,2),
 (38,2),
 (39,2),
 (40,2),
 -- (41,2),
 (45,2),
 (46,2),
 (47,2),
 (48,2),
 (49,2),
 (50,2),
 (51,2),
 (52,2),
 (53,2),
 (54,2),
 (55,2),
 (56,2),
 (57,2),
 (60,2),
 (61,2),
 (62,2),
 (63,2),
 (64,2),
 -- (65,2),
 (4, 3),
 (6, 3),
 (30,3),
 (31,3),
 (34,3),
 (35,3),
 (33,3),
 -- (36,3),
 (37,3),
 (38,3),
 (39,3),
 (40,3),
 (9, 3),
 -- (41,3),
 (1, 3),
 (43, 3),
 (45, 3),
 (46, 3),
 (47, 3),
 (48, 3),
 (49, 3),
 (50, 3),
 (51, 3),
 (1,1),
 (2,1),
 (4,1),
 (9,1),
 (6,1),
 (5,1),
 (8,1),
 (11,1),
 (10,1),
 (21,1),
 (30,1),
 (31,1),
 (34,1),
 (35,1),
 (33,1),
 -- (36,1),
 (37,1),
 (38,1),
 (39,1),
 (40,1),
 -- (41,1),
 (43,1),
 (45,1),
 (46,1),
 (47,1),
 (48,1),
 (49,1),
 (50,1),
 (51,1),
 (52,1),
 (53,1),
 (54,1),
 (55,1),
 (56,1),
 (57,1),
 (58,1),
 (60,1),
 (61,1),
 (62,1),
(64,1),
(65,1),
(66, 1),
(67, 1),
 -- (65,1),
 (1,13),
 (2,13),
 (4,13),
 (9,13),
 (6,13),
 (5,13),
 (8,13),
 (11,13),
 (10,13),
 (21,13),
 (30,13),
 (31,13),
 (34,13),
 (35,13),
 (33,13),
 -- (36,13),
 (37,13),
 (38,13),
 (39,13),
 (40,13),
 -- (41,13),
 (43,13),
 (45,13),
 (46,13),
 (47,13),
 (48,13),
 (49,13),
 (50,13),
 (51,13),
 (52,13),
(54,13),
(21, 4),
(31, 4),
(33, 4),
(68, 13);

-- configure location details
INSERT INTO `country` values
  (1,4,'Afghanistan','Afghanistan'),
	(2,8,'Albania','Albanie'),
	(3,10,'Antarctica','Antarctique'),
	(4,12,'Algeria','Algérie'),
	(5,16,'American Samoa','Samoa Américaines'),
	(6,20,'Andorra','Andorre'),
	(7,24,'Angola','Angola'),
	(8,28,'Antigua and Barbuda','Antigua-et-Barbuda'),
	(9,31,'Azerbaijan','Azerbaïdjan'),
	(10,32,'Argentina','Argentine'),
	(11,36,'Australia','Australie'),
	(12,40,'Austria','Autriche'),
	(13,44,'Bahamas','Bahamas'),
	(14,48,'Bahrain','Bahreïn'),
	(15,50,'Bangladesh','Bangladesh'),
	(16,51,'Armenia','Arménie'),
	(17,52,'Barbados','Barbade'),
	(18,56,'Belgium','Belgique'),
	(19,60,'Bermuda','Bermudes'),
	(20,64,'Bhutan','Bhoutan'),
	(21,68,'Bolivia','Bolivie'),
	(22,70,'Bosnia and Herzegovina','Bosnie-Herzégovine'),
	(23,72,'Botswana','Botswana'),
	(24,74,'Bouvet Island','Île Bouvet'),
	(25,76,'Brazil','Brésil'),
	(26,84,'Belize','Belize'),
	(27,86,'British Indian Ocean Territory','Territoire Britannique de l\'Océan Indien'),
	(28,90,'Solomon Islands','Îles Salomon'),
	(29,92,'British Virgin Islands','Îles Vierges Britanniques'),
	(30,96,'Brunei Darussalam','Brunéi Darussalam'),
	(31,100,'Bulgaria','Bulgarie'),
	(32,104,'Myanmar','Myanmar'),
	(33,108,'Burundi','Burundi'),
	(34,112,'Belarus','Bélarus'),
	(35,116,'Cambodia','Cambodge'),
	(36,120,'Cameroon','Cameroun'),
	(37,124,'Canada','Canada'),
	(38,132,'Cape Verde','Cap-vert'),
	(39,136,'Cayman Islands','Îles Caïmanes'),
	(40,140,'Central African','République Centrafricaine'),
	(41,144,'Sri Lanka','Sri Lanka'),
	(42,148,'Chad','Tchad'),
	(43,152,'Chile','Chili'),
	(44,156,'China','Chine'),
	(45,158,'Taiwan','Taïwan'),
	(46,162,'Christmas Island','Île Christmas'),
	(47,166,'Cocos (Keeling) Islands','Îles Cocos (Keeling)'),
	(48,170,'Colombia','Colombie'),
	(49,174,'Comoros','Comores'),
	(50,175,'Mayotte','Mayotte'),
	(51,178,'Republic of the Congo','République du Congo'),
	(52,180,'The Democratic Republic Of The Congo','République Démocratique du Congo'),
	(53,184,'Cook Islands','Îles Cook'),
	(54,188,'Costa Rica','Costa Rica'),
	(55,191,'Croatia','Croatie'),
	(56,192,'Cuba','Cuba'),
	(57,196,'Cyprus','Chypre'),
	(58,203,'Czech Republic','République Tchèque'),
	(59,204,'Benin','Bénin'),
	(60,208,'Denmark','Danemark'),
	(61,212,'Dominica','Dominique'),
	(62,214,'Dominican Republic','République Dominicaine'),
	(63,218,'Ecuador','Équateur'),
	(64,222,'El Salvador','El Salvador'),
	(65,226,'Equatorial Guinea','Guinée Équatoriale'),
	(66,231,'Ethiopia','Éthiopie'),
	(67,232,'Eritrea','Érythrée'),
	(68,233,'Estonia','Estonie'),
	(69,234,'Faroe Islands','Îles Féroé'),
	(70,238,'Falkland Islands','Îles (malvinas) Falkland'),
	(71,239,'South Georgia and the South Sandwich Islands','Géorgie du Sud et les Îles Sandwich du Sud'),
	(72,242,'Fiji','Fidji'),
	(73,246,'Finland','Finlande'),
	(74,248,'Åland Islands','Îles Åland'),
	(75,250,'France','France'),
	(76,254,'French Guiana','Guyane Française'),
	(77,258,'French Polynesia','Polynésie Française'),
	(78,260,'French Southern Territories','Terres Australes Françaises'),
	(79,262,'Djibouti','Djibouti'),
	(80,266,'Gabon','Gabon'),
	(81,268,'Georgia','Géorgie'),
	(82,270,'Gambia','Gambie'),
	(83,275,'Occupied Palestinian Territory','Territoire Palestinien Occupé'),
	(84,276,'Germany','Allemagne'),
	(85,288,'Ghana','Ghana'),
	(86,292,'Gibraltar','Gibraltar'),
	(87,296,'Kiribati','Kiribati'),
	(88,300,'Greece','Grèce'),
	(89,304,'Greenland','Groenland'),
	(90,308,'Grenada','Grenade'),
	(91,312,'Guadeloupe','Guadeloupe'),
	(92,316,'Guam','Guam'),
	(93,320,'Guatemala','Guatemala'),
	(94,324,'Guinea','Guinée'),
	(95,328,'Guyana','Guyana'),
	(96,332,'Haiti','Haïti'),
	(97,334,'Heard Island and McDonald Islands','Îles Heard et Mcdonald'),
	(98,336,'Vatican City State','Saint-Siège (état de la Cité du Vatican)'),
	(99,340,'Honduras','Honduras'),
	(100,344,'Hong Kong','Hong-Kong'),
	(101,348,'Hungary','Hongrie'),
	(102,352,'Iceland','Islande'),
	(103,356,'India','Inde'),
	(104,360,'Indonesia','Indonésie'),
	(105,364,'Islamic Republic of Iran','République Islamique d\'Iran'),
	(106,368,'Iraq','Iraq'),
	(107,372,'Ireland','Irlande'),
	(108,376,'Israel','Israël'),
	(109,380,'Italy','Italie'),
	(110,384,'Côte d\'Ivoire','Côte d\'Ivoire'),
	(111,388,'Jamaica','Jamaïque'),
	(112,392,'Japan','Japon'),
	(113,398,'Kazakhstan','Kazakhstan'),
	(114,400,'Jordan','Jordanie'),
	(115,404,'Kenya','Kenya'),
	(116,408,'Democratic People\'s Republic of Korea','République Populaire Démocratique de Corée'),
	(117,410,'Republic of Korea','République de Corée'),
	(118,414,'Kuwait','Koweït'),
	(119,417,'Kyrgyzstan','Kirghizistan'),
	(120,418,'Lao People\'s Democratic Republic','République Démocratique Populaire Lao'),
	(121,422,'Lebanon','Liban'),
	(122,426,'Lesotho','Lesotho'),
	(123,428,'Latvia','Lettonie'),
	(124,430,'Liberia','Libéria'),
	(125,434,'Libyan Arab Jamahiriya','Jamahiriya Arabe Libyenne'),
	(126,438,'Liechtenstein','Liechtenstein'),
	(127,440,'Lithuania','Lituanie'),
	(128,442,'Luxembourg','Luxembourg'),
	(129,446,'Macao','Macao'),
	(130,450,'Madagascar','Madagascar'),
	(131,454,'Malawi','Malawi'),
	(132,458,'Malaysia','Malaisie'),
	(133,462,'Maldives','Maldives'),
	(134,466,'Mali','Mali'),
	(135,470,'Malta','Malte'),
	(136,474,'Martinique','Martinique'),
	(137,478,'Mauritania','Mauritanie'),
	(138,480,'Mauritius','Maurice'),
	(139,484,'Mexico','Mexique'),
	(140,492,'Monaco','Monaco'),
	(141,496,'Mongolia','Mongolie'),
	(142,498,'Republic of Moldova','République de Moldova'),
	(143,500,'Montserrat','Montserrat'),
	(144,504,'Morocco','Maroc'),
	(145,508,'Mozambique','Mozambique'),
	(146,512,'Oman','Oman'),
	(147,516,'Namibia','Namibie'),
	(148,520,'Nauru','Nauru'),
	(149,524,'Nepal','Népal'),
	(150,528,'Netherlands','country-Bas'),
	(151,530,'Netherlands Antilles','Antilles Néerlandaises'),
	(152,533,'Aruba','Aruba'),
	(153,540,'New Caledonia','Nouvelle-Calédonie'),
	(154,548,'Vanuatu','Vanuatu'),
	(155,554,'New Zealand','Nouvelle-Zélande'),
	(156,558,'Nicaragua','Nicaragua'),
	(157,562,'Niger','Niger'),
	(158,566,'Nigeria','Nigéria'),
	(159,570,'Niue','Niué'),
	(160,574,'Norfolk Island','Île Norfolk'),
	(161,578,'Norway','Norvège'),
	(162,580,'Northern Mariana Islands','Îles Mariannes du Nord'),
	(163,581,'United States Minor Outlying Islands','Îles Mineures Éloignées des États-Unis'),
	(164,583,'Federated States of Micronesia','États Fédérés de Micronésie'),
	(165,584,'Marshall Islands','Îles Marshall'),
	(166,585,'Palau','Palaos'),
	(167,586,'Pakistan','Pakistan'),
	(168,591,'Panama','Panama'),
	(169,598,'Papua New Guinea','Papouasie-Nouvelle-Guinée'),
	(170,600,'Paraguay','Paraguay'),
	(171,604,'Peru','Pérou'),
	(172,608,'Philippines','Philippines'),
	(173,612,'Pitcairn','Pitcairn'),
	(174,616,'Poland','Pologne'),
	(175,620,'Portugal','Portugal'),
	(176,624,'Guinea-Bissau','Guinée-Bissau'),
	(177,626,'Timor-Leste','Timor-Leste'),
	(178,630,'Puerto Rico','Porto Rico'),
	(179,634,'Qatar','Qatar'),
	(180,638,'Réunion','Réunion'),
	(181,642,'Romania','Roumanie'),
	(182,643,'Russian Federation','Fédération de Russie'),
	(183,646,'Rwanda','Rwanda'),
	(184,654,'Saint Helena','Sainte-Hélène'),
	(185,659,'Saint Kitts and Nevis','Saint-Kitts-et-Nevis'),
	(186,660,'Anguilla','Anguilla'),
	(187,662,'Saint Lucia','Sainte-Lucie'),
	(188,666,'Saint-Pierre and Miquelon','Saint-Pierre-et-Miquelon'),
	(189,670,'Saint Vincent and the Grenadines','Saint-Vincent-et-les Grenadines'),
	(190,674,'San Marino','Saint-Marin'),
	(191,678,'Sao Tome and Principe','Sao Tomé-et-Principe'),
	(192,682,'Saudi Arabia','Arabie Saoudite'),
	(193,686,'Senegal','Sénégal'),
	(194,690,'Seychelles','Seychelles'),
	(195,694,'Sierra Leone','Sierra Leone'),
	(196,702,'Singapore','Singapour'),
	(197,703,'Slovakia','Slovaquie'),
	(198,704,'Vietnam','Viet Nam'),
	(199,705,'Slovenia','Slovénie'),
	(200,706,'Somalia','Somalie'),
	(201,710,'South Africa','Afrique du Sud'),
	(202,716,'Zimbabwe','Zimbabwe'),
	(203,724,'Spain','Espagne'),
	(204,732,'Western Sahara','Sahara Occidental'),
	(205,736,'Sudan','Soudan'),
	(206,740,'Suriname','Suriname'),
	(207,744,'Svalbard and Jan Mayen','Svalbard etÎle Jan Mayen'),
	(208,748,'Swaziland','Swaziland'),
	(209,752,'Sweden','Suède'),
	(210,756,'Switzerland','Suisse'),
	(211,760,'Syrian Arab Republic','République Arabe Syrienne'),
	(212,762,'Tajikistan','Tadjikistan'),
	(213,764,'Thailand','Thaïlande'),
	(214,768,'Togo','Togo'),
	(215,772,'Tokelau','Tokelau'),
	(216,776,'Tonga','Tonga'),
	(217,780,'Trinidad and Tobago','Trinité-et-Tobago'),
	(218,784,'United Arab Emirates','Émirats Arabes Unis'),
	(219,788,'Tunisia','Tunisie'),
	(220,792,'Turkey','Turquie'),
	(221,795,'Turkmenistan','Turkménistan'),
	(222,796,'Turks and Caicos Islands','Îles Turks et Caïques'),
	(223,798,'Tuvalu','Tuvalu'),
	(224,800,'Uganda','Ouganda'),
	(225,804,'Ukraine','Ukraine'),
	(226,807,'The Former Yugoslav Republic of Macedonia','L\'ex-République Yougoslave de Macédoine'),
	(227,818,'Egypt','Égypte'),
	(228,826,'United Kingdom','Royaume-Uni'),
	(229,833,'Isle of Man','Île de Man'),
	(230,834,'United Republic Of Tanzania','République-Unie de Tanzanie'),
	(231,840,'United States','États-Unis'),
	(232,850,'U.S. Virgin Islands','Îles Vierges des États-Unis'),
	(233,854,'Burkina Faso','Burkina Faso'),
	(234,858,'Uruguay','Uruguay'),
	(235,860,'Uzbekistan','Ouzbékistan'),
	(236,862,'Venezuela','Venezuela'),
	(237,876,'Wallis and Futuna','Wallis et Futuna'),
	(238,882,'Samoa','Samoa'),
	(239,887,'Yemen','Yémen'),
	(240,891,'Serbia and Montenegro','Serbie-et-Monténégro'),
	(241,894,'Zambia','Zambie');


INSERT INTO `province` (`id`,`name`, `country_id`) VALUES
  (1, 'Bas Congo', 52),
  (2, 'Bandundu', 52),
  (3, 'Kasai Oriental', 52),
  (4, 'Katanga', 52),
  (5, 'Equateur', 52),
  (6, 'Kasai Occidental', 52),
  (7, 'Kinshasa', 52),
  (8, 'Nord Kivu', 52),
  (9, 'Sud Kivu', 52),
  (10, 'Province Oriental', 52),
  (11, 'Maniema', 52);

INSERT INTO `sector` (`id`,`name`, `province_id`) VALUES 
  (1, 'Aketi', 1),
  (2, 'Ango', 1),
  (3, 'Aru', 1),
  (4, 'Bafwasende', 1),
  (5, 'Bagata', 1),
  (6, 'Bagira', 1),
  (7, 'Bambesa', 1),
  (8, 'Banalia', 1),
  (9, 'Bandalungwa', 1),
  (11, 'Barumbu', 1),
  (12, 'Basankusu', 1),
  (13, 'Basoko', 1),
  (14, 'Befale', 1),
  (15, 'Beni', 1),
  (16, 'Bikoro', 1),
  (17, 'Bipemba', 1),
  (18, 'Boende', 1),
  (19, 'Bokungu', 1),
  (20, 'Bolobo', 1),
  (21, 'Bolomba', 1),
  (22, 'Bomongo', 1),
  (23, 'Bongandanga', 1),
  (24, 'Bondo', 1),
  (25, 'Boso-Bolo', 1),
  (26, 'Budjala', 1),
  (27, 'Bukama', 1),
  (28, 'Bukavu', 1),
  (29, 'Bulungu', 1),
  (30, 'Bumba', 1),
  (31, 'Bumbu', 1),
  (32, 'Businga', 1),
  (33, 'Buta', 1),
  (34, 'Dekese', 1),
  (35, 'Demba', 1),
  (36, 'Dibaya', 1),
  (37, 'Dibindi', 1),
  (38, 'Dilolo', 1),
  (39, 'Dimbelenge', 1),
  (40, 'Disasi', 1),
  (41, 'Diulu', 1),
  (42, 'Djolu', 1),
  (43, 'Djugu', 1),
  (44, 'Dungu', 1),
  (45, 'Feshi', 1),
  (46, 'Fizi', 1),
  (47, 'Gbadolite', 1),
  (48, 'Gemena', 1),
  (49, 'Goma', 1),
  (50, 'Gombe', 1),
  (51, 'Gungu', 1),
  (52, 'Ibanda', 1),
  (53, 'Idiofa', 1),
  (54, 'Idjwi', 1),
  (55, 'Ikela', 1),
  (56, 'Ilebo', 1),
  (57, 'Ingende', 1),
  (58, 'Inongo', 1),
  (59, 'Irumu', 1),
  (60, 'Isangi-Yanonge', 1),
  (61, 'Kabalo', 1),
  (62, 'Kabambare', 1),
  (63, 'Kabare', 1),
  (64, 'Kabeya-Kamwanga', 1),
  (65, 'Kabinda', 1),
  (66, 'Kabondo', 1),
  (67, 'Kabongo', 1),
  (68, 'Kadutu', 1),
  (69, 'Kahemba', 1),
  (70, 'Kalamu', 1),
  (71, 'Kalehe', 1),
  (72, 'Kalemie', 1),
  (73, 'Kamboye', 1),
  (74, 'Kamiji', 1),
  (75, 'Kamina', 1),
  (76, 'Kananga', 6),
  (77, 'Kaniama', 1),
  (78, 'Kanshi', 1),
  (79, 'Kasa-Vubu', 1),
  (80, 'Kasangulu', 1),
  (81, 'Kasenga', 1),
  (82, 'Kasongo', 1),
  (83, 'Kasongo Lunda', 1),
  (84, 'Katako-Kombe', 1),
  (85, 'Katanda', 1),
  (86, 'Katoka', 1),
  (87, 'Kazamba', 1),
  (88, 'Kazumba', 1),
  (89, 'Kenge', 1),
  (90, 'Kimbaseke', 1),
  (91, 'Kimvula', 1),
  (92, 'Kindu', 1),
  (93, 'Kindu.Kailo', 1),
  (94, 'Kinshasa', 1),
  (95, 'Kipushi', 1),
  (96, 'Kiri', 1),
  (97, 'Kisangani', 1),
  (98, 'Kisenso', 1),
  (99, 'Kitambo', 1),
  (100, 'Kole', 1),
  (101, 'Kongolo', 1),
  (102, 'Kungu', 1),
  (103, 'Kutu', 1),
  (104, 'Kwamouth', 1),
  (105, 'Lemba', 1),
  (106, 'Libao', 1),
  (107, 'Libenge', 1),
  (108, 'Likasi', 1),
  (109, 'Limete', 1),
  (110, 'Lingwala', 1),
  (111, 'Lisala', 1),
  (112, 'Lodja', 1),
  (113, 'Lomela', 1),
  (114, 'Lubefu', 1),
  (115, 'Lubero', 1),
  (116, 'Lubudi', 1),
  (117, 'Lubumbashi', 1),
  (118, 'Luebo', 1),
  (119, 'Luiza', 1),
  (120, 'Lukemi', 1),
  (121, 'Lukolela', 1),
  (122, 'Lukonga', 1),
  (123, 'Lukula', 1),
  (124, 'Luozi', 1),
  (125, 'Lupatapata', 1),
  (126, 'Lusambo', 1),
  (127, 'Madimba', 1),
  (128, 'Mahagi', 1),
  (129, 'Makala', 1),
  (130, 'Malemba-Nkulu', 1),
  (131, 'Maluku', 1),
  (132, 'Mambasa', 1),
  (133, 'Mankanza', 1),
  (134, 'Manono', 1),
  (135, 'Masi-Manimba', 1),
  (136, 'Masina', 1),
  (137, 'Masisi', 1),
  (138, 'Matadi', 1),
  (139, 'Matete', 1),
  (140, 'Mayoyo', 1),
  (141, 'Mbadaka', 1),
  (142, 'Mbanza-Ngungu', 1),
  (143, 'Miabi', 1),
  (144, 'Mitwaba', 1),
  (145, 'Moanda', 1),
  (146, 'Moba', 1),
  (147, 'Mobayi-Mbongo', 1),
  (148, 'Monkoto', 1),
  (149, 'Mont-Ngafula', 1),
  (150, 'Musadi', 1),
  (151, 'Mushie', 1),
  (152, 'Mutshatsha', 1),
  (153, 'Muya', 1),
  (154, 'Mvuzi', 1),
  (155, 'Mweka', 1),
  (156, 'Mwene-Ditu', 1),
  (157, 'Mwenga', 1),
  (158, 'Ndesha', 1),
  (159, 'Ndjili', 1),
  (160, 'Ngaba', 1),
  (161, 'Ngaliema', 1),
  (162, 'Ngandajika', 1),
  (163, 'Nganza', 1),
  (164, 'Ngiri-Ngiri', 1),
  (165, 'Niangara', 1),
  (166, 'Nsele', 1),
  (167, 'Nyunzu', 1),
  (168, 'Nzadi', 1),
  (169, 'Nzanza', 1),
  (170, 'Nzinda', 1),
  (171, 'Opala', 1),
  (172, 'Oshwe', 1),
  (173, 'Pangi', 1),
  (174, 'Poko', 1),
  (175, 'Popokabaka', 1),
  (176, 'Punia', 1),
  (177, 'Pweto', 1),
  (178, 'Rungu', 1),
  (179, 'Rutshuru', 1),
  (180, 'Sakania', 1),
  (181, 'Sandoa', 1),
  (182, 'Seke-Banza', 1),
  (183, 'Selembao', 1),
  (184, 'Shabunda', 1),
  (185, 'Songololo', 1),
  (186, 'Tshela', 1),
  (187, 'Tshikapa', 1),
  (188, 'Tshilenge', 1),
  (189, 'Ubundu', 1),
  (190, 'Uvira', 1),
  (191, 'Walikale', 1),
  (192, 'Walungu', 1),
  (193, 'Wamba', 1),
  (194, 'Wangata', 1),
  (195, 'Watsa', 1),
  (196, 'Yahuma', 1),
  (197, 'Yakoma', 1),
  (198, 'Yumbi', 1),
  (199, 'Zongo', 1);

INSERT INTO `village` (`id`, `name`, `sector_id`) VALUES
  (1, 'Vanga', 2),
  (2, 'Bulungu', 2),
  (3, 'Songo', 1),
  (4, 'Lusekele', 1),
  (5, 'Tshikaji', 76),
  (6, 'Kananga', 76);

-- configure enterprise

INSERT INTO `currency` (`id`, `name`, `symbol`, `separator`, `decimal`, `min_monentary_unit`) values
  (1,'Congolese Francs','Fc', '.', ',', 50),
	(2,'United States Dollars','$', ',', '.', 0.01);
             
INSERT INTO `enterprise` (`id`, `name`, `abbr`, `phone`, `email`, `location_id`, `logo`, `currency_id`) values 
  (200, 'Hopital Bon Berger', 'GSH', '0825924377', 'cmk@tshikaji.cd', 5, '/assets/logos/tsh.jpg', 2);

-- configure fiscal year/period

/*INSERT INTO `fiscal_year` (`enterprise_id`, `id`, `number_of_months`, `fiscal_year_txt`, `transaction_start_number`, `transaction_stop_number`, `fiscal_year_number`, `start_month`, `start_year`, `previous_fiscal_year`) values 
  (200, 1, 12, 'Tshikaji 2013', null, null, 1, 07, 2013, null);

INSERT INTO `period` (`id`, `fiscal_year_id`, `period_start`, `period_stop`, `locked`) values
	('1', '1', '2013-09-01', '2013-09-30', '0'),
	('2', '1', '2013-10-01', '2013-10-31', '0'),
	('3', '1', '2013-11-01', '2013-11-30', '0'),
	('4', '1', '2013-12-01', '2013-12-31', '0'),
	('5', '1', '2014-01-01', '2014-01-31', '0'),
	('6', '1', '2014-02-01', '2014-02-28', '0'),
	('7', '1', '2014-03-01', '2014-03-31', '0'),
	('8', '1', '2014-04-01', '2014-04-30', '0'),
	('9', '1', '2014-05-01', '2014-05-31', '0'),
	('10', '1', '2014-06-01', '2014-06-30', '0'),
	('11', '1', '2014-07-01', '2014-07-31', '0'),
	('12', '1', '2014-08-01', '2014-08-31', '0');*/

-- configure accounts
INSERT INTO `account_type` values
  (1,'income/expense'),
  (2,'balance'),
  (3,'title');

-- INSERT INTO `account_category` (`id`, `title`, `collection_id`) values 
--   (0, "Misc.", 1),
--   (1, 'Biens et Materiels', 2),
--   (2, 'Depenses de prestations', 2),
--   (3, 'Salaires', 2),
--   (4, 'Production Local', 3),
--   (5, 'Subvention', 3);

-- INSERT INTO `account_collection` (`id`, `leading_number`, `title`) values
--   (1, 4, 'Fournisseurs'),
--   (2, 6, 'Income/Debit Accounts'),
--   (3, 7, 'Expense/Credit Accounts');

/*INSERT INTO `account` (`id`, `fixed`,  `locked`, `enterprise_id`, `account_number`, `account_txt`, `account_type_id`, `account_category_id`) values 
  (0  , 1, 0, 200, 60111000, "Medicaments"                               , 1, 1),
  (1  , 1, 0, 200, 60111200, "Perfusion"                                 , 1, 1),
  (2  , 1, 0, 200, 60211000, "Achat sang"                                , 1, 1),
  (3  , 1, 0, 200, 61111000, "Cons. Fournitures Medicales"               , 1, 1),
  (4  , 1, 0, 200, 61111400, "Fournitures Optique"                       , 1, 1),
  (5  , 1, 0, 200, 61111129, "Repase Malades Fistuleuse"                 , 1, 1),
  (6  , 1, 0, 200, 61111144, "Cons Laboratoire"                          , 1, 1),
  (7  , 1, 0, 200, 61112180, "Produits Alimentaires GH"                  , 1, 1),
  (8  , 1, 0, 200, 61121700, "Cons. Rx"                                  , 1, 1),
  (9  , 1, 0, 200, 61311150, "Materiel et equipement admin"              , 1, 1),
  (10 , 1, 0, 200, 61311151, "Autres consommables admin"                 , 1, 1),
  (11 , 1, 0, 200, 61311152, "Fiches"                                    , 1, 1),
  (12 , 1, 0, 200, 61411000, "Carburant et lubrificant"                  , 1, 1),
  (13 , 1, 0, 200, 61401000, "gasoil"                                    , 1, 1),
  (14 , 1, 0, 200, 61431350, "LC ophtalmologie go"                       , 1, 1),
  (15 , 1, 0, 200, 51461350, "Mobility in Mission"                       , 1, 1),
  (16 , 1, 0, 200, 61111152, "vetements professionnels"                  , 1, 1),
  (17 , 1, 0, 200, 61601000, "fournitures de service"                    , 1, 1),
  (18 , 1, 0, 200, 61601010, "fournitures d'entretien"                   , 1, 1),
  (19 , 1, 0, 200, 61831350, "LC ophtalmologie /pces"                    , 1, 1),
  (20 , 1, 0, 200, 61861350, "mobility in mission/pces"                  , 1, 1),
  (21 , 1, 0, 200, 61871000, "pieces de rechange"                        , 1, 1),
  (22 , 1, 0, 200, 61900100, "autres fournitures"                        , 1, 1),
  (23 , 1, 0, 200, 61901000, "petit materiel"                            , 1, 1),
  (24 , 1, 0, 200, 61421110, "Bois et braises"                           , 1, 2),
  (25 , 1, 0, 200, 61561000, "eau"                                       , 1, 2),
  (26 , 1, 0, 200, 61561100, "electricite"                               , 1, 2),
  (27 , 1, 0, 200, 62101000, "transport du personnel"                    , 1, 2),
  (28 , 1, 0, 200, 62111129, "transport malades fistuleuses"             , 1, 2),
  (29 , 1, 0, 200, 62301000, "deplacement et voyages"                    , 1, 2),
  (30 , 1, 0, 200, 62801000, "autres fraise de transport"                , 1, 2),
  (31 , 1, 0, 200, 63121000, "entretienm terrain"                        , 1, 2),
  (32 , 1, 0, 200, 63151000, "entretien mat. de transport"               , 1, 2),
  (33 , 1, 0, 200, 63161000, "entretien machines & autres EQ"            , 1, 2),
  (34 , 1, 0, 200, 63161350, "entretien lc mobility"                     , 1, 2),
  (35 , 1, 0, 200, 63201010, "honoraires avocat"                         , 1, 2),
  (36 , 1, 0, 200, 63201030, "honoraires auditeurs"                      , 1, 2),
  (37 , 1, 0, 200, 63211100, "consultants externes"                      , 1, 2),
  (38 , 1, 0, 200, 63211129, "honoraires s/operations fistu"             , 1, 2),
  (39 , 1, 0, 200, 63301000, "frais bancaires"                           , 1, 2),
  (40 , 1, 0, 200, 63311000, "frais postes et communications"            , 1, 2),
  (41 , 1, 0, 200, 63321600, "dr sabua scholarship"                      , 1, 2),
  (42 , 1, 0, 200, 63331122, "mbf women development"                     , 1, 2),
  (43 , 1, 0, 200, 63331350, "entretien imck lc"                         , 1, 2),
  (44 , 1, 0, 200, 63331540, "hydro entretien"                           , 1, 2),
  (45 , 1, 0, 200, 63341000, "frs formation du personnel"                , 1, 2),
  (46 , 1, 0, 200, 63351000, "autres services exterieurs"                , 1, 2),
  (47 , 1, 0, 200, 63411000, "loyers & charges locatives"                , 1, 2),
  (48 , 1, 0, 200, 63601000, "annonces et publicite"                     , 1, 2),
  (49 , 1, 0, 200, 64071000, "assurance vehicules"                       , 1, 2),
  (50 , 1, 0, 200, 64511000, "assistance au personnel"                   , 1, 2),
  (51 , 1, 0, 200, 64511100, "supplement bourses residents"              , 1, 2),
  (52 , 1, 0, 200, 64521000, "dons & cotisations"                        , 1, 2),
  (53 , 1, 0, 200, 64521120, "representation a l'epn"                    , 1, 2),
  (54 , 1, 0, 200, 64601000, "differences de change"                     , 1, 2),
  (55 , 1, 0, 200, 64701000, "soins gratuites (charite)"                 , 1, 2),
  (56 , 1, 0, 200, 64701100, "soins gratuits cpc/cmco"                   , 1, 2),
  (57 , 1, 0, 200, 64711000, "maladies decedes"                          , 1, 2),
  (58 , 1, 0, 200, 64751100, "soins gratuits eleves"                     , 1, 2),
  (59 , 1, 0, 200, 64801000, "frs judiciaires"                           , 1, 2),
  (60 , 1, 0, 200, 64901000, "conseil d'administration et autres"        , 1, 2),
  (61 , 1, 0, 200, 64921000, "comite des finances"                       , 1, 2),
  (62 , 1, 0, 200, 64951000, "documentation"                             , 1, 2),
  (63 , 1, 0, 200, 64961000, "autres charges & pertes diverses"          , 1, 2),
  (64 , 1, 0, 200, 64971000, "aumonerie"                                 , 1, 2),
  (65 , 1, 0, 200, 66141000, "amendes et penalites fscales"              , 1, 2),
  (66 , 1, 0, 200, 66201000, "controle technique"                        , 1, 2),
  (67 , 1, 0, 200, 66301000, "taxes diverses"                            , 1, 2),
  (68 , 1, 0, 200, 65111000, "salaires bruts et primes"                  , 1, 3),
  (69 , 1, 0, 200, 65111129, "prime s/operations fistules"               , 1, 3),
  (70 , 1, 0, 200, 65141000, "allocation familiales legales"             , 1, 3),
  (71 , 1, 0, 200, 65211000, "charge sociales diverses inss"             , 1, 3),
  (72 , 1, 0, 200, 65221000, "decleration i.n.p.p"                       , 1, 3),
  (73 , 1, 0, 200, 65301000, "indeminites diverses"                      , 1, 3),
  (74 , 1, 0, 200, 65321000, "frs pharmaceutiqeus cash travail"          , 1, 3),
  (75 , 1, 0, 200, 65321100, "frais funeraires"                          , 1, 3),
  (76 , 1, 0, 200, 65321200, "soins medicaux en nature"                  , 1, 3),
  (77 , 1, 0, 200, 65331000, "indemnites de transport"                   , 1, 3),
  (78 , 1, 0, 200, 65341000, "indeminites de logement"                   , 1, 3),
  (79 , 1, 0, 200, 65351000, "indeminites de fin de carriere"            , 1, 3),
  (80 , 1, 0, 200, 70011000, "ventes medicaments"                        , 1, 4),
  (81 , 1, 0, 200, 70011200, "perfusion"                                 , 1, 4),
  (82 , 1, 0, 200, 70031400, "ventes lunettes"                           , 1, 4),
  (83 , 1, 0, 200, 70211000, "fiches"                                    , 1, 4),
  (84 , 1, 0, 200, 70471100, "carents de demande de consulta"            , 1, 4),
  (85 , 1, 0, 200, 71011004, "certificats et autres frais ad"            , 1, 4),
  (86 , 1, 0, 200, 71011005, "consultation"                              , 1, 4), -- [ORIGINAL NUMBER - 71011100]
  (87 , 1, 0, 200, 71011031, "platres"                                   , 1, 4),
  (88 , 1, 0, 200, 71011100, "actes chirurgicaux"                        , 1, 4),
  (89 , 1, 0, 200, 71011200, "soins specifiques"                         , 1, 4),
  (90 , 1, 0, 200, 71011300, "soins medicaux"                            , 1, 4),
  (91 , 1, 0, 200, 71011600, "examens labo"                              , 1, 4),
  (92 , 1, 0, 200, 71011700, "readiographies"                            , 1, 4),
  (93 , 1, 0, 200, 71011800, "accouchement"                              , 1, 4),
  (94 , 1, 0, 200, 71014100, "rapport medical"                           , 1, 4),
  (95 , 1, 0, 200, 71015000, "fournitures nursing"                       , 1, 4),
  (96 , 1, 0, 200, 71019000, "echo obstertrique"                         , 1, 4),
  (97 , 1, 0, 200, 71019000, "autres echo"                               , 1, 4),
  (98 , 1, 0, 200, 71051000, "bequilles et platres"                      , 1, 4),
  (99 , 1, 0, 200, 71101100, "urgences"                                  , 1, 4),
  (100, 1, 0, 200, 71161000, "recettes administratives"                  , 1, 4),
  (101, 1, 0, 200, 71161100, "jours lit"                                 , 1, 4),
  (102, 1, 0, 200, 74031000, "loyer - tshitudilu"                        , 1, 4),
  (103, 1, 0, 200, 74611000, "produit de change"                         , 1, 4),
  (104, 1, 0, 200, 74611100, "prod. et prof. div. he/gh"                 , 1, 4),
  (105, 1, 0, 200, 74611350, "prod. et prof. div. /c.e."                 , 1, 4),
  (106, 1, 0, 200, 74611300, "produits frs recherches"                   , 1, 4),
  (107, 1, 0, 200, 74611400, "produits frs de stage"                     , 1, 4),
  (108, 1, 0, 200, 74611450, "produits frs perfectionnement"             , 1, 4),
  (109, 1, 0, 200, 74611500, "produits morgue"                           , 1, 4),
  (110, 1, 0, 200, 74621000, "produits divers"                           , 1, 4),
  (111, 1, 0, 200, 76301000, "subvention d'exploitation mbf"             , 1, 5),
  (112, 1, 0, 200, 76201000, "subvention d'exploitation pcusa"           , 1, 5),
  (113, 1, 0, 200, 76401000, "subvention d'exploitation cbm"             , 1, 5),
  (114, 1, 0, 200, 76101000, "subvention d'exploitation"                 , 1, 5),
  (115, 1, 0, 200, 76100129, "eco fistula project"                       , 1, 5),
  (116, 1, 0, 200, 76111130, "eco cervical cancer"                       , 1, 5),
  (117, 1, 0, 200, 76221450, "eco charity funds"                         , 1, 5),
  (118, 1, 0, 200, 76221126, "eco tshikaji health center"                , 1, 5),
  (119, 1, 0, 200, 76501000, "subvention de l'etat (assp)"               , 1, 5),
  (120, 1, 0, 200, 76601000, "subentions fondation amis de l'imck"       , 1, 5),
  (121, 1, 0, 200, 76111270, "dr sabua scholarship"                      , 1, 5),
  (122, 1, 0, 200, 76121490, "bourse kajibdi/ voyage retour"             , 1, 5),
  (123, 1, 0, 200, 76121600, "dons divers en nature (usa+ amis)"         , 1, 5),
  (124, 1, 0, 200, 76151000, "eco 320802 mibility in mission"            , 1, 5),
  (125, 1, 0, 200, 76121510, "eco general non designe"                   , 1, 5),
  (126, 1, 0, 200, 76111127, "orphan scholarship educat"                 , 1, 5),
  (127, 1, 0, 200, 76221128, "eco healthy mother healthy children (HMHC)", 1, 5),
  (128, 1, 0, 200, 76261121, "eco moringa"                               , 1, 5),
  (129, 1, 0, 200, 76701000, "sub mppc"                                  , 1, 5),
  (130, 1, 0, 200, 76801000, "subvention row"                            , 1, 5),
  (131, 1, 0, 200, 76151000, "fonds epn"                                 , 1, 5),
  (132, 1, 0, 200, 41000000, "caisse"                                    , 1, 0); -- FIXME: This is temporary!*/

INSERT INTO `account` (`fixed`, `locked`, `enterprise_id`, `account_number`, `account_txt`, `account_type_id`, `parent`) values
(0, 0, 200,10,"COMPTES DES FONDS PROPRES ET EMPRUNTS A PLUS D'UN AN",3,0),
(0, 0, 200,10011000,"CAPITAL PROPRE",2,10),
(0, 0, 200,12001000,"BENEFICE REPORTE",2,0),
(0, 0, 200,13001000,"RESULTAT NET DE L'EXERCICE",2,0),
(0, 0, 200,14001000,"PLUS-VALUE DE REEVALUATION",2,0),
(0, 0, 200,15,"SUBVENTIONS D'EQUIPEMENT",3,0),
(0, 0, 200,1533,"MBF SUBVENTIONS D'EQUIPEMENT",3,15),
(0, 0, 200,15330101,"HYDROELECTRIC SYSTEME ATTSHIK",2,1533),
(0, 0, 200,15330102,"BICYCLES",2,1533),
(0, 0, 200,15330103,"MBF MAINT/EQUIPEMENT",2,1533),
(0, 0, 200,15330104,"RENOVATION OF THE HYDROELECTRIC",2,1533),
(0, 0, 200,15330105,"WASHING MACHINE AND LANDING",2,1533),
(0, 0, 200,15330106,"MBF ULTRASOND MACHINE",2,1533),
(0, 0, 200,15330107,"VEHICULE FOR THE IMCK",2,1533),
(0, 0, 200,15330108,"MBF FOR BED",2,1533),
(0, 0, 200,15330109,"MFR SPECTROPHOTOMETRE",2,1533),
(0, 0, 200,15330110,"SUBVENTIONS D'EQUIPEMENT CSBB",2,1533),
(0, 0, 200,15330111,"SUBVENTIONS D'EQUIPEMENT PLCK",2,1533),
(0, 0, 200,1532,"PCUSA SUBVENTIONS D'EQUIPEMENT",3,15),
(0, 0, 200,15320100,"SUBVENTIONS D'EQUIPEMENT HBB",2,1532),
(0, 0, 200,15320101,"SUBVENTIONS D'EQUIPEMENT OPHTALMOLOGIE",2,1532),
(0, 0, 200,1534,"SUBVENTIONS D'EQUIPEMENT ETAT",3,15),
(0, 0, 200,15340100,"SUBVENTIONS D'EQUIPEMENT MORQUE",2,1534),
(0, 0, 200,18001000,"PROVISIONS POUR LITIGES",2,0),
(0, 0, 200,2,"COMPTES DES VALEURS IMMOBILISEES",3,0),
(0, 0, 200,21,"IMMOBILISATIONS CORPORELLES",3,2),
(0, 0, 200,21001000,"TERRAIN",2,21),
(0, 0, 200,22,"AUTRES IMMOBILISATIONS CORPORELLES",3,2),
(0, 0, 200,221,"IMMEUBLES NON RESIDENTIELS",3,22),
(0, 0, 200,22101000,"MORQUE",2,221),
(0, 0, 200,22101001,"BATIMENT CME (25 ANS)",2,221),
(0, 0, 200,22101002,"HOSPICE TSHITUDILU (25 ANS)",2,221),
(0, 0, 200,22101003,"DORTOIR CME (25 ANS)",2,221),
(0, 0, 200,22101004,"BATIMENT HOPITAL (25 ANS)",2,221),
(0, 0, 200,22101005,"BUREAU ECOLE",2,221),
(0, 0, 200,22101006,"DEPOT CHANTIER",2,221),
(0, 0, 200,22101010,"E.P. BON BERGER LATRINE ET BATIMENT",2,221),
(0, 0, 200,222,"IMMEUBLES RESIDENTIELS",3,22),
(0, 0, 200,22201000,"LOGEMENT DU PERSONNEL",2,222),
(0, 0, 200,22201001,"MAISONS MEDECINS RESIDENTS",2,222),
(0, 0, 200,223,"MATERIELS ET MOBILIERS",3,22),
(0, 0, 200,2231,"MATERIELS DE TRANSPORT",3,223),
(0, 0, 200,22310101,"VEHICULES",2,2231),
(0, 0, 200,22310102,"BICYCLES",2,2231),
(0, 0, 200,22310103,"MOTOCYCLES",2,2231),
(0, 0, 200,2232,"MOBILIERS",3,223),
(0, 0, 200,22320100,"MOBILIERS HABITATIONS PERSONNEL",2,2232),
(0, 0, 200,22320101,"MOBILIERS OPHTALMOLOGIE",2,2232),
(0, 0, 200,22320102,"MOBILIERS PAX",2,2232),
(0, 0, 200,22320103,"MOBILIERS CME",2,2232),
(0, 0, 200,22320104,"MOBILIERS HOPITAL",2,2232),
(0, 0, 200,22320105,"MOBILIERS ITM",2,2232),
(0, 0, 200,22320106,"MOBILIERS DENTAIRES",2,2232),
(0, 0, 200,22320107,"MOBILIERS GUEST HOUSE",2,2232),
(0, 0, 200,2233,"MATERIELS ET EQUIPEMENTS",3,223),
(0, 0, 200,22330101,"MATERIELS ET EQUIPEMENTS OPHTA",2,2233),
(0, 0, 200,22330102,"MATERIELS ET EQUIPEMENTS  HOPITAL",2,2233),
(0, 0, 200,22330103,"MATERIELS ET EQUIPEMENTS PAX",2,2233),
(0, 0, 200,22330104,"MATERIELS ET EQUIPEMENTS CENTRE MEDICAL D'ETUDES",2,2233),
(0, 0, 200,22330105,"MATERIELS ET EQUIPEMENT ITM",2,2233),
(0, 0, 200,22330106,"MATERIELS ET EQUIPEMENTS DENTAIRES",2,2233),
(0, 0, 200,22330107,"MATERIELS ET EQUIPEMENTS GH",2,2233),
(0, 0, 200,22330108,"MATERIELS ET EQUIPEMENTS ISTM",2,2233),
(0, 0, 200,224,"AUTRES IMMOBILISATIONS",3,22),
(0, 0, 200,22401000,"SYSTEME SOLAIRE",2,224),
(0, 0, 200,225,"MACHINES ET AUTRES BIENS D'EQUIPEMENT",3,22),
(0, 0, 200,22501000,"GROUPE ELECTROGENE PAX",2,225),
(0, 0, 200,22501001,"GROUPE ELECTROGENE PAX 2",2,225),
(0, 0, 200,22501002,"GROUPE ELECTROGENE HBB",2,225),
(0, 0, 200,226,"MATERIELS HYDRO",3,22),
(0, 0, 200,22601000,"BARRAGE ET AUTRES",2,226),
(0, 0, 200,227,"MATERIELS E-MAIL",3,22),
(0, 0, 200,22701000,"E-MAIL ET ACCESSOIRES",2,227),
(0, 0, 200,23,"IMMOBILISATIONS CORPORELLES ENCOURS",3,2),
(0, 0, 200,231,"IMMEUBLES NON RESIDENTIELS ENCOURS",3,23),
(0, 0, 200,23101003,"CONSTRUCTION REFECTOIRE CME",2,231),
(0, 0, 200,232,"IMMEUBLES  RESIDENTIELS ENCOURS",3,23),
(0, 0, 200,23201000,"CONSTRUCTION MAISONS DU PERSONNEL",2,232),
(0, 0, 200,28,"AMORTISSEMENTS ET PROVISIONS",3,2),
(0, 0, 200,281,"AMORTISSEMENTS",3,28),
(0, 0, 200,28101000,"AMORTISSEMENT BATIMENTS",2,281),
(0, 0, 200,28101001,"AMORTISSEMENTS EQUIPEMENTS",2,281),
(0, 0, 200,28101002,"AMORTISSEMENTS MATERIELS",2,281),
(0, 0, 200,28101003,"AMORTISSEMENTS MOBILIERS",2,281),
(0, 0, 200,282,"PROVISIONS",3,28),
(0, 0, 200,28210100,"PROVISIONS POUR DEPRECIATION TERRAIN",2,282),
(0, 0, 200,28201001,"PROVISIONS POUR DEPRECIATION DES AUTRES IMMOBILISATIONS CORPORELLES",2,282),
(0, 0, 200,29001000,"IMMOBILISATIONS A REGULARISER",2,2),
(0, 0, 200,3,"COMPTES DES STOCKS",3,0),
(0, 0, 200,3001,"STOCKS  MEDICAMENTS",3,3),
(0, 0, 200,30011100,"Antidote",2,3001),
(0, 0, 200,30011101,"Tension artérielle",2,3001),
(0, 0, 200,30011102,"Diurétiques",2,3001),
(0, 0, 200,30011103,"Système cardiovasculaire",2,3001),
(0, 0, 200,30011104,"Médicaments hématologiques",2,3001),
(0, 0, 200,30011105,"Maladies métaboliques",2,3001),
(0, 0, 200,30011106,"Système gastro-intestinal",2,3001),
(0, 0, 200,30011107,"Spasmolytiques",2,3001),
(0, 0, 200,30011108,"Médicaments pour le foie la vésicule et le pancréas",2,3001),
(0, 0, 200,30011109,"antiémetiques laxatifs et anti diarrhéiques",2,3001),
(0, 0, 200,30011110,"système uro-génital",2,3001),
(0, 0, 200,30011111,"système respiratoire",2,3001),
(0, 0, 200,30011112,"Analgésiques  - Antipyrétiques -Ains",2,3001),
(0, 0, 200,30011113,"Analgésiques morphiniques et  stupefiants (nt) (pt)",2,3001),
(0, 0, 200,30011114,"Psychotropes hypnotiques sédatifs anxiolytiques",2,3001),
(0, 0, 200,30011115,"antiépileptiques et anticoparilsivants",2,3001),
(0, 0, 200,30011116,"antiallergiques",2,3001),
(0, 0, 200,30011117,"Glucocorticoides",2,3001),
(0, 0, 200,30011118,"Médicaments de la Thyroïde",2,3001),
(0, 0, 200,30011119,"Hormones sexuelles et contraceptions",2,3001),
(0, 0, 200,30011120,"Médicaments du diabète",2,3001),
(0, 0, 200,30011121,"Médicaments anti-malaria",2,3001),
(0, 0, 200,30011122,"Antibiotiques beta-lactames",2,3001),
(0, 0, 200,30011123,"Antibiotiques non beta-lactames",2,3001),
(0, 0, 200,30011124,"Antituberculeux-antilepreux",2,3001),
(0, 0, 200,30011125,"Médicaments antimycosiques",2,3001),
(0, 0, 200,30011126,"Médicaments antihelminthiques tilaires",2,3001),
(0, 0, 200,30011127,"Médicaments antiviraux",2,3001),
(0, 0, 200,30011128,"Vaccins immunoglobulines et sérums",2,3001),
(0, 0, 200,30011129,"Médicaments antitumoraux et immunodépresseurs",2,3001),
(0, 0, 200,30011130,"Minéraux vitamines et toniques",2,3001),
(0, 0, 200,30011131,"Médicaments à usage dermatologique",2,3001),
(0, 0, 200,30011132,"Médicaments à usage ophtalmique",2,3001),
(0, 0, 200,30011133,"Médicaments à usage otique",2,3001),
(0, 0, 200,30011134,"Médicaments des affections bucco-pharyngées",2,3001),
(0, 0, 200,30011135,"Médicaments des affections vulvo-vaginales",2,3001),
(0, 0, 200,30011136,"Anesthésiques locaux",2,3001),
(0, 0, 200,30011137,"Anesthésiques généraux et médicaments préopératoires",2,3001),
(0, 0, 200,30011138,"Médicaments agissant sur la musculature utérine",2,3001),
(0, 0, 200,30011139,"fluides IV et substituts du plasma",2,3001),
(0, 0, 200,30011140,"tests diagnostiques et bandelettes diagnostiques",2,3001),
(0, 0, 200,30011159,"Consommables d'urologie",2,3001),
(0, 0, 200,30011170,"Matériel de Soins",2,3001),
(0, 0, 200,30011171,"Consommables des soins",2,3001),
(0, 0, 200,30011172,"Gants",2,3001),
(0, 0, 200,30011174,"consommables de suture",2,3001),
(0, 0, 200,30011175,"Séringues aiguilles catheters et set",2,3001),
(0, 0, 200,30011176,"Tubes endotracheaux aspiration alimentations et drains thoraciques",2,3001),
(0, 0, 200,30011180,"Matériel et équipement de diagnostic",2,3001),
(0, 0, 200,30011181,"Matériel de Traitement et de Procedures operatoires",2,3001),
(0, 0, 200,30011184,"Kits",2,3001),
(0, 0, 200,30011185,"Matériel de Pharmacie",2,3001),
(0, 0, 200,30011186,"Consommables de Pharmacie",2,3001),
(0, 0, 200,30011187,"Matériel d'Anesthésie et de Réanimation",2,3001),
(0, 0, 200,30011188,"Materiel de Traumatologie",2,3001),
(0, 0, 200,30011189,"Consommables de Traumatologie",2,3001),
(0, 0, 200,31,"Matières et Fournitures Consommées",3,3),
(0, 0, 200,311,"CONSOMMATIONS FOURNITURES MEDICALES",3,31),
(0, 0, 200,31111136,"Anesthésiques locaux",2,311),
(0, 0, 200,31111137,"Anesthésiques généraux et médicaments préopératoires",2,311),
(0, 0, 200,31111141,"TESTS DIAGNOSTIQUES ET BANDELETTES DIAGNOSTIQUES",2,311),
(0, 0, 200,31111142,"MATERIEL ET EQUIPEMENT DE LABORATOIRE",2,311),
(0, 0, 200,31111143,"Réactifs de laboratoire",2,311),
(0, 0, 200,31111144,"Consommable de laboratoire",2,311),
(0, 0, 200,31111145,"Bactériologie : Coloration",2,311),
(0, 0, 200,31111146,"Chaine de froid",2,311),
(0, 0, 200,31111147,"Matériel et équipement de Microscope",2,311),
(0, 0, 200,31111148,"Consommables de microscopie",2,311),
(0, 0, 200,31111149,"Bactériologie : milieux de culture",2,311),
(0, 0, 200,31111152,"Vetements professionnels",2,311),
(0, 0, 200,31111158,"Matériel et équipement d'urologie",2,311),
(0, 0, 200,31111160,"Matériel et équipement de stérilisation",2,311),
(0, 0, 200,31111161,"Consommables de stérilisation",2,311),
(0, 0, 200,31111165,"Matériels et équipement d'imagerie médicale et ECG",2,311),
(0, 0, 200,31111166,"Consommables d'imagerie médicale et ECG Service",2,311),
(0, 0, 200,31111170,"Matériel et équipement de soins",2,311),
(0, 0, 200,31111173,"Gants non stériles",2,311),
(0, 0, 200,31111180,"Matériels et équipement généraux de diagnostic",2,311),
(0, 0, 200,31111181,"Matériel et équipement de traitement et de procédures opératoires",2,311),
(0, 0, 200,31111183,"Désinfectants antiseptiques et purification de l'eau",2,311),
(0, 0, 200,31111184,"Kits",2,311),
(0, 0, 200,31111185,"Matériel et équipement de pharmacie",2,311),
(0, 0, 200,31111186,"Consommables de Pharmacie",2,311),
(0, 0, 200,31111187,"Matériel et équipement d'anesthésie et de réanimation",2,311),
(0, 0, 200,31111188,"Matériel et équipement de traumatologie",2,311),
(0, 0, 200,31311150,"Matériel et équipement administratif",2,31),
(0, 0, 200,31311151,"Consommables administratifs",2,31),
(0, 0, 200,31601182,"Consommables et matériel d'entretien  hospitalier",2,31),
(0, 0, 200,32011000,"Emballages commerciaux",2,3),
(0, 0, 200,34011100,"Produits ophtalmologie (production locale)",2,3),
(0, 0, 200,34011200,"Perfusions",2,3),
(0, 0, 200,36011100,"Stocks à l'extérieur",2,3),
(0, 0, 200,38011100,"Provisions pour dépréciation des stocks",2,3),
(0, 0, 200,4,"COMPTES DE TIERS ET A REGULARISER",3,0),
(0, 0, 200,40,"FOURNISSEURS",3,4),
(0, 0, 200,40001160,"SNEL",2,40),
(0, 0, 200,40001170,"AUTRES FOURNISSEURS",2,40),
(0, 0, 200,40001180,"REGIDESO",2,40),
(0, 0, 200,40001210,"IMPROKA",2,40),
(0, 0, 200,40001250,"BTR ET CLTD BIAYA ROBERT",2,40),
(0, 0, 200,40001260,"ROFFE PHARMA",2,40),
(0, 0, 200,40001270,"CADIMEK",2,40),
(0, 0, 200,40001280,"TAKAS",2,40),
(0, 0, 200,40001290,"COALEX MEDICAL KIN",2,40),
(0, 0, 200,40002160,"BADY PHARMACIE",2,40),
(0, 0, 200,40001240,"CADMEKO/MBM",2,40),
(0, 0, 200,41,"CLIENTS",3,4),
(0, 0, 200,41001130,"ASS. PROV. KASAI OCCIDENTAL",2,41),
(0, 0, 200,41001180,"BANQUE DU CONGO",2,41),
(0, 0, 200,41001520,"GOUVERNORAT",2,41),
(0, 0, 200,41001590,"HOTEL DE VILLE",2,41),
(0, 0, 200,41001770,"MAISON PROVINCIALE",2,41),
(0, 0, 200,41001970,"MISS. CATH NTAMBUE",2,41),
(0, 0, 200,41011010,"ONPTZ",2,41),
(0, 0, 200,41011020,"OCC",2,41),
(0, 0, 200,41011040,"OFF. DES ROUTES UAR",2,41),
(0, 0, 200,41011060,"OFIDA",2,41),
(0, 0, 200,41011260,"SNEL",2,41),
(0, 0, 200,41011460,"SONAS",2,41),
(0, 0, 200,41011560,"SEP CONGO",2,41),
(0, 0, 200,41011630,"DIR. DES CONTRIBUTIONS",2,41),
(0, 0, 200,41011640,"MISS. CATH TSHIKULA",2,41),
(0, 0, 200,41011680,"UNICEF",2,41),
(0, 0, 200,41011730,"HEWA BORA AIRWAYS (HBA)",2,41),
(0, 0, 200,41011750,"FORCES ARMEES CONGOLAISES",2,41),
(0, 0, 200,41011760,"MISSION GREC ORTHODOXE",2,41),
(0, 0, 200,41011770,"IRC",2,41),
(0, 0, 200,41011870,"CISP",2,41),
(0, 0, 200,41011880,"GTM KANANGA",2,41),
(0, 0, 200,41011890,"BANQUE CONGOLAISE SPRL",2,41),
(0, 0, 200,41011910,"FASS",2,41),
(0, 0, 200,41011920,"MEDECINS DU MONDE-Belgique",2,41),
(0, 0, 200,41011930,"PAIDECO (CTB)",2,41),
(0, 0, 200,41011940,"ETS JEAN ASSAKA",2,41),
(0, 0, 200,41011950,"PNMLS",2,41),
(0, 0, 200,41201020,"CPCO TRESORERIE GENERALE",2,41),
(0, 0, 200,41201060,"CMCO MENNONITE",2,41),
(0, 0, 200,41201070,"COORDIN. PROTESTANTE",2,41),
(0, 0, 200,41201090,"UPRECO",2,41),
(0, 0, 200,41201120,"HOPITAL BULAPE",2,41),
(0, 0, 200,41201145,"PAROISSE BIKUKU",2,41),
(0, 0, 200,41201150,"HOPITAL MUTOTO",2,41),
(0, 0, 200,41201160,"IMPROKA",2,41),
(0, 0, 200,41201180,"JUKAYI",2,41),
(0, 0, 200,41201200,"CPZA KATOKA SUD",2,41),
(0, 0, 200,41201240,"PAROISSE NDESHA",2,41),
(0, 0, 200,41201250,"PAROISSE OEUCUMENIQUE",2,41),
(0, 0, 200,41201350,"DENTAL CLINIC",2,41),
(0, 0, 200,41201360,"SOCIETE BIBLIQUE",2,41),
(0, 0, 200,41201410,"31ème CPC/SEC. GENERAL",2,41),
(0, 0, 200,41201420,"CENTRE MPOKOLO WA MOYO",2,41),
(0, 0, 200,41201440,"ONG BUTOKE",2,41),
(0, 0, 200,41201450,"PAROISSE BIKUKU",2,41),
(0, 0, 200,41201460,"MONUC",2,41),
(0, 0, 200,41201470,"OMS",2,41),
(0, 0, 200,41201490,"HOPITAL LUEBO",2,41),
(0, 0, 200,41201510,"DGRAD",2,41),
(0, 0, 200,41211460,"CPC LUNGANDU",2,41),
(0, 0, 200,41301000,"CAUTIONS RECUES",2,41),
(0, 0, 200,41331000,"CAUTIONS SALLE D'URGENCE PAX",2,41),
(0, 0, 200,41314000,"CAUTIONS RECUES OPHTA",2,41),
(0, 0, 200,41331500,"CAUTIONS HOSP PAX",2,41),
(0, 0, 200,41701000,"IMPAYES",2,41),
(0, 0, 200,41711000,"IMPAYES OPHTA",2,41),
(0, 0, 200,41771100,"CLIENTS DOUTEUX",2,41),
(0, 0, 200,42,"PERSONNEL",3,4),
(0, 0, 200,42111040,"DR FLETCHER",2,42),
(0, 0, 200,42121020,"DR MULAJA",2,42),
(0, 0, 200,42121170,"DR ROGER KAPEMBU",2,42),
(0, 0, 200,42131050,"MUKENDI BALUIDI",2,42),
(0, 0, 200,42131100,"MPOYI LUMPUNGU",2,42),
(0, 0, 200,42131130,"KAPINGA BAKATUSEKA",2,42),
(0, 0, 200,42131140,"BAJIKILE KASONGA",2,42),
(0, 0, 200,42131150,"TSHIABA KALUBI",2,42),
(0, 0, 200,42131160,"KAMANGUDU NDONDA",2,42),
(0, 0, 200,42131180,"KATUJUDI NKUNA (H)",2,42),
(0, 0, 200,42131190,"KAZADI MUKENGE",2,42),
(0, 0, 200,42131200,"GIBENDE AMBONGE",2,42),
(0, 0, 200,42131210,"KWETE SHAMBA",2,42),
(0, 0, 200,42131220,"TSHISANGA NDEMBA",2,42),
(0, 0, 200,42131230,"LUPANTSHIA PALELE",2,42),
(0, 0, 200,42131250,"BUABUA KAYEMBE",2,42),
(0, 0, 200,42131260,"NGALAMULUME LUKENGU",2,42),
(0, 0, 200,42131280,"TSHITALA BADINENGANYI",2,42),
(0, 0, 200,42131300,"TSHIBOLA TSHIBUABUA",2,42),
(0, 0, 200,42131310,"BENABIABO NTOLEKELA",2,42),
(0, 0, 200,42131330,"MUAKUYA MALU",2,42),
(0, 0, 200,42131340,"NGALULA BATUBENGA",2,42),
(0, 0, 200,42131370,"BENGESHA NGINDU",2,42),
(0, 0, 200,42131380,"NKASHAMA MUYEMBI",2,42),
(0, 0, 200,42131470,"KABEDI NKONKO",2,42),
(0, 0, 200,42131520,"NTUMBA BAKAJIKA",2,42),
(0, 0, 200,42131540,"NGALAMULUME NTUMBA",2,42),
(0, 0, 200,42131610,"KATENDE BITSHIDIBIBI",2,42),
(0, 0, 200,42131620,"MULUMBA KAYEMBE",2,42),
(0, 0, 200,42131660,"KALUINA JIBIKILAYI",2,42),
(0, 0, 200,42131670,"MBUYI MUNTUABO",2,42),
(0, 0, 200,42131710,"KADIATA MUDIBANGANYI",2,42),
(0, 0, 200,42131730,"KATOMBE MUBIKAYI",2,42),
(0, 0, 200,42131770,"BANANGA",2,42),
(0, 0, 200,42131780,"MULAMA NTUMBA",2,42),
(0, 0, 200,42131790,"KATUAMBI BIPENDU",2,42),
(0, 0, 200,42131830,"KALONGA MUKENDI",2,42),
(0, 0, 200,42131860,"KATUJUDI SIMONE",2,42),
(0, 0, 200,42131890,"SEKUNDO NASSOZA",2,42),
(0, 0, 200,42131910,"TUINDILE KATAMBUE",2,42),
(0, 0, 200,42131950,"BIMINE DIBELAYI",2,42),
(0, 0, 200,42131990,"NTEFU KABEMBA",2,42),
(0, 0, 200,42141020,"MUBIAYI BUABUA",2,42),
(0, 0, 200,42141080,"TUSEKU MUYAYA",2,42),
(0, 0, 200,42141100,"KENABUILA",2,42),
(0, 0, 200,42141140,"BABADI KABAMBI",2,42),
(0, 0, 200,42141150,"BAMBI MUKENGE",2,42),
(0, 0, 200,42141210,"NDAYE KATEBA",2,42),
(0, 0, 200,42141240,"KANKONDE TSHIMANGA",2,42),
(0, 0, 200,42141270,"KANKU SHABANTU",2,42),
(0, 0, 200,42141290,"BAKADISULA MPINDA",2,42),
(0, 0, 200,42141300,"TSHIONDO MAMBA",2,42),
(0, 0, 200,42141350,"NZEBA KALELA",2,42),
(0, 0, 200,42141420,"NTUMBA MUNTU",2,42),
(0, 0, 200,42141440,"NTUMBA SOKOMBE",2,42),
(0, 0, 200,42141460,"BASUNGILA MUAMBA",2,42),
(0, 0, 200,42141540,"BEYA BEYA",2,42),
(0, 0, 200,42141560,"KABIBU BIMVULU",2,42),
(0, 0, 200,42141590,"MUANZA MUKENDI",2,42),
(0, 0, 200,42141600,"TSHIAMBA KABONGO",2,42),
(0, 0, 200,42141610,"MILOLO KAYEMBE",2,42),
(0, 0, 200,42141650,"KABILA MUAMBA",2,42),
(0, 0, 200,42141660,"TSHIBUABUA LUBUELA",2,42),
(0, 0, 200,42141680,"KAMUANYA TSHIMANGA",2,42),
(0, 0, 200,42141690,"KAJIDI TSHIBUABUA",2,42),
(0, 0, 200,42141700,"KUTEKEMENYI MUKENDI",2,42),
(0, 0, 200,42141720,"NGONDO KABASELE",2,42),
(0, 0, 200,42141730,"LULUA LUKADI",2,42),
(0, 0, 200,42141760,"BAKATUSENGA BULEDI",2,42),
(0, 0, 200,42141770,"UMBA CHICO",2,42),
(0, 0, 200,42141790,"KAPINGA TSHIBUABUA",2,42),
(0, 0, 200,42141810,"BEYA NDONDA",2,42),
(0, 0, 200,42141820,"NGINDU KALONJI",2,42),
(0, 0, 200,42141830,"NTAMBUE MUPINDULA",2,42),
(0, 0, 200,42141840,"TSHIBUABUA NTUMBA",2,42),
(0, 0, 200,42141880,"BAPELA BEYA",2,42),
(0, 0, 200,42141920,"KANDA KANDA",2,42),
(0, 0, 200,42141930,"LUSHONYI KABONGO",2,42),
(0, 0, 200,42141970,"MUTEBA BANTU",2,42),
(0, 0, 200,42141990,"DR REMY SABUA",2,42),
(0, 0, 200,42151100,"TSHIMBOMBO BAKAJIKA",2,42),
(0, 0, 200,42151410,"BASUE MULAMBA",2,42),
(0, 0, 200,42151440,"BENABIABO KABANGU",2,42),
(0, 0, 200,42151480,"KABAMUSU MUAMBA",2,42),
(0, 0, 200,42151490,"KABINDA MUAMBA",2,42),
(0, 0, 200,42151540,"MALU MUKENDI",2,42),
(0, 0, 200,42151610,"MUNYOKA BADIANJILE",2,42),
(0, 0, 200,42151680,"NTUMBA LUENDU",2,42),
(0, 0, 200,42151750,"TSHISHIKU LUBOYA",2,42),
(0, 0, 200,42151770,"KADIATA TSHIKANANA",2,42),
(0, 0, 200,42151810,"MUTOMBO NGALULA",2,42),
(0, 0, 200,42151830,"MUKUNA DIBAMBU",2,42),
(0, 0, 200,42151840,"MUSUBE MUKENGE",2,42),
(0, 0, 200,42151920,"PAST KABASELE",2,42),
(0, 0, 200,42151950,"BENDE KAPUKU",2,42),
(0, 0, 200,42151980,"DEMBO MUTOMBO",2,42),
(0, 0, 200,42151990,"KANDE BAKANTOBOLELA",2,42),
(0, 0, 200,42161040,"KABANGE MBUYI",2,42),
(0, 0, 200,42161050,"DR NDANDU",2,42),
(0, 0, 200,42161060,"NTUMBA LUTULU",2,42),
(0, 0, 200,42161080,"KABUTAKAPUA",2,42),
(0, 0, 200,42161130,"BUABUA TSHIPAMBA",2,42),
(0, 0, 200,42161140,"NGALULA NKITABUNGI",2,42),
(0, 0, 200,42161180,"MAYAMBI NZAMBA",2,42),
(0, 0, 200,42161190,"PASTEUR SHAMWUIMBA",2,42),
(0, 0, 200,42161230,"BALANDA MUKUAYITA",2,42),
(0, 0, 200,42161240,"SOMBAMANYA NDAYE",2,42),
(0, 0, 200,42161270,"BANSHIMI BEYA",2,42),
(0, 0, 200,42161280,"TSHIADIMUNA MATANDA",2,42),
(0, 0, 200,42161290,"KATUENABANGI",2,42),
(0, 0, 200,42161310,"MAMBA MPUNGA",2,42),
(0, 0, 200,42161320,"DR MVITA KANDE",2,42),
(0, 0, 200,42161930,"MUZADI NDAYE",2,42),
(0, 0, 200,42161950,"LUSAMBA TSHIABA",2,42),
(0, 0, 200,42161960,"KAFULA MPUTU",2,42),
(0, 0, 200,42161980,"BAMANYE LUFU",2,42),
(0, 0, 200,42161990,"KATUBADI MUAMBA",2,42),
(0, 0, 200,42171000,"MUMBA TSHISHIMBI",2,42),
(0, 0, 200,42171100,"BATENA TSHISENGA",2,42),
(0, 0, 200,42171110,"BETU MUKENDI",2,42),
(0, 0, 200,42171120,"BENYI BIMINE",2,42),
(0, 0, 200,42171130,"MUIPATAYI MUKUAYITA",2,42),
(0, 0, 200,42171150,"NSANGAMAYI",2,42),
(0, 0, 200,42171160,"BALUID MUKENDI",2,42),
(0, 0, 200,42171170,"BIKEMU KAPUKU",2,42),
(0, 0, 200,42171180,"META ILUNGA",2,42),
(0, 0, 200,42171200,"KAMAYI MULUMBA",2,42),
(0, 0, 200,42171260,"NSAFU",2,42),
(0, 0, 200,42171270,"NKOLE NTUMBA",2,42),
(0, 0, 200,42171280,"KEBA KASONGA",2,42),
(0, 0, 200,42171310,"MAYUWA KABANGELE",2,42),
(0, 0, 200,42171320,"ILUNGA NKASHAMA",2,42),
(0, 0, 200,42171340,"MILOLO KUINJIDI",2,42),
(0, 0, 200,42201000,"SALAIRES NETS A PAYER",2,42),
(0, 0, 200,42201010,"RESTAU ET TRANSP. A PAYER",2,42),
(0, 0, 200,42201020,"PRIME D'INTERIM A PAYER",2,42),
(0, 0, 200,42201030,"PRIMES SUPPL TRANSP. A PAYER",2,42),
(0, 0, 200,42201040,"PRIMES D'ENCOURAGEMENT A PAYER",2,42),
(0, 0, 200,42201050,"PRIMES DE FIDELITE A PAYER",2,42),
(0, 0, 200,42201060,"PRIMES DE FIN CARRIERE A PAYER",2,42),
(0, 0, 200,43,"ETAT",3,4),
(0, 0, 200,43001000,"CPR A PAYER",2,43),
(0, 0, 200,462,"DEBITEURS ET CREDITEURS DIVERS",3,4),
(0, 0, 200,46201010,"ZSR TSHIKAJI",2,462),
(0, 0, 200,46201120,"CSBB (ECOLE PRIMAIRE)",2,462),
(0, 0, 200,46201140,"GUEST DEPARTMENT",2,462),
(0, 0, 200,46201330,"PAROISSE IMCK TSHIKAJI",2,462),
(0, 0, 200,463,"COMPTES DES PROJETS",3,4),
(0, 0, 200,4631,"ECOH",3,463),
(0, 0, 200,46311121,"ECHO MORINGA TREE",2,4631),
(0, 0, 200,46311122,"ECHO WOMEN'S DEVELOPMENT",2,4631),
(0, 0, 200,46311123,"ECOH AGRICULTURAL DEVELOPMENT",2,4631),
(0, 0, 200,46311124,"ECOH NUTRITION REAB. (CN)",2,4631),
(0, 0, 200,46311125,"ECOH INDIGENT CARE PROJECT",2,4631),
(0, 0, 200,46311126,"ECOH TSHIKAJI HEALTH CENTER",2,4631),
(0, 0, 200,46311127,"ECOH ORPHAN SCHOR EDUC PROJECT",2,4631),
(0, 0, 200,46311128,"ECOH HMHC",2,4631),
(0, 0, 200,46311130,"ECOH CERVICAL CANCER",2,4631),
(0, 0, 200,46311131,"ECOH BCZS COM. HEALTH PROGRAM",2,4631),
(0, 0, 200,46311350,"ECOH 320802 MOBILITY IN MISSION 0096AA-08",2,4631),
(0, 0, 200,4632,"ECO",3,463),
(0, 0, 200,46321100,"ECO MISSIONNARY HOUSING",2,4632),
(0, 0, 200,46321270,"ECO CHARITY FUNDS",2,4632),
(0, 0, 200,46321400,"ECO 320902 ITM",2,4632),
(0, 0, 200,46321510,"ECO 320202/402 GENERAL N.D.",2,4632),
(0, 0, 200,46321490,"ECO KAJIDI JONATHAN SCHOLARSHIP",2,4632),
(0, 0, 200,4633,"MBF PROJECTS",3,463),
(0, 0, 200,46331121,"MBF MORINGA TREE",2,4633),
(0, 0, 200,46331122,"MBF WOMEN DEVELOPMENT",2,4633),
(0, 0, 200,46331127,"MBF ORPHAN SCHOLARSHIP",2,4633),
(0, 0, 200,46331128,"MBF MOTHER CARE BABY CARE",2,4633),
(0, 0, 200,46331129,"MBF C-GSH FISTULA REPAIR",2,4633),
(0, 0, 200,46331350,"MBF IMCK'S TOYOTA LAND C. 0448AA-15",2,4633),
(0, 0, 200,46331400,"MBF ITM",2,4633),
(0, 0, 200,46331401,"MBF ISTM",2,4633),
(0, 0, 200,46331510,"MBF GENERAL NON DESIGNE",2,4633),
(0, 0, 200,46331540,"MBF HYDRO ENTRETIEN",2,4633),
(0, 0, 200,46341400,"ROW ITM",2,463),
(0, 0, 200,464,"AUTRES DEBITEURS ET CREDITEURS DIVERS",3,4),
(0, 0, 200,46401000,"SONAS",2,464),
(0, 0, 200,46411000,"COTISATIONS INSS",2,464),
(0, 0, 200,46421000,"COTISATIONS INPP",2,464),
(0, 0, 200,46421100,"COTISATION SYNDICALE",2,464),
(0, 0, 200,46620202,"ECOH/FISTULE",2,4),
(0, 0, 200,46641000,"LOYERS HABITATIONS",2,4),
(0, 0, 200,46641100,"CENTRE DE NUTRITION",2,4),
(0, 0, 200,46641200,"GUEST HOUSE",2,4),
(0, 0, 200,46651130,"CLINIQUE DENTAIRE",2,4),
(0, 0, 200,46651140,"CNE (COMM. NAT. DE L'ENERGIE)",2,4),
(0, 0, 200,46651250,"TABITHA MARIE MULANGA DORCAS",2,4),
(0, 0, 200,46661260,"ECOLE",2,4),
(0, 0, 200,46661280,"GBH",2,4),
(0, 0, 200,46661290,"RENOVATION HYDROELECTRIC SYSTEM",2,4),
(0, 0, 200,46661310,"LUKENGU NGALAMULUME",2,4),
(0, 0, 200,46661450,"IMPROKA",2,4),
(0, 0, 200,46661520,"BOURSES RESIDENTS IMCK",2,4),
(0, 0, 200,46661590,"ISTM TSHIKAJI",2,4),
(0, 0, 200,46661610,"CACOSME ACTION SOCIALE",2,4),
(0, 0, 200,46661620,"FRS PERFECTIONNEMENT",2,4),
(0, 0, 200,46661640,"BOURSE KAJIDI TSHIBUABUA",2,4),
(0, 0, 200,46661800,"CENTRE MEDICAL D'ETUDES",2,4),
(0, 0, 200,46661830,"DEPARTEMENT MEDICAL",2,4),
(0, 0, 200,46661860,"MORQUE",2,4),
(0, 0, 200,46661870,"REFECTOIRE CME (LOYER)",2,4),
(0, 0, 200,46661880,"BICYCLES",2,4),
(0, 0, 200,46661890,"PROJET REPARATION HYDRO",2,4),
(0, 0, 200,47,"COMPTES DE REGULARISATION",3,4),
(0, 0, 200,47001000,"REGULARISATION DE PASSIF",2,47),
(0, 0, 200,47101000,"REGULARISATION D'ACTIF",2,47),
(0, 0, 200,47121000,"CHARGES COMPTABILISES D'AVANCE",2,47),
(0, 0, 200,47201000,"CHARGES A PAYER",2,47),
(0, 0, 200,48101000,"PROVISIONS POUR IMPAYES MALADES",2,4),
(0, 0, 200,48111000,"PROV. POUR DEPRECIATIONS DES CREANCES DOUTEUSES",2,4),
(0, 0, 200,49001000,"COMPTE D'ATTENTE (ACTIF)",2,4),
(0, 0, 200,49101000,"COMPTE D'ATTENTE (PASSIF)",2,4),
(0, 0, 200,49001100,"AVANCE S/ACHAT A JUSTIFIER",2,4),
(0, 0, 200,5,"COMPTES FINANCIERS",3,0),
(0, 0, 200,56,"BANQUE",3,5),
(0, 0, 200,56001000,"IMCK OPERATING GENERAL",2,56),
(0, 0, 200,56011000,"BCZ",2,56),
(0, 0, 200,56011001,"BCDC/USD",2,56),
(0, 0, 200,56031000,"WOCHOVIA BANK",2,56),
(0, 0, 200,56041000,"CITY BANK OPHTALMOLOGY",2,56),
(0, 0, 200,56051000,"IMCK RESERVES",2,56),
(0, 0, 200,56101000,"IMCK PCUSA",2,56),
(0, 0, 200,56201000,"IMCK MBF",2,56),
(0, 0, 200,56701000,"PNCBANK",2,56),
(0, 0, 200,56771100,"PNCBANK-COMPTE BLOQUE",2,56),
(0, 0, 200,57,"CAISSE",3,5),
(0, 0, 200,57101010,"CAISSE PPLE HBB FC",2,57),
(0, 0, 200,57101020,"CAISSE PPLE HBB $",2,57),
(0, 0, 200,57201010,"CAISSE PAX FC",2,57),
(0, 0, 200,57301000,"GRAND COFFRE $",2,57),
(0, 0, 200,573,"COMPTES DES FONDS",3,57),
(0, 0, 200,5731,"ECOH",3,573),
(0, 0, 200,57311121,"ECHO MORINGA TREE",2,5731),
(0, 0, 200,57311122,"ECHO WOMEN'S DEVELOPMENT",2,5731),
(0, 0, 200,57311123,"ECOH AGRICULTURAL DEVELOPMENT",2,5731),
(0, 0, 200,57311124,"ECOH NUTRITION REAB. (CN)",2,5731),
(0, 0, 200,57311125,"ECOH INDIGENT CARE PROJECT",2,5731),
(0, 0, 200,57311126,"ECOH TSHIKAJI HEALTH CENTER",2,5731),
(0, 0, 200,57311127,"ECOH ORPHAN SCHOR EDUC PROJECT",2,5731),
(0, 0, 200,57311128,"ECOH HMHC",2,5731),
(0, 0, 200,57311129,"ECOH FISTULA PROJECT",2,5731),
(0, 0, 200,57311130,"ECOH CERVICAL CANCER",2,5731),
(0, 0, 200,57311131,"ECOH BCZS COM. HEALTH PROGRAM",2,5731),
(0, 0, 200,57311350,"ECOH 320802 MOBILITY IN MISSION 0096AA-08",2,5731),
(0, 0, 200,5732,"ECO",3,573),
(0, 0, 200,57321100,"ECO MISSIONNARY HOUSING",2,5732),
(0, 0, 200,57321270,"ECO CHARITY FUNDS",2,5732),
(0, 0, 200,57321510,"ECO 320202/402 GENERAL N.D.",2,5732),
(0, 0, 200,57321400,"ECO 320902 ITM",2,5732),
(0, 0, 200,57321490,"ECO KAJIDI JONATHAN SCHOLARSHIP",2,5732),
(0, 0, 200,5733,"MBF",3,573),
(0, 0, 200,57331121,"MBF MORINGA TREE",2,5733),
(0, 0, 200,57331122,"MBF WOMEN DEVELOPMENT",2,5733),
(0, 0, 200,57331127,"MBF ORPHAN SCHOLARSHIP",2,5733),
(0, 0, 200,57331128,"MBF MOTHER CARE BABY CARE",2,5733),
(0, 0, 200,57331129,"MBF C-GSH FISTULA REPAIR",2,5733),
(0, 0, 200,57331350,"MBF IMCK'S TOYOTA LAND C. 0448AA-15",2,5733),
(0, 0, 200,57331400,"MBF ITM",2,5733),
(0, 0, 200,57331401,"MBF ISTM",2,5733),
(0, 0, 200,57331510,"MBF GENERAL NON DESIGNE",2,5733),
(0, 0, 200,57331540,"MBF HYDRO ENTRETIEN",2,5733),
(0, 0, 200,57341400,"ROW ITM",2,573),
(0, 0, 200,57351129,"FISTULE UNICEF",2,573),
(0, 0, 200,59,"COMPTES DE VIREMENT INTERNE",3,5),
(0, 0, 200,59001000,"TRANSFERT FTR-CAISSE PPLE",2,59),
(0, 0, 200,59051600,"TRANSFERT FTR-FONDS DIVERS",2,59),
(0, 0, 200,59071000,"TRF GRAND COFFRE CSSE PPLE",2,59),
(0, 0, 200,59101000,"TRANSFERT BCZ-CAISSE PPLE",2,59),
(0, 0, 200,59101001,"TFT BCDC USD - CAISSE PPLE",2,59),
(0, 0, 200,59131200,"VIREMENT CAISSE PAX-BCDC",2,59),
(0, 0, 200,59131300,"VIREMENT CAISSE HBB-BCDC",2,59),
(0, 0, 200,59201000,"TRANSFERT PAX-CAISSE PPLE FC",2,59),
(0, 0, 200,59501000,"TRANSFERT CLINIQUE DENTAIRE-CAISSE PPLE FC",2,59),
(0, 0, 200,59501001,"TRANSFERT CLINIQUE DENTAIRE-CAISSE PPLE $",2,59),
(0, 0, 200,59901000,"OPERATION DE CHANGE",2,59),
(0, 0, 200,6,"COMPTES DES CHARGES ET PERTES PAR NATURE",3,0),
(0, 0, 200,60,"STOCKS VENDUS",3,6),
(0, 0, 200,60011100,"Antidote",1,60),
(0, 0, 200,60011101,"Tension artérielle",1,60),
(0, 0, 200,60011102,"Diurétiques",1,60),
(0, 0, 200,60011103,"Système cardiovasculaire",1,60),
(0, 0, 200,60011104,"Médicaments hématologiques",1,60),
(0, 0, 200,60011105,"Maladies métaboliques",1,60),
(0, 0, 200,60011106,"Système gastro-intestinal",1,60),
(0, 0, 200,60011107,"Spasmolytiques",1,60),
(0, 0, 200,60011108,"Médicaments pour le foie la vésicule et le pancréas",1,60),
(0, 0, 200,60011109,"antiémetiques laxatifs et anti diarrhéiques",1,60),
(0, 0, 200,60011110,"système uro-génital",1,60),
(0, 0, 200,60011111,"système respiratoire",1,60),
(0, 0, 200,60011112,"Analgésiques  - Antipyrétiques -Ains",1,60),
(0, 0, 200,60011113,"Analgésiques morphiniques et  stupefiants (nt) (pt)",1,60),
(0, 0, 200,60011114,"Psychotropes hypnotiques sédatifs anxiolytiques",1,60),
(0, 0, 200,60011115,"antiépileptiques et anticoparilsivants",1,60),
(0, 0, 200,60011116,"antiallergiques",1,60),
(0, 0, 200,60011117,"Glucocorticoides",1,60),
(0, 0, 200,60011118,"Médicaments de la Thyroïde",1,60),
(0, 0, 200,60011119,"Hormones sexuelles et contraceptions",1,60),
(0, 0, 200,60011120,"Médicaments du diabète",1,60),
(0, 0, 200,60011121,"Médicaments anti-malaria",1,60),
(0, 0, 200,60011122,"Antibiotiques beta-lactames",1,60),
(0, 0, 200,60011123,"Antibiotiques non beta-lactames",1,60),
(0, 0, 200,60011124,"Antituberculeux-antilepreux",1,60),
(0, 0, 200,60011125,"Médicaments antimycosiques",1,60),
(0, 0, 200,60011126,"Médicaments antihelminthiques tilaires",1,60),
(0, 0, 200,60011127,"Médicaments antiviraux",1,60),
(0, 0, 200,60011128,"Vaccins immunoglobulines et sérums",1,60),
(0, 0, 200,60011129,"Médicaments antitumoraux et immunodépresseurs",1,60),
(0, 0, 200,60011130,"Minéraux vitamines et toniques",1,60),
(0, 0, 200,60011131,"Médicaments à usage dermatologique",1,60),
(0, 0, 200,60011132,"Médicaments à usage ophtalmique",1,60),
(0, 0, 200,60011133,"Médicaments à usage otique",1,60),
(0, 0, 200,60011134,"Médicaments des affections bucco-pharyngées",1,60),
(0, 0, 200,60011135,"Médicaments des affections vulvo-vaginales",1,60),
(0, 0, 200,60011138,"Médicaments agissant sur la musculature utérine",1,60),
(0, 0, 200,60011139,"fluides IV et substituts du plasma",1,60),
(0, 0, 200,60011140,"tests diagnostiques et bandelettes diagnostiques",1,60),
(0, 0, 200,60011159,"Consommables d'urologie",1,60),
(0, 0, 200,60011171,"Consommables des soins",1,60),
(0, 0, 200,60011172,"Gants",1,60),
(0, 0, 200,60011174,"consommables de suture",1,60),
(0, 0, 200,60011175,"Séringues aiguilles catheters et set",1,60),
(0, 0, 200,60011176,"Tubes endotracheaux aspiration alimentations et drains thoraciques",1,60),
(0, 0, 200,60011189,"Consommables de Traumatologie",1,60),
(0, 0, 200,611,"CONSOMMATIONS FOURNITURES",3,6),
(0, 0, 200,61111129,"REPAS MALADES FISTULEUSES",1,611),
(0, 0, 200,61112170,"PRODUITS ALIMENTAIRES",1,611),
(0, 0, 200,61111136,"Anesthésiques locaux",1,611),
(0, 0, 200,61112180,"PRODUITS ALIMENTAIRES GUEST HOUSE",1,611),
(0, 0, 200,61111137,"Anesthésiques généraux et médicaments préopératoires",1,611),
(0, 0, 200,61111141,"TESTS DIAGNOSTIQUES ET BANDELETTES DIAGNOSTIQUES",1,611),
(0, 0, 200,61111142,"MATERIEL ET EQUIPEMENT DE LABORATOIRE",1,611),
(0, 0, 200,61111143,"Réactifs de laboratoire",1,611),
(0, 0, 200,61111144,"Consommable de laboratoire",1,611),
(0, 0, 200,61111145,"Bactériologie : Coloration",1,611),
(0, 0, 200,61111146,"Chaine de froid",1,611),
(0, 0, 200,61111147,"Matériel et équipement de Microscope",1,611),
(0, 0, 200,61111148,"Consommables de microscopie",1,611),
(0, 0, 200,61111149,"Bactériologie : milieux de culture",1,611),
(0, 0, 200,61111152,"Vetements professionnels",1,611),
(0, 0, 200,61111158,"Matériel et équipement d'urologie",1,611),
(0, 0, 200,61111160,"Matériel et équipement de stérilisation",1,611),
(0, 0, 200,61111161,"Consommables de stérilisation",1,611),
(0, 0, 200,61111165,"Matériels et équipement d'imagerie médicale et ECG",1,611),
(0, 0, 200,61111166,"Consommables d'imagerie médicale et ECG Service",1,611),
(0, 0, 200,61111170,"Matériel et équipement de soins",1,611),
(0, 0, 200,61111173,"GANTS NON STERILES",1,611),
(0, 0, 200,61111180,"Matériel et équipement de diagnostic",1,611),
(0, 0, 200,61111181,"Matériel de Traitement et de Procedures operatoires",1,611),
(0, 0, 200,61111183,"Désinfectants antiseptiques et purification de l'eau",1,611),
(0, 0, 200,61111184,"Kits",1,611),
(0, 0, 200,61111185,"Matériel de Pharmacie",1,611),
(0, 0, 200,61111186,"Consommables de Pharmacie",1,611),
(0, 0, 200,61111187,"Matériel d'Anesthésie et de Réanimation",1,611),
(0, 0, 200,61111188,"Materiel de Traumatologie",1,611),
(0, 0, 200,61112180,"PRODUITS ALIMENTAIRES GUEST HOUSE",1,611),
(0, 0, 200,61311150,"Matériel et équipement administratif",1,6),
(0, 0, 200,61311151,"Consommables administratifs",1,6),
(0, 0, 200,614,"CARBURANT ET LUBRIFIANT",3,6),
(0, 0, 200,6141,"",3,614),
(0, 0, 200,61411000,"Carburant",1,6141),
(0, 0, 200,61411100,"Lubrifiant",1,6141),
(0, 0, 200,61411200,"Moto recouvrement",1,6141),
(0, 0, 200,61461350,"Mobility in mission",1,614),
(0, 0, 200,61431350,"IMCK LC",1,614),
(0, 0, 200,615,"EAU ET ELECTRICITE",3,6),
(0, 0, 200,6156,"",3,615),
(0, 0, 200,61561000,"Eau",1,6156),
(0, 0, 200,61561100,"Electricité",1,6156),
(0, 0, 200,61601182,"Consommable et matériel d'entretien hospitalier",1,6),
(0, 0, 200,618,"PIECES DE RECHANGE",3,6),
(0, 0, 200,61831350,"IMCK LC 00",1,618),
(0, 0, 200,61861350,"Mobility in mission 0098",1,618),
(0, 0, 200,61871000,"Pièces de rechange LC",1,618),
(0, 0, 200,61871100,"Groupe électrogène",1,618),
(0, 0, 200,61871200,"Moto recouvrement",1,618),
(0, 0, 200,61871300,"Hydro",1,618),
(0, 0, 200,61900100,"AUTRES FOURNITURES",1,6),
(0, 0, 200,61901000,"PETIT MATERIEL ET MOBILIER",1,6),
(0, 0, 200,621,"TRANSPORT CONSOMME",3,6),
(0, 0, 200,62101000,"Transport personnel",1,621),
(0, 0, 200,62111129,"Transport malades fistuleuses",1,621),
(0, 0, 200,623,"AUTRES FRAIS DE TRANSPORT",3,6),
(0, 0, 200,62301000,"Déplacements et voyages",1,623),
(0, 0, 200,62801000,"DIVERS FRAIS DE VOYAGE",1,6),
(0, 0, 200,63,"AUTRES SERVICES CONSOMMES",3,6),
(0, 0, 200,630,"",3,63),
(0, 0, 200,63001000,"Loyer et charges locatives",1,630),
(0, 0, 200,631,"FRAIS D'ENTRETIEN",3,63),
(0, 0, 200,63121000,"ENTRETIEN TERRAIN",1,631),
(0, 0, 200,63151000,"ENTRETIEN MAT. DE TRANSPORT",1,631),
(0, 0, 200,63161350,"Entretien LC mobility",1,631),
(0, 0, 200,63171100,"Entretien groupe électrogène",1,631),
(0, 0, 200,632,"FRAIS FIDICIAIRES",3,63),
(0, 0, 200,63201000,"Frais d'acte notarial",1,632),
(0, 0, 200,63201010,"HONORAIRES AVOCAT",1,632),
(0, 0, 200,63201030,"HONORAIRES AUDITEURS",1,632),
(0, 0, 200,63211100,"FIDICIAIRE KAPUKU MUAMBA ALIDOR",1,632),
(0, 0, 200,63211129,"HONORAIRES S/OPERATIONS FISTULEUSES",1,632),
(0, 0, 200,63221000,"AVOCAT BEYA MARCEL",1,632),
(0, 0, 200,63221100,"AVOCAT MUBALU KANKOLONGO",1,632),
(0, 0, 200,633,"FRAIS BANCAIRES",3,63),
(0, 0, 200,6330,"",3,633),
(0, 0, 200,63301000,"Frais bancaires PNC BANK",1,6330),
(0, 0, 200,63301001,"Frais bancaires Wells Fargo / Wachovia",1,6330),
(0, 0, 200,63301002,"Frais bancaires CITI bank",1,6330),
(0, 0, 200,63301003,"Frais bancaires BCDC",1,6330),
(0, 0, 200,63301004,"Frais bancaires FT",1,6330),
(0, 0, 200,63301200,"Frais d'hotel restaurant",1,6330),
(0, 0, 200,63301300,"FRAIS POSTES ET TELECOMMUNICATION",1,6330),
(0, 0, 200,63301400,"AUTRES SERVICES EXTERIEURS",1,6330),
(0, 0, 200,6331,"ECOH",3,633),
(0, 0, 200,63311121,"ECOH MORINGA TREE",1,6331),
(0, 0, 200,63311122,"ECOH WOMEN'S DEVELOPMENT",1,6331),
(0, 0, 200,63311123,"ECOH AGRICULTURAL DEVELOPMENT",1,6331),
(0, 0, 200,63311124,"ECOH NUTRITION REAB. (CN)",1,6331),
(0, 0, 200,63311125,"ECOH INDIGENT CARE PROJECT",1,6331),
(0, 0, 200,63311126,"ECOH TSHIKAJI HEALTH CENTER",1,6331),
(0, 0, 200,63311127,"ECOH ORPHAN SCHOR EDUC PROJECT",1,6331),
(0, 0, 200,63311128,"ECOH HMHC",1,6331),
(0, 0, 200,63311129,"ECOH FISTULA PROJECT",1,6331),
(0, 0, 200,63311130,"ECOH CERVICAL CANCER",1,6331),
(0, 0, 200,63311131,"ECOH BCZS COM. HEALTH PROGRAM",1,6331),
(0, 0, 200,63311350,"ECOH 320802 MOBILITY IN MISSION 0096AA-08",1,6331),
(0, 0, 200,6332,"ECO",3,633),
(0, 0, 200,63321100,"ECO MISSIONNARY HOUSING",1,6332),
(0, 0, 200,63321270,"ECO CHARITY FUNDS",1,6332),
(0, 0, 200,63321400,"ECO 320902 ITM",1,6332),
(0, 0, 200,63321510,"ECO 320202/402 GENERAL N.D.",1,6332),
(0, 0, 200,63321490,"ECO KAJIDI JONATHAN SCHOLARSHIP",1,6332),
(0, 0, 200,6333,"MBF PROJECTS",3,633),
(0, 0, 200,63331121,"MBF MORINGA TREE",1,6333),
(0, 0, 200,63331122,"MBF WOMEN DEVELOPMENT",1,6333),
(0, 0, 200,63331127,"MBF ORPHAN SCHOLARSHIP",1,6333),
(0, 0, 200,63331128,"MBF MOTHER CARE BABY CARE",1,6333),
(0, 0, 200,63331129,"MBF C-GSH FISTULA REPAIR",1,6333),
(0, 0, 200,63331350,"MBF IMCK'S TOYOTA LAND C. 0448AA-15",1,6333),
(0, 0, 200,63331400,"MBF ITM",1,6333),
(0, 0, 200,63331401,"MBF ISTM",1,6333),
(0, 0, 200,63331510,"MBF GENERAL NON DESIGNE",1,6333),
(0, 0, 200,63331540,"MBF HYDRO ENTRETIEN",1,6333),
(0, 0, 200,63341400,"ROW ITM",1,633),
(0, 0, 200,64,"CHARGES ET PERTES DIVERSES",3,6),
(0, 0, 200,640,"ASSURANCES",3,64),
(0, 0, 200,64071000,"ASSURANCES VEHICULES",1,640),
(0, 0, 200,64071100,"ASSURANCES MOTOS",1,640),
(0, 0, 200,645,"COTISATIONS ET AUTRES",3,64),
(0, 0, 200,64511000,"ASSISTANCES AU PERSONNEL",1,645),
(0, 0, 200,64521000,"COTISATIONS",1,645),
(0, 0, 200,64521100,"DONS",1,645),
(0, 0, 200,64521110,"REPRESENTATION DES TRAVAILLEURS AUX DEFILES",1,645),
(0, 0, 200,64521120,"REPRESENTATION A L'EPN",1,645),
(0, 0, 200,64601000,"DIFFERENCE DE CHANGE",1,64),
(0, 0, 200,64601100,"PERTE DE L'INVENTAIRE",1,64),
(0, 0, 200,64701000,"SOINS GRATUITS (CHARITE)",1,64),
(0, 0, 200,64701100,"CREANCES IRRECOUVRABLES",1,64),
(0, 0, 200,64801000,"AMENDES PENALES",1,64),
(0, 0, 200,64901000,"CONSEIL D'ADMINISTRATION",1,64),
(0, 0, 200,64931000,"PERTES S/EXERCICES ANTERIEURS",1,64),
(0, 0, 200,64961000,"CHARGES ET PERTES DIVERSES",1,64),
(0, 0, 200,65,"CHARGES DU PERSONNEL",3,6),
(0, 0, 200,651,"SALAIRES ET PRIMES",3,65),
(0, 0, 200,65111000,"SALAIRES BRUTS ET PRIMES",1,651),
(0, 0, 200,65111129,"PRIME S/OPERATIONS FISTULES",1,651),
(0, 0, 200,65117115,"SANGAMAYI",1,651),
(0, 0, 200,65121020,"MULAJA MUKENDI",1,651),
(0, 0, 200,65121150,"KABASELE KABATA",1,651),
(0, 0, 200,65121170,"KAPEMBU KANDE",1,651),
(0, 0, 200,65131100,"MPOI LUMPUNGU",1,651),
(0, 0, 200,65131130,"KAPINGA BAKATUSEKA",1,651),
(0, 0, 200,65131140,"BAJIKILE KASONGA",1,651),
(0, 0, 200,65131150,"TSHIABA KALUBI",1,651),
(0, 0, 200,65131160,"KAMANGUDU NDONDA",1,651),
(0, 0, 200,65131180,"KATUJUDI NKUNA (H)",1,651),
(0, 0, 200,65131190,"KAZADI MUKENGE",1,651),
(0, 0, 200,65131200,"GIBENDE ABONGE",1,651),
(0, 0, 200,65131210,"KUETE SHAMBA",1,651),
(0, 0, 200,65131220,"TSHISANGA NDEMBA",1,651),
(0, 0, 200,65131230,"LUPANTSHIA PALELA",1,651),
(0, 0, 200,65131250,"BUABUA KAYEMBE",1,651),
(0, 0, 200,65131260,"NGALAMULUME LUKENGU",1,651),
(0, 0, 200,65131280,"TSHITALA BADINENGANYI",1,651),
(0, 0, 200,65131300,"TSHIBOLA TSHIBUABUA",1,651),
(0, 0, 200,65131330,"MUAKUYA MALU",1,651),
(0, 0, 200,65131340,"NGALULA BATUBENGA",1,651),
(0, 0, 200,65131370,"BENGESHA NGINDU",1,651),
(0, 0, 200,65131380,"NKASHAMA MUYEMBI",1,651),
(0, 0, 200,65131470,"KABEDI NKONKO",1,651),
(0, 0, 200,65131520,"NTUMBA BAKAJIKA",1,651),
(0, 0, 200,65131540,"NGALAMULUME NTUMBA",1,651),
(0, 0, 200,65131600,"MUSHIYA KABEMBA",1,651),
(0, 0, 200,65131610,"KATENDE BITSHIDI BIBI",1,651),
(0, 0, 200,65131620,"MULUMBA KAYEMBE",1,651),
(0, 0, 200,65131660,"KALUINA JIBIKILAYI",1,651),
(0, 0, 200,65131670,"MBUYI MUNTUABO",1,651),
(0, 0, 200,65131710,"KADIATA MUDIBANGANYI",1,651),
(0, 0, 200,65131730,"KATOMBE MUBIKAYI",1,651),
(0, 0, 200,65131770,"BANANGA BATAMINA",1,651),
(0, 0, 200,65131790,"KATUAMBI BIPENDU",1,651),
(0, 0, 200,65131830,"KALONGA MUKENDI",1,651),
(0, 0, 200,65131860,"KATUJUDI NKUNA (F)",1,651),
(0, 0, 200,65131890,"SEKUNDO NASSOZA",1,651),
(0, 0, 200,65131910,"TUINDILA KATEMBUE",1,651),
(0, 0, 200,65131950,"BIMINE DIBELAYI",1,651),
(0, 0, 200,65131990,"NTEFU KABEMBA",1,651),
(0, 0, 200,65141000,"ALLOCATIONS FAMILIALES LEGALES",1,651),
(0, 0, 200,65141020,"MUBIAYI BUABUA",1,651),
(0, 0, 200,65141080,"TUSEKU MUYAYA",1,651),
(0, 0, 200,65141100,"KENA BUILA SHINDI",1,651),
(0, 0, 200,65141110,"BETU MUKENDI",1,651),
(0, 0, 200,65141140,"BABADI KABAMBI",1,651),
(0, 0, 200,65141150,"BAMBI MUKENGE",1,651),
(0, 0, 200,65141210,"NDAYE KATEBA",1,651),
(0, 0, 200,65141240,"KANKONDE TSHIMANGA",1,651),
(0, 0, 200,65141280,"KAZAI KAMUNA KAMBA",1,651),
(0, 0, 200,65141290,"BAKADISULA MPINDA",1,651),
(0, 0, 200,65141300,"TSHIONDO MAMBA",1,651),
(0, 0, 200,65141350,"NZEBA KALELA",1,651),
(0, 0, 200,65141420,"NTUMBA MUNTU",1,651),
(0, 0, 200,65141440,"NTUMBA SOKOMBE",1,651),
(0, 0, 200,65141460,"BASUNGILA MUAMBA",1,651),
(0, 0, 200,65141540,"BEYA BEYA",1,651),
(0, 0, 200,65141560,"KABIBU BIMVULU",1,651),
(0, 0, 200,65141590,"MUANZA MUKENDI",1,651),
(0, 0, 200,65141600,"TSHIAMBA KABONGO",1,651),
(0, 0, 200,65141610,"MILOLO TSHIKOLO",1,651),
(0, 0, 200,65141650,"KABILA MUAMBA",1,651),
(0, 0, 200,65141660,"TSHIBUABUA LUBUELA",1,651),
(0, 0, 200,65141680,"KAMUANYA TSHIMANGA",1,651),
(0, 0, 200,65141690,"KAJIDI TSHIBUABUA",1,651),
(0, 0, 200,65141700,"KUTEKEMENYI MUKENDI",1,651),
(0, 0, 200,65141720,"NGONDO KENGE",1,651),
(0, 0, 200,65141730,"LULUA LUKADI",1,651),
(0, 0, 200,65141760,"BAKATUSENGA BULEDI",1,651),
(0, 0, 200,65141770,"UMBA CHICO",1,651),
(0, 0, 200,65141780,"KANUASHI KAPUKU",1,651),
(0, 0, 200,65141790,"KAPINGA TSHIBUABUA",1,651),
(0, 0, 200,65141810,"BEYA NDONDA",1,651),
(0, 0, 200,65141820,"NGINDU KALONJI",1,651),
(0, 0, 200,65141830,"NTAMBUE MUPINDULA",1,651),
(0, 0, 200,65141840,"TSHIBUABUA NTUMBA",1,651),
(0, 0, 200,65141850,"TSHIMANGA KADIMA",1,651),
(0, 0, 200,65141880,"BAPELE BEYA",1,651),
(0, 0, 200,65141920,"KANDA KANDA",1,651),
(0, 0, 200,65141930,"LUSHONYI KABONGO",1,651),
(0, 0, 200,65141970,"MUTEBA BANTU",1,651),
(0, 0, 200,65151040,"NYENGELE MAKENGA",1,651),
(0, 0, 200,65151080,"BILONDA BEYA",1,651),
(0, 0, 200,65151100,"TSHIBOMBO BAKAJIKA",1,651),
(0, 0, 200,65151410,"BASUE MULAMBA",1,651),
(0, 0, 200,65151440,"BENA BIABU KABANGU",1,651),
(0, 0, 200,65151450,"BILEWO MUMBA",1,651),
(0, 0, 200,65151480,"KABAMUSU MUAMBA",1,651),
(0, 0, 200,65151490,"KABINDA MUAMBA",1,651),
(0, 0, 200,65151500,"KAPEMBA KA KAMANGA",1,651),
(0, 0, 200,65151540,"MALU MUKENDI",1,651),
(0, 0, 200,65151580,"MUADI ILUNGA",1,651),
(0, 0, 200,65151600,"MULENDA MUKENGESHAYI",1,651),
(0, 0, 200,65151610,"MUNYOKA BADIANJILE",1,651),
(0, 0, 200,65151680,"NTUMBA LUENDU",1,651),
(0, 0, 200,65151750,"TSHISHIKU LUBOYA",1,651),
(0, 0, 200,65151770,"KADIATA TSHIKANANA",1,651),
(0, 0, 200,65151810,"MUTOMBO NTITA",1,651),
(0, 0, 200,65151830,"MUKUNA DIBAMBU",1,651),
(0, 0, 200,65151840,"MUSUBE MUKENGE",1,651),
(0, 0, 200,65151850,"KANKU SHABANTU",1,651),
(0, 0, 200,65151920,"KABASELE BANTUBIABO",1,651),
(0, 0, 200,65151940,"ILUNGA ILUNGA",1,651),
(0, 0, 200,65151950,"BENDE KAPUKU",1,651),
(0, 0, 200,65151980,"NDEMBU MUTOMBO",1,651),
(0, 0, 200,65151990,"KANDE BAKANTOMBOLOLA",1,651),
(0, 0, 200,65161040,"KABANGE MBUYI",1,651),
(0, 0, 200,65161050,"NDANDU MAYIMONA",1,651),
(0, 0, 200,65161060,"NTUMBA LUTULU",1,651),
(0, 0, 200,65161080,"KABUTAKAPUA NTUMBA",1,651),
(0, 0, 200,65161130,"BUABUA TSHIPAMBA",1,651),
(0, 0, 200,65161140,"NGALULA NKITA BUNGI",1,651),
(0, 0, 200,65161180,"MAYAMBI NZAMBI",1,651),
(0, 0, 200,65161190,"SHAMUIMBA MBOMBO",1,651),
(0, 0, 200,65161240,"SOMBAMANYA NDAYE",1,651),
(0, 0, 200,65161250,"KATUKADI TSHITENGE",1,651),
(0, 0, 200,65161270,"BANSHIMI BEYA MPUTU",1,651),
(0, 0, 200,65161280,"TSHIADIMUNA MATANDA",1,651),
(0, 0, 200,65161310,"MAMBA MPUNGA",1,651),
(0, 0, 200,65161320,"MVITA KANDE",1,651),
(0, 0, 200,65161810,"MULUMBA KAVULA",1,651),
(0, 0, 200,65161920,"KOBO KARUNDZU",1,651),
(0, 0, 200,65161930,"MUZADI NDAYE",1,651),
(0, 0, 200,65161940,"NGALULA TSHIBUABUA",1,651),
(0, 0, 200,65161950,"LUSAMBA TSHIABA",1,651),
(0, 0, 200,65161960,"KAFULA MPUTU",1,651),
(0, 0, 200,65161980,"BAMANYE LUFU",1,651),
(0, 0, 200,65161990,"KATUBADI MUAMBA",1,651),
(0, 0, 200,65171000,"MUMBA TSHISHIMBI",1,651),
(0, 0, 200,65171100,"BATENA TSHISENGE",1,651),
(0, 0, 200,65171120,"BENYI BIMINE",1,651),
(0, 0, 200,65171130,"MUTAPAYI MUKUAYITA",1,651),
(0, 0, 200,65171140,"KATUENA BANGI MANGALA",1,651),
(0, 0, 200,65171160,"BALUIDI MUKENDI",1,651),
(0, 0, 200,65171170,"BIKEMU KAPUKU",1,651),
(0, 0, 200,65171200,"KAMAYI MULUMBA",1,651),
(0, 0, 200,65171260,"NSAFU KAPEMBA",1,651),
(0, 0, 200,65171270,"NKOLE NTUMBA",1,651),
(0, 0, 200,65171280,"KEBA KASONGA",1,651),
(0, 0, 200,65171290,"MBUYI KABUYA",1,651),
(0, 0, 200,65171300,"NGONDO KABASELE",1,651),
(0, 0, 200,65171310,"MAYUWA KABENGELE",1,651),
(0, 0, 200,65171320,"ILUNGA NKASHAMA",1,651),
(0, 0, 200,65171330,"MBALANDA MUKUAYITA",1,651),
(0, 0, 200,65171340,"MILOLO KUINJIDI",1,651),
(0, 0, 200,65171350,"KABUYA KABUYA",1,651),
(0, 0, 200,65171360,"MABUDI KABIBU",1,651),
(0, 0, 200,65171370,"MUANGE SABUE",1,651),
(0, 0, 200,65171380,"TSHITA KALONJI",1,651),
(0, 0, 200,65171390,"MUKENDI TSHITADI",1,651),
(0, 0, 200,652,"AUTRES CHARGES DU PERSONNEL",3,65),
(0, 0, 200,65211000,"CHARGES SOCIALES DIVERSES",1,652),
(0, 0, 200,65301000,"INDEMNITES DIVERSES",1,65),
(0, 0, 200,65321000,"FRS PHARMACEUTIQUES CASH",1,65),
(0, 0, 200,65321100,"FRAIS FUNERAIRES",1,65),
(0, 0, 200,65321200,"SOINS MEDICAUX EN NATURE",1,65),
(0, 0, 200,65331000,"INDEMNITES DE TRANSPORT",1,65),
(0, 0, 200,65341000,"INDEMNITES DE LOGEMENT",1,65),
(0, 0, 200,65351000,"INDEMNITE DE FIN CARRIERE",1,65),
(0, 0, 200,66,"CONTRIBUTIONS ET TAXES",3,6),
(0, 0, 200,66141000,"AMENDES ET PENALITES FISCALES",1,66),
(0, 0, 200,66201000,"CONTRÔLE TECHNIQUE",1,66),
(0, 0, 200,66301000,"TAXES DIVERSES",1,66),
(0, 0, 200,68001000,"DOTATIONS AUX AMORTISSEMENTS ET PROVISIONS",1,6),
(0, 0, 200,7,"COMPTES DE PRODUITS",3,0),
(0, 0, 200,700,"VENTE MEDICAMENTS",3,7),
(0, 0, 200,70011100,"Antidote",2,700),
(0, 0, 200,70011101,"Tension artérielle",2,700),
(0, 0, 200,70011102,"Diurétiques",2,700),
(0, 0, 200,70011103,"Système cardiovasculaire",2,700),
(0, 0, 200,70011104,"Médicaments hématologiques",2,700),
(0, 0, 200,70011105,"Maladies métaboliques",2,700),
(0, 0, 200,70011106,"Système gastro-intestinal",2,700),
(0, 0, 200,70011107,"Spasmolytiques",2,700),
(0, 0, 200,70011108,"Médicaments pour le foie la vésicule et le pancréas",2,700),
(0, 0, 200,70011109,"antiémetiques laxatifs et anti diarrhéiques",2,700),
(0, 0, 200,70011110,"système uro-génital",2,700),
(0, 0, 200,70011111,"système respiratoire",2,700),
(0, 0, 200,70011112,"Analgésiques  - Antipyrétiques -Ains",2,700),
(0, 0, 200,70011113,"Analgésiques morphiniques et  stupefiants (nt) (pt)",2,700),
(0, 0, 200,70011114,"Psychotropes hypnotiques sédatifs anxiolytiques",2,700),
(0, 0, 200,70011115,"antiépileptiques et anticoparilsivants",2,700),
(0, 0, 200,70011116,"antiallergiques",2,700),
(0, 0, 200,70011117,"Glucocorticoides",2,700),
(0, 0, 200,70011118,"Médicaments de la Thyroïde",2,700),
(0, 0, 200,70011119,"Hormones sexuelles et contraceptions",2,700),
(0, 0, 200,70011120,"Médicaments du diabète",2,700),
(0, 0, 200,70011121,"Médicaments anti-malaria",2,700),
(0, 0, 200,70011122,"Antibiotiques beta-lactames",2,700),
(0, 0, 200,70011123,"Antibiotiques non beta-lactames",2,700),
(0, 0, 200,70011124,"Antituberculeux-antilepreux",2,700),
(0, 0, 200,70011125,"Médicaments antimycosiques",2,700),
(0, 0, 200,70011126,"Médicaments antihelminthiques tilaires",2,700),
(0, 0, 200,70011127,"Médicaments antiviraux",2,700),
(0, 0, 200,70011128,"Vaccins immunoglobulines et sérums",2,700),
(0, 0, 200,70011129,"Médicaments antitumoraux et immunodépresseurs",2,700),
(0, 0, 200,70011130,"Minéraux vitamines et toniques",2,700),
(0, 0, 200,70011131,"Médicaments à usage dermatologique",2,700),
(0, 0, 200,70011132,"Médicaments à usage ophtalmique",2,700),
(0, 0, 200,70011133,"Médicaments à usage otique",2,700),
(0, 0, 200,70011134,"Médicaments des affections bucco-pharyngées",2,700),
(0, 0, 200,70011135,"Médicaments des affections vulvo-vaginales",2,700),
(0, 0, 200,70011138,"Médicaments agissant sur la musculature utérine",2,700),
(0, 0, 200,70011139,"fluides IV et substituts du plasma",2,700),
(0, 0, 200,70011140,"tests diagnostiques et bandelettes diagnostiques",2,700),
(0, 0, 200,70011159,"Consommables d'urologie",2,700),
(0, 0, 200,70011171,"Consommables des soins",2,700),
(0, 0, 200,70011172,"Gants",2,700),
(0, 0, 200,70011174,"consommables de suture",2,700),
(0, 0, 200,70011175,"Séringues aiguilles catheters et set",2,700),
(0, 0, 200,70011176,"Tubes endotracheaux aspiration alimentations et drains thoraciques",2,700),
(0, 0, 200,70011189,"Consommables de Traumatologie",2,700),
(0, 0, 200,710,"ACTES/PRODUCTIONS VENDUES",3,7),
(0, 0, 200,71011001,"Anesthésie",2,710),
(0, 0, 200,71011002,"Biopsie",2,710),
(0, 0, 200,71011003,"Brulures",2,710),
(0, 0, 200,71011004,"Certificats et autres frais administratifs",2,710),
(0, 0, 200,71011005,"chirurgie tube digestif",2,710),
(0, 0, 200,71011006,"consultation",2,710),
(0, 0, 200,71011007,"Corps étrangers",2,710),
(0, 0, 200,71011008,"Examen complémentaire",2,710),
(0, 0, 200,71011009,"Excisions",2,710),
(0, 0, 200,71011010,"Greffes dermo-épidermiques",2,710),
(0, 0, 200,71011011,"Gynécologie",2,710),
(0, 0, 200,71011012,"Hernies",2,710),
(0, 0, 200,71011013,"Hospitalisation",2,710),
(0, 0, 200,71011014,"Incisions",2,710),
(0, 0, 200,71011015,"Injections",2,710),
(0, 0, 200,71011016,"Laboratoire",2,710),
(0, 0, 200,71011017,"Laboratoire Bactériologie",2,710),
(0, 0, 200,71011018,"Laboratoire Biochimie",2,710),
(0, 0, 200,71011019,"Laboratoire hématologie",2,710),
(0, 0, 200,71011020,"Laboratoire Hémostase",2,710),
(0, 0, 200,71011021,"Laboratoire Ionogramme",2,710),
(0, 0, 200,71011022,"Laboratoire Parasitologie",2,710),
(0, 0, 200,71011023,"Laboratoire Sérologie",2,710),
(0, 0, 200,71011024,"Laparatomie",2,710),
(0, 0, 200,71011025,"Obstétrique",2,710),
(0, 0, 200,71011026,"Ophtalmologie",2,710),
(0, 0, 200,71011027,"Orthopédie",2,710),
(0, 0, 200,71011028,"Traumatologie fractures fermées",2,710),
(0, 0, 200,71011029,"Traumatologies fractures ouvertes",2,710),
(0, 0, 200,71011030,"Traumatologie luxation",2,710),
(0, 0, 200,71011031,"Platres",2,710),
(0, 0, 200,71011032,"Ponctions",2,710),
(0, 0, 200,71011033,"Radiologie",2,710),
(0, 0, 200,71011034,"Endoscopie",2,710),
(0, 0, 200,71011035,"Soins infirmiers ambulatoires",2,710),
(0, 0, 200,71011036,"Petite chirurgie sutures",2,710),
(0, 0, 200,71011037,"Urologie",2,710),
(0, 0, 200,71011038,"Stomatologie",2,710),
(0, 0, 200,71011039,"O.R.L.",2,710),
(0, 0, 200,71011040,"Amputations",2,710),
(0, 0, 200,72001000,"PRODUCTIONS STOCKEES",2,7),
(0, 0, 200,74,"PRODUITS ET PROFITS DIVERS",3,7),
(0, 0, 200,74031000,"LOYER",2,74),
(0, 0, 200,74611000,"PRODUITS DE CHANGE",2,74),
(0, 0, 200,74611100,"PRODUITS ET PROFITS DIVERS HE/GH",2,74),
(0, 0, 200,74611200,"PRODUITS TRANSPORT BRIQUES",2,74),
(0, 0, 200,74611300,"PRODUITS FRS DE RECHERCHE",2,74),
(0, 0, 200,74611350,"PRODUITS ET PROFITS DIVERS/CE",2,74),
(0, 0, 200,74611400,"PRODUITS FRS DE STAGE",2,74),
(0, 0, 200,74621000,"PRODUITS DIVERS",2,74),
(0, 0, 200,74641000,"PRODUITS S/EXERCICES ANTERIEURS",2,74),
(0, 0, 200,76151000,"DIVERS",2,7),
(0, 0, 200,76,"SUBVENTIONS D'EXPLOITATION",3,7),
(0, 0, 200,7611,"ECOH",3,76),
(0, 0, 200,76111121,"ECHO MORINGA TREE",2,7611),
(0, 0, 200,76111122,"ECHO WOMEN'S DEVELOPMENT",2,7611),
(0, 0, 200,76111123,"ECOH AGRICULTURAL DEVELOPMENT",2,7611),
(0, 0, 200,76111124,"ECOH NUTRITION REAB. (CN)",2,7611),
(0, 0, 200,76111125,"ECOH INDIGENT CARE PROJECT",2,7611),
(0, 0, 200,76111126,"ECOH TSHIKAJI HEALTH CENTER",2,7611),
(0, 0, 200,76111127,"ECOH ORPHAN SCHOR EDUC PROJECT",2,7611),
(0, 0, 200,76111128,"ECOH HMHC",2,7611),
(0, 0, 200,76111129,"ECOH FISTULA PROJECT",2,7611),
(0, 0, 200,76111130,"ECOH CERVICAL CANCER",2,7611),
(0, 0, 200,76111131,"ECOH BCZS COM. HEALTH PROGRAM",2,7611),
(0, 0, 200,76111350,"ECOH 320802 MOBILITY IN MISSION 0096AA-08",2,7611),
(0, 0, 200,7612,"ECO",3,76),
(0, 0, 200,76121100,"ECO MISSIONNARY HOUSING",2,7612),
(0, 0, 200,76121270,"ECO CHARITY FUNDS",2,7612),
(0, 0, 200,76121510,"ECO 320202/402 GENERAL N.D.",2,7612),
(0, 0, 200,76121400,"ECO 320902 ITM",2,7612),
(0, 0, 200,76121490,"ECO KAJIDI JONATHAN SCHOLARSHIP",2,7612),
(0, 0, 200,7613,"MBF",3,76),
(0, 0, 200,76131121,"MBF MORINGA TREE",2,7613),
(0, 0, 200,76131122,"MBF WOMEN DEVELOPMENT",2,7613),
(0, 0, 200,76131127,"MBF ORPHAN SCHOLARSHIP",2,7613),
(0, 0, 200,76131128,"MBF MOTHER CARE BABY CARE",2,7613),
(0, 0, 200,76131129,"MBF C-GSH FISTULA REPAIR",2,7613),
(0, 0, 200,76131350,"MBF IMCK'S TOYOTA LAND C. 0448AA-15",2,7613),
(0, 0, 200,76131400,"MBF ITM",2,7613),
(0, 0, 200,76131401,"MBF ISTM",2,7613),
(0, 0, 200,76131510,"MBF GENERAL NON DESIGNE",2,7613),
(0, 0, 200,76131540,"MBF HYDRO ENTRETIEN",2,7613),
(0, 0, 200,76141400,"ROW ITM",2,76),
(0, 0, 200,762,"PC USA ECO",3,76),
(0, 0, 200,76211,"ECO 320202",3,762),
(0, 0, 200,76211131,"ECO BCZS Com. Health Prog.",2,76211),
(0, 0, 200,76211300,"ECO GENERAL N.D.",2,76211),
(0, 0, 200,76211350,"ECO MOBILITY IN MISSION",2,76211),
(0, 0, 200,76211401,"ECO SUPPORT OF THE NURSING SCHOOL",2,76211),
(0, 0, 200,76211450,"ECO CHARITY FUNDS",2,76211),
(0, 0, 200,7622,"ECO 320402",3,762),
(0, 0, 200,76221131,"ECO BCZS Com. Health Prog.",2,7622),
(0, 0, 200,76221300,"ECO GENERAL N.D.",2,7622),
(0, 0, 200,76221350,"ECO MOBILITY IN MISSION",2,7622),
(0, 0, 200,76221401,"ECO SUPPORT OF THE NURSING SCHOOL",2,7622),
(0, 0, 200,76221450,"ECO CHARITY FUNDS",2,7622),
(0, 0, 200,7623,"ECO 320902",3,762),
(0, 0, 200,76231400,"ECO ITM",2,7623),
(0, 0, 200,7624,"ECO862737",3,762),
(0, 0, 200,76240001,"ECO 862737 FOUNDERS CHAPEL",2,7624),
(0, 0, 200,763,"MBF",3,76),
(0, 0, 200,7631,"MBF",3,763),
(0, 0, 200,76311129,"MBF C-GSH FISTULA REPAIR",2,7631),
(0, 0, 200,76311300,"MBF GENERAL NON DESIGNE",2,7631),
(0, 0, 200,76311350,"MBF IMCK'S TOYOTA LAND C. 0448AA-15",2,7631),
(0, 0, 200,76311401,"MBF SUPPORT FOR NURSING SCHOOL",2,7631),
(0, 0, 200,76311450,"MBF CHARITY FUNDS INDIGENT CARE",2,7631),
(0, 0, 200,78001000,"Reprise subvention d'équipement",2,7),
(0, 0, 200,8,"COMPTES DES SOLDES DE GESTION",3,0),
(0, 0, 200,80011000,"MARGE BRUTE",2,8),
(0, 0, 200,81011000,"VALEUR AJOUTEE",2,8),
(0, 0, 200,82011000,"RESULTAT BRUT D'EXPLOITATION",2,8),
(0, 0, 200,83011000,"RESULTAT NET D'EXPLOITATION",2,8),
(0, 0, 200,84011000,"RESULTAT S/CESSION IMMO ET TITRES",2,8),
(0, 0, 200,85011000,"RESULTAT AVANT IMPOT",2,8),
(0, 0, 200,87011000,"RESULTAT DE LA PERIODE A AFFECTER",2,8);

--
-- INSERT INTO `account` (`id`, `fixed`,  `locked`, `enterprise_id`, `account_number`, `account_txt`, `account_type_id`, `parent`) values
--
-- (1, 1, 0, 200, 10, "CAPITAL", 3, 0),
-- (2, 1, 0, 200, 100, "Fonds social", 2, 10),
-- (3, 1, 0, 200, 101, "Fonds de dotation", 3, 10),
-- (4, 1, 0, 200, 1010, "Dotation de base", 2, 101),
-- (5, 1, 0, 200, 1013, "Affectations", 2, 101),
-- (6, 1, 0, 200, 1015, "Dons et legs", 2, 101),
-- (7, 1, 0, 200, 1016, "Autres dotations", 2, 101),
-- (8, 1, 0, 200, 11, "RESERVES", 3, 0),
-- (9, 1, 0, 200, 110, "Réserves légales", 2, 11),
-- (10, 1, 0, 200, 111, "Réserves statutaires", 2, 11),
-- (11, 1, 0, 200, 112, "Réserves réglementaires", 2, 11),
-- (12, 1, 0, 200, 12, "REPORT A NOUVEAU", 3, 0),
-- (13, 1, 0, 200, 120, "Bénéfices reportés", 2, 12),
-- (14, 1, 0, 200, 121, "Pertes non compensées", 2, 12),
-- (15, 1, 0, 200, 13, "RESULTAT NET", 3, 0),
-- (16, 1, 0, 200, 130, "Bénéfice net de l’exercice", 2, 13),
-- (17, 1, 0, 200, 131, "Bénéfice à conserver", 2, 13),
-- (18, 1, 0, 200, 133, "Perte nette de l’exercice", 2, 13),
-- (19, 1, 0, 200, 14, "PLUS-VALUES ET PROVISIONS REGLEMENTEES", 3, 0),
-- (20, 1, 0, 200, 140, "Plus-values de réévaluation", 2, 14),
-- (21, 1, 0, 200, 146, "Provisions réglementées", 2, 14),
-- (22, 1, 0, 200, 15, "SUBVENTIONS D’EQUIPEMENT", 3, 0),
-- (23, 1, 0, 200, 150, "Subventions d’Etat", 2, 15),
-- (24, 1, 0, 200, 152, "Subventions d’entreprises publiques", 2, 15),
-- (25, 1, 0, 200, 153, "Subventions d’entreprises et organismes privés", 2, 15),
-- (26, 1, 0, 200, 158, "Subventions d’équipements amortis", 2, 15),
-- (27, 1, 0, 200, 16, "EMPRUNTS ET DETTES A LONG TERME", 3, 0),
-- (28, 1, 0, 200, 160, "Emprunts garantis à long terme", 2, 16),
-- (29, 1, 0, 200, 161, "Emprunts et dettes à long terme émis par des Organismes collectifs", 2, 16),
-- (30, 1, 0, 200, 162, "Emprunts et dettes à long terme auprès des entreprises apparentées", 2, 16),
-- (31, 1, 0, 200, 165, "Avances reçues et comptes bloqués à long terme", 2, 16),
-- (32, 1, 0, 200, 17, "EMPRUNTS ET DETTES A MOYEN TERME", 3, 0),
-- (33, 1, 0, 200, 170, "Emprunts garantis à moyen terme", 2, 17),
-- (34, 1, 0, 200, 171, "Emprunts et dettes à moyen terme émis par des organismes collectifs", 2, 17),
-- (35, 1, 0, 200, 174, "Fournisseurs à moyen terme", 2, 17),
-- (36, 1, 0, 200, 175, "Avances reçues et comptes bloqués à moyen terme", 2, 17),
-- (37, 1, 0, 200, 18, "PROVISIONS POUR CHARGES ET PERTES", 3, 0),
-- (38, 1, 0, 200, 180, "Provisions pour risques", 3, 18),
-- (39, 1, 0, 200, 1800, "Provisions pour litiges en cours", 2, 180),
-- (40, 1, 0, 200, 1806, "Provisions pour risques divers", 2, 180),
-- (41, 1, 0, 200, 182, "Provisions pour renouvellement des immobilisations", 2, 18),
-- (42, 1, 0, 200, 19, "19. COMPTES DE LIAISONS DES ETABLISSEMENTS", 3, 0),
-- (43, 1, 0, 200, 190, "Comptes de liaison avec l’Administration centrale", 2, 19),
-- (44, 1, 0, 200, 191, "Comptes de liaison entre Etablissements", 2, 19),
-- (45, 1, 0, 200, 192, "Comptes de liaison entre Succursales (BCZS)", 2, 19),
-- (46, 1, 0, 200, 20, "20. IMMOBILISATIONS INCORPORELLES", 3, 0),
-- (47, 1, 0, 200, 200, "Concessions sur terrains", 2, 20),
-- (48, 1, 0, 200, 204, "Brevets, Licences, Marques, Procédés, Modèles, Dessins", 2, 20),
-- (49, 1, 0, 200, 21, "21. TERRAINS", 3, 0),
-- (50, 1, 0, 200, 210, "Terrains de construction et chantiers", 2, 21),
-- (51, 1, 0, 200, 216, "Autres terrains", 2, 21),
-- (52, 1, 0, 200, 22, "22. AUTRES IMMOBILISATIONS CORPORELLES", 3, 0),
-- (53, 1, 0, 200, 221, "Immeubles non résidentiels", 3, 22),
-- (54, 1, 0, 200, 2212, "Bâtiments administratifs", 2, 221),
-- (55, 1, 0, 200, 2214, "Bâtiments sociaux", 2, 221),
-- (56, 1, 0, 200, 2216, "Ouvrages d’infrastructure", 2, 221),
-- (57, 1, 0, 200, 223, "Autres constructions", 3, 22),
-- (58, 1, 0, 200, 2231, "Logements des Directeurs", 2, 223),
-- (59, 1, 0, 200, 2232, "Logements des Cadres", 2, 223),
-- (60, 1, 0, 200, 2233, "Logements des Ouvriers", 2, 223),
-- (61, 1, 0, 200, 225, "Matériel de transport", 3, 22),
-- (62, 1, 0, 200, 2251, "Matériel routier", 3, 225),
-- (63, 1, 0, 200, 22511, "Matériel automobile et assimilé", 2, 2251),
-- (64, 1, 0, 200, 22512, "Autres matériels", 2, 2251),
-- (65, 1, 0, 200, 2253, "Matériel naval et fluvial", 2, 225),
-- (66, 1, 0, 200, 2254, "Matériel aéronautique", 2, 225),
-- (67, 1, 0, 200, 226, "Machines et autres biens d’équipement", 3, 22),
-- (68, 1, 0, 200, 2263, "Matériel et mobilier de bureau", 2, 226),
-- (69, 1, 0, 200, 23, "23. AUTRES IMMOBILISATIONS CORPORELLES EN COURS", 3, 0),
-- (70, 1, 0, 200, 231, "Immeubles non résidentiels en cours", 2, 23),
-- (71, 1, 0, 200, 233, "Autres constructions en cours", 2, 23),
-- (72, 1, 0, 200, 25, "25. TITRES ET VALEURS ENGAGES A PLUS D’UN AN", 3, 0),
-- (73, 1, 0, 200, 255, "Parts dans des associations, syndicats et organismes divers", 2, 25),
-- (74, 1, 0, 200, 256, "Parts dans des sociétés de personnes", 3, 25),
-- (75, 1, 0, 200, 2563, "Parts dans des sociétés privées à responsabilité limitée", 2, 256),
-- (76, 1, 0, 200, 26, "26. PRETS ET AUTRES CREANCES A LONG TERME", 3, 0),
-- (77, 1, 0, 200, 260, "Prêts à long terme", 2, 26),
-- (78, 1, 0, 200, 265, "Comptes bancaires bloqués à long terme", 2, 26),
-- (79, 1, 0, 200, 27, "27. PRETS ET AUTRES CREANCES A MOYEN TERME", 3, 0),
-- (80, 1, 0, 200, 270, "Prêts à moyen terme", 2, 27),
-- (81, 1, 0, 200, 273, "Prêts à des entreprises apparentées à moyen terme", 2, 27),
-- (82, 1, 0, 200, 28, "28. AMORTISSEMENT ET PROVISIONS POUR DEPRECIATION DES COMPTES DE LA CLASSE II", 3, 0),
-- (83, 1, 0, 200, 280, "Amortissements des valeurs incorporelles immobilisées", 2, 28),
-- (84, 1, 0, 200, 281, "Amortissements des immobilisations incorporelles", 2, 28),
-- (85, 1, 0, 200, 282, "Provisions pour dépréciation des immobilisations incorporelles", 2, 28),
-- (86, 1, 0, 200, 283, "Provisions pour dépréciation des terrains", 2, 28),
-- (87, 1, 0, 200, 284, "Provisions pour dépréciation des autres immobilisations corporelles", 2, 28),
-- (88, 1, 0, 200, 285, "Provisions pour dépréciation des titres et valeurs engagés à plus d’un an", 2, 28),
-- (89, 1, 0, 200, 286, "Provisions pour dépréciation des prêts et autres créances à plus d’un an", 2, 28),
-- (90, 1, 0, 200, 29, "29. COMPTES D’ATTENTE ET REGULARISER", 3, 0),
-- (91, 1, 0, 200, 30, "30. MEDICAMENT, MATERIEL MEDICAL ET IMPRIMES", 3, 0),
-- (92, 1, 0, 200, 301, "Médicament", 2, 30),
-- (93, 1, 0, 200, 302, "Imprimés", 2, 30),
-- (94, 1, 0, 200, 303, "Autre stock médical", 2, 30),
-- (95, 1, 0, 200, 304, "Autre stocks non médical", 2, 30),
-- (96, 1, 0, 200, 31, "31. MATIERES ET FOURNITURES", 3, 0),
-- (97, 1, 0, 200, 312, "Combustible", 3, 31),
-- (98, 1, 0, 200, 3120, "Carburant et lubrifiant", 2, 312),
-- (99, 1, 0, 200, 3121, "Pétrole", 2, 312),
-- (100, 1, 0, 200, 3122, "Autres combustibles", 2, 312),
-- (101, 1, 0, 200, 311, "Fournitures", 3, 31),
-- (102, 1, 0, 200, 3110, "Produits d’entretien", 2, 311),
-- (103, 1, 0, 200, 3111, "Fournitures d’atelier et d’usine", 3, 311),
-- (104, 1, 0, 200, 31111, "Pièces de rechange", 2, 3111),
-- (105, 1, 0, 200, 3113, "Fournitures de bureau", 2, 311),
-- (106, 1, 0, 200, 3114, "Fournitures et produits pour services sociaux", 2, 311),
-- (107, 1, 0, 200, 3115, "Autres Fournitures spécifiques aux services", 2, 311),
-- (108, 1, 0, 200, 32, "32. EMBALLAGES COMMERCIAX", 3, 0),
-- (109, 1, 0, 200, 321, "Emballages à vendre", 3, 32),
-- (110, 1, 0, 200, 3210, "Emballages en stocks", 2, 321),
-- (111, 1, 0, 200, 3211, "Emballages sortis", 2, 321),
-- (112, 1, 0, 200, 33, "33. PRODUITS SEMI-OUVRES", 3, 0),
-- (113, 1, 0, 200, 34, "34. PRODUITS FINIS", 3, 0),
-- (114, 1, 0, 200, 35, "35. PRODUITS ET TRAVAUX EN COURS", 3, 0),
-- (115, 1, 0, 200, 36, "36. STOCKS A L’EXTERIEUR", 3, 0),
-- (116, 1, 0, 200, 360, "Stocks en cours de route", 2, 36),
-- (117, 1, 0, 200, 361, "Stocks en consignation", 2, 36),
-- (118, 1, 0, 200, 37, "37. FRAIS ACCESSOIRES D’ACHAT", 3, 0),
-- (119, 1, 0, 200, 370, "Frais de transports sur achats", 2, 37),
-- (120, 1, 0, 200, 371, "Droits de douane à l’importation", 2, 37),
-- (121, 1, 0, 200, 372, "Assurances transports sur achats", 2, 37),
-- (122, 1, 0, 200, 373, "Commissions sur achats", 2, 37),
-- (123, 1, 0, 200, 374, "Frais de transit sur achats", 2, 37),
-- (124, 1, 0, 200, 378, "Autres frais accessoires d’achats", 2, 37),
-- (125, 1, 0, 200, 38, "38. PROVISIONS POUR DEPRECIATION DES COMPTES DE LA CLASSE III", 3, 0),
-- (126, 1, 0, 200, 380, "Provisions pour dépréciation des médicament", 2, 38),
-- (127, 1, 0, 200, 381, "Provisions pour dépréciation des matières et fournitures", 2, 38),
-- (128, 1, 0, 200, 382, "Provisions pour dépréciation des emballages", 2, 38),
-- (129, 1, 0, 200, 384, "Provisions pour dépréciation des produits finis", 2, 38),
-- (130, 1, 0, 200, 386, "Provisions pour dépréciation des stocks détenus à l’extérieur", 2, 38),
-- (131, 1, 0, 200, 39, "39. ACHATS", 3, 0),
-- (132, 1, 0, 200, 390, "Médicament, matériel", 2, 39),
-- (133, 1, 0, 200, 391, "Matériel médical", 2, 39),
-- (134, 1, 0, 200, 392, "Imprimés", 2, 39),
-- (135, 1, 0, 200, 393, "Achat de matière et fournitures spécifiques", 2, 39),
-- (136, 1, 0, 200, 394, "Achat d’emballages commerciaux.", 2, 39),
-- (137, 1, 0, 200, 40, "40. FOURNISSEURS", 3, 0),
-- (138, 1, 0, 200, 400, "Fournisseurs, institutions sanitaires", 2, 40),
-- (139, 1, 0, 200, 401, "Fournisseurs ordinaires", 2, 40),
-- (140, 1, 0, 200, 403, "Fournisseurs, avances et acomptes versés sur valeurs d’exploitation (ou sous-traitance)", 2, 40),
-- (141, 1, 0, 200, 404, "Fournisseurs, emballages et matériels à rendre", 2, 40),
-- (142, 1, 0, 200, 405, "Fournisseurs, factures à recevoir", 2, 40),
-- (143, 1, 0, 200, 406, "Fournisseurs, Etat.", 2, 40),
-- (144, 1, 0, 200, 41, "41. CLIENTS", 3, 0),
-- (145, 1, 0, 200, 410, "Clients, sociétés conventionnées", 3, 41),
-- (146, 1, 0, 200, 4100, "Société x", 2, 410),
-- (147, 1, 0, 200, 4101, "Société y", 2, 410),
-- (148, 1, 0, 200, 415, "Clients, factures à établir", 2, 41),
-- (149, 1, 0, 200, 416, "Ayant droit", 2, 41),
-- (150, 1, 0, 200, 417, "Clients douteux", 2, 41),
-- (151, 1, 0, 200, 42, "42. PERSONNEL", 3, 0),
-- (152, 1, 0, 200, 420, "Avances, acomptes et prêts au personnel", 3, 42),
-- (153, 1, 0, 200, 4200, "debitor et personnel de direction", 2, 420),
-- (154, 1, 0, 200, 4201, "Infirmiers", 2, 420),
-- (155, 1, 0, 200, 4202, "Para médicaux", 2, 420),
-- (156, 1, 0, 200, 422, "Rémunérations dues au personnel", 3, 42),
-- (157, 1, 0, 200, 4220, "Cadres et personnel de direction", 2, 422),
-- (158, 1, 0, 200, 4221, "Infirmiers", 2, 422),
-- (159, 1, 0, 200, 4222, "Para médicaux", 2, 422),
-- (160, 1, 0, 200, 43, "43. ETAT-PUISSANCE PUBLIQUE", 3, 0),
-- (161, 1, 0, 200, 432, "CPR", 2, 43),
-- (162, 1, 0, 200, 45, "45.INSTITUTIONS APPARENTEES", 3, 0),
-- (163, 1, 0, 200, 46, "46. CREDITEURS ET DEBITEURS DIVERS", 3, 0),
-- (164, 1, 0, 200, 460, "Débiteurs divers", 2, 46),
-- (165, 1, 0, 200, 461, "Créditeurs", 3, 46),
-- (166, 1, 0, 200, 4610, "Divers", 3, 461),
-- (167, 1, 0, 200, 46102, "INSS", 2, 4610),
-- (168, 1, 0, 200, 462, "Projets spécifiques", 2, 46),
-- (169, 1, 0, 200, 465, "Organismes internationaux", 2, 46),
-- (170, 1, 0, 200, 466, "466 Autres projets spécifiques", 2, 46),
-- (171, 1, 0, 200, 47, "47. COMPTES DE REGULARISATIONS", 3, 0),
-- (172, 1, 0, 200, 470, "Régularisations passives", 2, 47),
-- (173, 1, 0, 200, 471, "Régularisations actives", 2, 47),
-- (174, 1, 0, 200, 473, "Charges à étaler", 2, 47),
-- (175, 1, 0, 200, 48, "48. PROVISIONS POUR DEPRECIATION DES COMPTES DE LA CLASSE IV", 3, 0),
-- (176, 1, 0, 200, 480, "Provisions pour dépréciation des comptes des fournisseurs débiteurs", 2, 48),
-- (177, 1, 0, 200, 481, "Provisions pour dépréciation des comptes clients", 2, 48),
-- (178, 1, 0, 200, 49, "49. COMPTES D’ATTENTE ET A REGULARISER", 3, 0),
-- (179, 1, 0, 200, 50, "50. EMPRUNTS A MOINS D’UN AN", 3, 0),
-- (180, 1, 0, 200, 500, "Emprunts auprès de l’Etat ou des organismes publics", 2, 50),
-- (181, 1, 0, 200, 501, "Emprunts auprès des organismes", 2, 50),
-- (182, 1, 0, 200, 503, "Emprunts bancaires", 2, 50),
-- (183, 1, 0, 200, 51, "51. PRETS A MOINS D’UN AN", 3, 0),
-- (184, 1, 0, 200, 510, "Prêts auprès de l’Etat ou organismes publics", 2, 51),
-- (185, 1, 0, 200, 511, "Prêts auprès des entreprises", 2, 51),
-- (186, 1, 0, 200, 513, "Prêts bancaires", 2, 51),
-- (187, 1, 0, 200, 56, "56. BANQUES ET INSTITUTIONS FINANCIERES", 3, 0),
-- (188, 1, 0, 200, 562, "Banques de dépôt", 3, 56),
-- (189, 1, 0, 200, 5620, "Banque FC", 2, 562),
-- (190, 1, 0, 200, 5621, "Banque $", 2, 562),
-- (191, 1, 0, 200, 5622, "Banque EU", 2, 562),
-- (192, 1, 0, 200, 563, "Institutions et autres établissements financiers", 2, 56),
-- (193, 1, 0, 200, 57, "57. CAISSES", 3, 0),
-- (194, 1, 0, 200, 5701, "Caisses Fc", 2, 57),
-- (195, 1, 0, 200, 5702, "Caisses $", 2, 57),
-- (196, 1, 0, 200, 5703, "Caisses €", 2, 57),
-- (197, 1, 0, 200, 58, "58. PROVISIONS POUR DEPRECIATION DES COMPTES DE LA CLASSE V", 3, 0),
-- (198, 1, 0, 200, 59, "59. VIREMENTS INTERNES", 3, 0),
-- (199, 1, 0, 200, 590, "Caisse Fc à Banque Fc", 2, 59),
-- (200, 1, 0, 200, 591, "Caisse $ à Banque $", 2, 59),
-- (201, 1, 0, 200, 592, "Banque $ à Caisse Fc", 2, 59),
-- (202, 1, 0, 200, 593, "Banque € à Caisse Fc", 2, 59),
-- (203, 1, 0, 200, 60, "60. STOCKS VENDUS", 3, 0),
-- (204, 1, 0, 200, 600, "Médicaments vendus", 1, 60),
-- (205, 1, 0, 200, 607, "Imprimés vendus", 1, 60),
-- (206, 1, 0, 200, 608, "Matériel médical et nonmédical vendu", 3, 60),
-- (207, 1, 0, 200, 6080, "Matériel médical vendu", 1, 608),
-- (208, 1, 0, 200, 6085, "Matériel non médical vendu", 1, 608),
-- (209, 1, 0, 200, 61, "61. MATIERES ET FOURNITURES CONSOMMEES", 3, 0),
-- (210, 1, 0, 200, 611, "Fournitures consommées", 3, 61),
-- (211, 1, 0, 200, 6110, "Produits d’entretien", 1, 611),
-- (212, 1, 0, 200, 6111, "Fournitures spécifiques", 1, 611),
-- (213, 1, 0, 200, 6113, "Fournitures de bureau", 1, 611),
-- (214, 1, 0, 200, 6114, "Fournitures et produits médicaux", 1, 611),
-- (215, 1, 0, 200, 6119, "Divers consommés", 1, 611),
-- (216, 1, 0, 200, 612, "Matières consommées", 3, 61),
-- (217, 1, 0, 200, 6120, "Carburant et lubrifiant", 1, 612),
-- (218, 1, 0, 200, 6125, "Autres Combustibles consommés", 1, 612),
-- (219, 1, 0, 200, 6126, "Electricité", 1, 612),
-- (220, 1, 0, 200, 6127, "Eau", 1, 612),
-- (221, 1, 0, 200, 613, "Pièces de rechange", 1, 61),
-- (222, 1, 0, 200, 614, "Emballages consommés", 1, 61),
-- (223, 1, 0, 200, 62, "62. TRANSPORTS CONSOMMES", 3, 0),
-- (224, 1, 0, 200, 620, "Transports sur ventes", 3, 62),
-- (225, 1, 0, 200, 6200, "Transports par fer", 1, 620),
-- (226, 1, 0, 200, 6201, "Transports par route", 1, 620),
-- (227, 1, 0, 200, 6202, "Transports maritimes", 1, 620),
-- (228, 1, 0, 200, 6203, "Transport aériens", 1, 620),
-- (229, 1, 0, 200, 6204, "Transports fluviaux", 1, 620),
-- (230, 1, 0, 200, 621, "Transports du personnel", 1, 62),
-- (231, 1, 0, 200, 623, "Déplacements et voyages", 1, 62),
-- (232, 1, 0, 200, 627, "Transports pour comptes de tiers", 1, 62),
-- (233, 1, 0, 200, 628, "Autres frais de transports", 1, 62),
-- (234, 1, 0, 200, 63, "63. AUTRES SERVICES CONSOMMES", 3, 0),
-- (235, 1, 0, 200, 630, "Loyers et charges locatives", 1, 63),
-- (236, 1, 0, 200, 631, "Entretien et réparations", 3, 63),
-- (237, 1, 0, 200, 6310, "Entretien des bâtiments", 1, 631),
-- (238, 1, 0, 200, 6311, "Entretien des véhicules et motos", 1, 631),
-- (239, 1, 0, 200, 6312, "Entretien des machines", 1, 631),
-- (240, 1, 0, 200, 6313, "Entretien de la cour", 1, 631),
-- (241, 1, 0, 200, 6314, "Entretien divers", 1, 631),
-- (242, 1, 0, 200, 632, "Rémunérations d’intermédiaires et honoraires", 3, 63),
-- (243, 1, 0, 200, 6320, "Honoraires", 1, 632),
-- (244, 1, 0, 200, 6321, "Frais d’acte", 1, 632),
-- (245, 1, 0, 200, 633, "Achat de services extérieurs", 3, 63),
-- (246, 1, 0, 200, 6330, "Service bancaires", 1, 633),
-- (247, 1, 0, 200, 6331, "Frais de postes et télécommunications", 1, 633),
-- (248, 1, 0, 200, 6333, "Frais de mission", 1, 633),
-- (249, 1, 0, 200, 6334, "Organismes d’études, d’assistance technique et de formation", 1, 633),
-- (250, 1, 0, 200, 634, "Commissions et courtages sur ventes", 1, 63),
-- (251, 1, 0, 200, 635, "Quote-part des frais de siège à l’étranger", 1, 63),
-- (252, 1, 0, 200, 636, "Publicité", 1, 63),
-- (253, 1, 0, 200, 64, "64. CHARGES ET PERTES DIVERSES", 3, 0),
-- (254, 1, 0, 200, 640, "Primes d’assurance", 3, 64),
-- (255, 1, 0, 200, 6401, "Assurance véhicule", 1, 640),
-- (256, 1, 0, 200, 6402, "Assurance moto", 1, 640),
-- (257, 1, 0, 200, 6403, "Assurance autres biens", 1, 640),
-- (258, 1, 0, 200, 6407, "Autres primes d’assurance", 1, 640),
-- (259, 1, 0, 200, 642, "Rémunérations des dirigeants non salariés", 3, 64),
-- (260, 1, 0, 200, 6420, "Jetons de présence", 1, 642),
-- (261, 1, 0, 200, 6425, "Autres", 1, 642),
-- (262, 1, 0, 200, 645, "Subventions accordées, dons et cotisations", 3, 64),
-- (263, 1, 0, 200, 6450, "Subventions accordées", 1, 645),
-- (264, 1, 0, 200, 6451, "Dons", 1, 645),
-- (265, 1, 0, 200, 6452, "Cotisations", 1, 645),
-- (266, 1, 0, 200, 646, "Différences de change", 1, 64),
-- (267, 1, 0, 200, 647, "Créances irrécouvrables", 1, 64),
-- (268, 1, 0, 200, 648, "Amendes pénales", 1, 64),
-- (269, 1, 0, 200, 649, "Autres", 3, 64),
-- (270, 1, 0, 200, 6490, "Soins médicaux aux pensionnés", 1, 649),
-- (271, 1, 0, 200, 6491, "Soin médicaux aux indigents", 1, 649),
-- (272, 1, 0, 200, 6492, "Assistances sociales", 1, 649),
-- (273, 1, 0, 200, 65, "65. CHARGES DU PERSONNEL", 3, 0),
-- (274, 1, 0, 200, 651, "Rémunérations", 3, 65),
-- (275, 1, 0, 200, 6510, "Salaires de base", 1, 651),
-- (276, 1, 0, 200, 6511, "Primes et gratifications", 1, 651),
-- (277, 1, 0, 200, 6512, "Commissions", 1, 651),
-- (278, 1, 0, 200, 6513, "Allocations familiales légales", 1, 651),
-- (279, 1, 0, 200, 652, "Charges sociales diverses", 3, 65),
-- (280, 1, 0, 200, 6520, "I.N.S.S.", 1, 652),
-- (281, 1, 0, 200, 6521, "Autres charges sociales (I.N.P.P., assurances diverses)", 1, 652),
-- (282, 1, 0, 200, 653, "Indemnités et divers", 3, 65),
-- (283, 1, 0, 200, 6530, "Indemnités diverses", 1, 653),
-- (284, 1, 0, 200, 6531, "Frais médicaux, pharmaceutiques, d’hospitalisation et funéraires", 1, 653),
-- (285, 1, 0, 200, 6532, "Frais de transport du personnel", 1, 653),
-- (286, 1, 0, 200, 66, "66. CONTRIBUTIONS ET TAXES", 3, 0),
-- (287, 1, 0, 200, 661, "Contributions directes", 3, 66),
-- (288, 1, 0, 200, 6611, "Taxe sur véhicule", 1, 661),
-- (289, 1, 0, 200, 612, "Taxe sur moto", 1, 66),
-- (290, 1, 0, 200, 67, "67. INTERETS", 3, 0),
-- (291, 1, 0, 200, 670, "Intérêts des emprunts", 1, 67),
-- (292, 1, 0, 200, 672, "Intérêts des comptes courants et des dépôts créditeurs", 1, 67),
-- (293, 1, 0, 200, 673, "Intérêts bancaires", 1, 67),
-- (294, 1, 0, 200, 674, "Autres intérêts", 1, 67),
-- (295, 1, 0, 200, 675, "Escomptes financiers accordés", 1, 67),
-- (296, 1, 0, 200, 68, "68. DOTATION AUX AMORTISSEMENTS ET PROVISIONS", 3, 0),
-- (297, 1, 0, 200, 680, "Dotation aux amortissements", 1, 68),
-- (298, 1, 0, 200, 681, "Dotation aux provisions non exigibles", 1, 68),
-- (299, 1, 0, 200, 682, "Dotation aux provisions exigibles", 1, 68),
-- (300, 1, 0, 200, 70, "70. VENTES EN L’ETAT", 3, 0),
-- (301, 1, 0, 200, 700, "Ventes de médicaments", 1, 70),
-- (302, 1, 0, 200, 701, "Ventes de matériels médicaux", 1, 70),
-- (303, 1, 0, 200, 702, "Ventes des matériels non médicaux", 1, 70),
-- (304, 1, 0, 200, 703, "Ventes des imprimés", 1, 70),
-- (305, 1, 0, 200, 706, "Réductions sur ventes", 1, 70),
-- (306, 1, 0, 200, 707, "Ventes d’emballage récupérables", 1, 70),
-- (307, 1, 0, 200, 71, "71. PRODUCTION VENDUE", 3, 0),
-- (308, 1, 0, 200, 710, "Médicaments vendus (transformés sur place)", 3, 71),
-- (309, 1, 0, 200, 7110, "Recettes Actes infirmiers", 1, 710),
-- (310, 1, 0, 200, 711, "Prestations de services", 3, 71),
-- (311, 1, 0, 200, 7111, "Prestations Consultations", 1, 711),
-- (312, 1, 0, 200, 7112, "Prestations Orthopédie", 1, 711),
-- (313, 1, 0, 200, 7113, "Prestations Ophtalmologie", 1, 711),
-- (314, 1, 0, 200, 7114, "Prestations Médecine interne", 1, 711),
-- (315, 1, 0, 200, 7115, "Prestations Chirurgie", 1, 711),
-- (316, 1, 0, 200, 7116, "Prestations Dentisterie", 1, 711),
-- (317, 1, 0, 200, 7117, "Prestations Maternité", 1, 711),
-- (318, 1, 0, 200, 7118, "Prestations Laboratoire", 1, 711),
-- (319, 1, 0, 200, 7119, "Prestations Radiologie", 1, 711),
-- (320, 1, 0, 200, 7120, "Prestations Echographie", 1, 711),
-- (321, 1, 0, 200, 7121, "Prestations Kinésithérapie", 1, 711),
-- (322, 1, 0, 200, 7122, "Prestations Hospitalisation", 1, 711),
-- (323, 1, 0, 200, 7123, "Prestations CPN", 1, 711),
-- (324, 1, 0, 200, 7124, "Prestations CPS", 1, 711),
-- (325, 1, 0, 200, 7125, "Prestations CND", 1, 711),
-- (326, 1, 0, 200, 7126, "Autres Prestations", 1, 711),
-- (327, 1, 0, 200, 716, "Réductions sur ventes des production", 1, 71),
-- (328, 1, 0, 200, 717, "Ventes d’emballages récupérables", 1, 71),
-- (329, 1, 0, 200, 718, "Autres production vendue", 1, 71),
-- (330, 1, 0, 200, 72, "72. PRODUCTION STOCKEE", 3, 0),
-- (331, 1, 0, 200, 722, "Emballages commerciaux fabriqués par l’agent économique", 1, 72),
-- (332, 1, 0, 200, 723, "Produits Pharmaceutiques semi-ouvrés", 1, 72),
-- (333, 1, 0, 200, 724, "Produits finis", 1, 72),
-- (334, 1, 0, 200, 725, "Produits et travaux en cours", 1, 72),
-- (335, 1, 0, 200, 74, "74. PRODUITS ET PROFITS DIVERS", 3, 0),
-- (336, 1, 0, 200, 740, "Ristournes, rabais et remises obtenus hors factures", 1, 74),
-- (337, 1, 0, 200, 741, "Bonifications obtenues de fournisseurs", 1, 74),
-- (338, 1, 0, 200, 742, "Réquisition médecin", 1, 74),
-- (339, 1, 0, 200, 745, "Cotisations et dons reçus", 1, 74),
-- (340, 1, 0, 200, 746, "Bonis sur reprise d’emballages consignés", 1, 74),
-- (341, 1, 0, 200, 747, "Subventions d’équipement reprises pour quote-part", 1, 74),
-- (342, 1, 0, 200, 749, "Atres produits et profits divers", 1, 74),
-- (343, 1, 0, 200, 76, "76. SUBVENTIONS D’EXPLOITATION ET HORS EXPLOITATION", 3, 0),
-- (344, 1, 0, 200, 760, "Subventions accordées par l’Etat", 1, 76),
-- (345, 1, 0, 200, 761, "Subventions des Centres de santé", 1, 76),
-- (346, 1, 0, 200, 762, "Subvention organismes privés Etrangers", 1, 76),
-- (347, 1, 0, 200, 763, "Subventions organismes privés étrangers .", 1, 76),
-- (348, 1, 0, 200, 764, "Subventions d’autres institutions", 1, 76),
-- (349, 1, 0, 200, 765, "Don en médicament", 1, 76),
-- (350, 1, 0, 200, 78, "78. REPRISE SUR AMORTISSEMENTS ET PROVISIONS", 3, 0),
-- (351, 1, 0, 200, 780, "Reprises sur amortissements", 1, 78),
-- (352, 1, 0, 200, 781, "Reprises sur provisions non exigibles", 1, 78),
-- (353, 1, 0, 200, 782, "Reprises sur provisions exigibles", 1, 78);
--
-- configure debitors

INSERT INTO `debitor_group_type` (`id`, `type`) values
  (1, 'Employees'),
  (3, 'Malades Ambulatoire'),
  (4, 'Malades Interne');

INSERT INTO `debitor_group` (`enterprise_id`, `id`, `name`, `account_id`, `location_id`, `payment_id`, `note`, `tax_id`, `type_id`, `is_convention`) values 
 (200, 1, "Patients payant cache", 10, 1, 1, '', 1, 1, 0), 
 (200, 2, "Patient conventionne", 10, 1, 1, '', 1, 1, 1), 
 (200, 3, "Employes", 10, 1, 1, '', 1, 1, 0),
 (200, 4, "Officiers CPC&CNCO", 10, 1, 1, '', 1, 4, 0),
 (200, 5, "Apparentes", 10, 1, 1, '', 1, 4, 1);

-- INSERT INTO `debitor` (`id`, `group_id`, `text`) values 
--   (1, 1, "Jon Niles");
--
-- INSERT INTO `patient` (`id`, `debitor_id`, `sex`, `first_name`, `last_name`, `dob`, `origin_location_id`, `current_location_id`) values
--   (1, 1, "M","Jon", "Niles", "1992-06-07", 1, 1);
--
-- configure inventory

INSERT INTO `inventory_unit` (`text`) values
  ('Act'),
	('Pallet'), ('Pill'), ('Box'), ('Lot');

INSERT INTO `inventory_type` values
  (0,'Article'),
  (1,'Assembly'),
  (2,'Service'),
  (3,'Discount');

INSERT INTO `inventory_group` (`code`, `name`, `sales_account`) values 
  (010 , 'Consultation'      , 942) ,
  (020 , 'Administration'    , 940) ,
  (030 , 'Hospitalization'   , 949) ,
	(040 , 'Labo'              , 952) ,
	(050 , 'Chirurgie'         , 10)  ,
  (060 , 'Platre'            , 967) ,
	(070 , 'Radiologie'        , 969) ,
	(080 , 'Orl'               , 975) ,
  (090 , 'Accouchement PAX'  , 10)  ,
	(091 , 'Consultation MEDE' , 10)  ,
	(100 , 'Comprimes Medicam' , 10)  ,
  (110 , 'Liquide Interne'   , 10)  ,
  (120 , 'Injectable'        , 951) ,
  (130 , 'Perfusion'         , 968) ,
	(140 , 'Frais (Frigo)'     , 10)  ,
	(150 , 'Externe'           , 10)  ,
  (160 , 'Production Locale' , 10)  ,
	(170 , 'Petit Materiel'    , 10)  ,
	(180 , 'Optique'           , 962) ,
  (190 , 'Caution/Impaye'    , 10);

/*
INSERT INTO `inventory` (`enterprise_id`, `code`, `text`, `price`, `group_id`, `unit_id`, `unit_weight`, `unit_volume`, `stock`, `stock_max`, `stock_min`, `type_id`, `consumable`) values 
  (200, 'CHCRAN', 'Craniotomie'                     , 21.00, 1, 1, 0, 0, 0, 0, 0, 2, 0),
 	(200, 'CHGLOB', 'Goitre Lobectomie/Hemithyroidect', 20.00, 1, 1, 0, 0, 0, 0, 0, 2, 0),
 	(200, 'CHGTHY', 'Goitre Thyroidectomie Sobtotale' , 18.00, 1, 1, 0, 0, 0, 0, 0, 2, 0),
 	(200, 'CHEXKY', 'Excision De Kyste Thyroiglosse'  , 17.50, 1, 1, 0, 0, 0, 0, 0, 2, 0),
 	(200, 'CHPASU', 'Parotidectomie Superficielle'    , 16.00, 1, 1, 0, 0, 0, 0, 0, 2, 0),
 	(200, 'CHTRAC', 'Trachectome'                     , 25.00, 1, 1, 0, 0, 0, 0, 0, 2, 0),
 	(200, 'EXKYSB', 'Kyste Sublingual'                , 23.00, 1, 1, 0, 0, 0, 0, 0, 2, 0),
 	(200, 'EXKYPB', 'Petite Kyste De La Bouche'       , 32.00, 1, 1, 0, 0, 0, 0, 0, 2, 0),
  (200, 'FCEMPL', 'Fiches employee'                 , 4.00,  4, 1, 0, 0, 0, 0, 0, 0, 0),
  (200, 'FCINFA', 'Fiches Infante'                  , 4.00,  4, 1, 0, 0, 0, 0, 0, 0, 0),
  (200, 'FCADUL', 'Fiches Adulte'                   , 8.00,  4, 1, 0, 0, 0, 0, 0, 0, 0),
  (200, 'DNT'   , 'Enterprise Level Discount'       , 0.00,  5, 1, 0, 0, 0, 0, 0, 3, 0);
*/
INSERT INTO `inventory` (`code`, `text`, `price`, `enterprise_id`, `group_id`, `unit_id`, `stock`, `stock_max`, `type_id`, `consumable`, `stock_min`) VALUES 
("800000", "Administrative charge (%)", "0", "200", "1", "1", "1", "100000000", "0", "0", "0"),
("010001","Consulation médecin ambulatoire","2.66","200","1","2","1","100000000","0","1","0"),
("010002","CONSULTATION MEDECIN/ HOSPITALISATION","10.00","200","1","2","1","100000000","0","1","0"),
("010003","Consultation Spéciale (visite directe du médecin)","12.00","200","1","2","1","100000000","0","1","0"),
("010004","Examen  Physique..................................","5.85","200","1","2","1","100000000","0","1","0"),
("010005","Transfert médecin ( ambulatoire )","1.00","200","1","2","1","100000000","0","1","0"),
("010006","Urgence simple ( Soins infirmiers + médicamants )","3.50","200","1","2","1","100000000","0","1","0"),
("010007","Urgence Soins médecin de garde ( suture , Hosp. )","9.35","200","1","2","1","100000000","0","1","0"),
("011001","Accouchement maternité pax","11.50","200","1","2","1","100000000","0","1","0"),
("012001","Consultation médecin en urgence(Pax)","10.00","200","1","2","1","100000000","0","1","0"),
("020002","Frais consultation nouvelle fiche","1.14","200","2","2","1","100000000","0","1","0"),
("020003","*Frais de consultation ( Ancienne Fiche ) ........","0.57","200","2","2","1","100000000","0","1","0"),
("020008","Abonnement TBC ( un traitement) 8 mois Adulte .(Gr","0.57","200","2","2","1","100000000","0","1","0"),
("020009","Abonnement TBC  6 mois  Enfant .(Gratuit).........","0","200","2","2","1","100000000","0","1","0"),
("020010","Abonnement diabétiques (Glucosurie 3xsemaine","24.00","200","2","2","1","100000000","0","1","0"),
("020011","(non compris les éventuels tests de glycémie sangu","0","200","2","2","1","100000000","0","1","0"),
("020012","Abonnement prenatal ..............................","5.00","200","2","2","1","100000000","0","1","0"),
("020015","Rapport médical ..................................","15.60","200","2","2","1","100000000","0","1","0"),
("020024","Carnet  de consultation ..........................","6.50","200","2","2","1","100000000","0","1","0"),
("020025","Frais administratifs","0.05","200","2","2","1","100000000","0","1","0"),
("020027","Embaumement","200.00","200","2","2","1","100000000","0","1","0"),
("020028","Document funeraires","50.00","200","2","2","1","100000000","0","1","0"),
("030001","FRAIS  D'ADMISSION ...............................","1.10","200","3","2","1","100000000","0","1","0"),
("030002","FRAIS DE SEJOUR","0","200","3","2","1","100000000","0","1","0"),
("030003","Salle  commune ...................................","1.15","200","3","2","1","100000000","0","1","0"),
("030004","Chambre Semi-privée ..............................","3.50","200","3","2","1","100000000","0","1","0"),
("030005","Chambre privée ...................................","6.85","200","3","2","1","100000000","0","1","0"),
("030006","Chambre speciale ( voir l' Administration ) ......","30.00","200","3","2","1","100000000","0","1","0"),
("030008","autre echographie","10.00","200","3","2","1","100000000","0","1","0"),
("030009","Nourriture ordinaire","0","200","3","2","1","100000000","0","1","0"),
("030010","Chambre commune ..................................","0.85","200","3","2","1","100000000","0","1","0"),
("030011","Repas Ordinaire ..................................","1.50","200","3","2","1","100000000","0","1","0"),
("030012","Soins médicaux","6.10","200","3","2","1","100000000","0","1","0"),
("030013","Soins médicaux avec urgence","9.75","200","3","2","1","100000000","0","1","0"),
("030014","Accouchement  vaginal(3 jours d'hospitalisation in","2.00","200","3","2","1","100000000","0","1","0"),
("030016","Fausse  couche .(1 jour d'hospitalisation inclus).","0.85","200","3","2","1","100000000","0","1","0"),
("040001","HEMATOLOGIE ( Catégorie A ) ......................","1.30","200","4","2","1","100000000","0","1","0"),
("040002","Formule  leucocytaire ( F.L. ) ...................","1.95","200","4","2","1","100000000","0","1","0"),
("040003","Electrophorèse  ( Hgb ) ..........................","3.90","200","4","2","1","100000000","0","1","0"),
("040004","Hematocrite ......................................","1.30","200","4","2","1","100000000","0","1","0"),
("040005","consommables labo","1.00","200","4","2","1","100000000","0","1","0"),
("040006","Vitesse de sédimentation .........................","1.30","200","4","2","1","100000000","0","1","0"),
("040007","Goutte épaisse ...................................","1.30","200","4","2","1","100000000","0","1","0"),
("040008","Gastroscopie ( rectognoistoscopie ) ..............","12.00","200","4","2","1","100000000","0","1","0"),
("040009","CHIMIE ( Catégorie C ) ...........................","4.55","200","4","2","1","100000000","0","1","0"),
("040010","CULTURE ( Catégorie D) ...........................","5.20","200","4","2","1","100000000","0","1","0"),
("040011","Antibiogramme ( supplement à ajouter au prix ) ...","1.95","200","4","2","1","100000000","0","1","0"),
("040012","Frottis gram .....................................","2.60","200","4","2","1","100000000","0","1","0"),
("040013","Frottis de crachat Ziehl- Neelsen ................","0.75","200","4","2","1","100000000","0","1","0"),
("040014","Frottis Fontana ..................................","2.60","200","4","2","1","100000000","0","1","0"),
("040015","ASO Titre ........................................","5.20","200","4","2","1","100000000","0","1","0"),
("040016","Electrocardiogramme ..............................","7.80","200","4","2","1","100000000","0","1","0"),
("040017","Liquide - cephalo rachidien ......................","4.55","200","4","2","1","100000000","0","1","0"),
("040018","Ponction kyste ...................................","1.30","200","4","2","1","100000000","0","1","0"),
("040019","Sang occulte .....................................","1.30","200","4","2","1","100000000","0","1","0"),
("040020","Scarification pour B.H. ..........................","2.93","200","4","2","1","100000000","0","1","0"),
("040021","Scarification pour microfilaire ..................","1.30","200","4","2","1","100000000","0","1","0"),
("040022","Selles concentrées ...............................","1.95","200","4","2","1","100000000","0","1","0"),
("040023","Selles routines ..................................","1.30","200","4","2","1","100000000","0","1","0"),
("040024","Shake test .......................................","6.50","200","4","2","1","100000000","0","1","0"),
("040025","Spermogramme .....................................","6.50","200","4","2","1","100000000","0","1","0"),
("040026","Test de glycémie sanguine ........................","2.00","200","4","2","1","100000000","0","1","0"),
("040027","Test de grossesse ................................","3.50","200","4","2","1","100000000","0","1","0"),
("040028","Test Welcome .....................................","7.80","200","4","2","1","100000000","0","1","0"),
("040029","Tolérance de glucose .............................","5.20","200","4","2","1","100000000","0","1","0"),
("040030","Urine complète ...................................","2.60","200","4","2","1","100000000","0","1","0"),
("040031","Groupe + Rh ......................................","2.60","200","4","2","1","100000000","0","1","0"),
("040032","Préparation ( comptabilité ) .....................","3.90","200","4","2","1","100000000","0","1","0"),
("040033","Matériel ( Trousse + Poches  de sang ) ...........","7.80","200","4","2","1","100000000","0","1","0"),
("040034","Paiement  au donneur  de sang ....................","10.87","200","4","2","1","100000000","0","1","0"),
("040035","Test de Coombs  direct ...........................","11.05","200","4","2","1","100000000","0","1","0"),
("040036","HISTOLOGIE .......................................","60.00","200","4","2","1","100000000","0","1","0"),
("040037","CYTOLOGIE ........................................","7.80","200","4","2","1","100000000","0","1","0"),
("050001","Amniocenthèse ....................................","10.00","200","5","2","1","100000000","0","1","0"),
("050002","Biopsie de foie ..................................","10.00","200","5","2","1","100000000","0","1","0"),
("050003","Laparacentèse ....................................","10.00","200","5","2","1","100000000","0","1","0"),
("050004","Thoracentèse .....................................","10.00","200","5","2","1","100000000","0","1","0"),
("050005","Cerclage   du  col ...............................","20.00","200","5","2","1","100000000","0","1","0"),
("050006","Dilatation  et curetage ..........................","20.00","200","5","2","1","100000000","0","1","0"),
("050007","Drainage  abcès de Douglas .......................","20.00","200","5","2","1","100000000","0","1","0"),
("050008","Incision & Drainage ..............................","20.00","200","5","2","1","100000000","0","1","0"),
("050009","Kyste  cynovial ..................................","10.00","200","5","2","1","100000000","0","1","0"),
("050010","Ligature  des trompes ............................","13.00","200","5","2","1","100000000","0","1","0"),
("050011","Petite  greffe de peau ...........................","20.00","200","5","2","1","100000000","0","1","0"),
("050012","Petit  lipome ....................................","20.00","200","5","2","1","100000000","0","1","0"),
("050013","Petite chirurgie .................................","20.00","200","5","2","1","100000000","0","1","0"),
("050014","Pterygion ........................................","20.00","200","5","2","1","100000000","0","1","0"),
("050015","Radium x 2 insertion .............................","20.00","200","5","2","1","100000000","0","1","0"),
("050016","Bec de lièvre ....................................","60.00","200","5","2","1","100000000","0","1","0"),
("050017","Césarienne (7 jours d'hospitalisation inclus).....","60.00","200","5","2","1","100000000","0","1","0"),
("050018","Grossesse ectopique (7 jours d'hospitalisation inc","60.00","200","5","2","1","100000000","0","1","0"),
("050019","Cataracte ........................................","60.00","200","5","2","1","100000000","0","1","0"),
("050020","Enucléation ......................................","60.00","200","5","2","1","100000000","0","1","0"),
("050021","Fracture  simple .................................","60.00","200","5","2","1","100000000","0","1","0"),
("050022","Glaucome .........................................","60.00","200","5","2","1","100000000","0","1","0"),
("050023","Mi-laparatomie(3 jours d'hospitalisation inclus) .","60.00","200","5","2","1","100000000","0","1","0"),
("050024","Hernie simple ( + 30 % pour hernie bilatérale ) ..","60.00","200","5","2","1","100000000","0","1","0"),
("050025","Hydrocelectomie","60.00","200","5","2","1","100000000","0","1","0"),
("050026","Hystérectomie ( abdominale + vaginale ) (7 jrs d'h","60.00","200","5","2","1","100000000","0","1","0"),
("050027","Lacération de la corne ...........................","60.00","200","5","2","1","100000000","0","1","0"),
("050028","Laparascopie .(2 jours d'hospitalisation inclus)..","60.00","200","5","2","1","100000000","0","1","0"),
("050029","mi-laparatomie(3 jours d'hospitalisation inclus)..","60.00","200","5","2","1","100000000","0","1","0"),
("050030","Ostéomyelite .....................................","60.00","200","5","2","1","100000000","0","1","0"),
("050031","Ténotomie ........................................","100.00","200","5","2","1","100000000","0","1","0"),
("050032","Chlolécystectomie ................................","90.00","200","5","2","1","100000000","0","1","0"),
("050033","Dacryecystorhinostomie ...........................","90.00","200","5","2","1","100000000","0","1","0"),
("050034","Exploration d' orbite ............................","90.00","200","5","2","1","100000000","0","1","0"),
("050035","Gastrectomie ou vagotomie drainage ...............","90.00","200","5","2","1","100000000","0","1","0"),
("050036","Greffe  de  peau ( Grande ) ......................","90.00","200","5","2","1","100000000","0","1","0"),
("050037","Hernie étranglée .................................","90.00","200","5","2","1","100000000","0","1","0"),
("050038","Hystérectomie  radicale plus gangliectomie (1 jour","90.00","200","5","2","1","100000000","0","1","0"),
("050039","Laparatomie Exploratrice ( appendicectomie ) .....","90.00","200","5","2","1","100000000","0","1","0"),
("050040","Néphrectomie .....................................","90.00","200","5","2","1","100000000","0","1","0"),
("050041","Occlusion intestinale ............................","90.00","200","5","2","1","100000000","0","1","0"),
("050042","Opération de miles ...............................","90.00","200","5","2","1","100000000","0","1","0"),
("050043","Ostéosynthèse ....................................","90.00","200","5","2","1","100000000","0","1","0"),
("050044","Péritonite .......................................","90.00","200","5","2","1","100000000","0","1","0"),
("050045","Prostatectomie ...................................","90.00","200","5","2","1","100000000","0","1","0"),
("050046","Réduction ouverte ................................","90.00","200","5","2","1","100000000","0","1","0"),
("050047","Réparation fistule vésico-vaginale ...............","200.00","200","5","2","1","100000000","0","1","0"),
("050048","Réparation fistule recto-vaginale ................","90.00","200","5","2","1","100000000","0","1","0"),
("050049","Hystérectomie vaginale avec reparation de cystocèl","90.00","200","5","2","1","100000000","0","1","0"),
("050050","suspension du vagin(1 jour inclus)","0","200","5","2","1","100000000","0","1","0"),
("050051","Splénectomie .....................................","90.00","200","5","2","1","100000000","0","1","0"),
("050052","Myomectomie","90.00","200","5","2","1","100000000","0","1","0"),
("050053","AMPUTATION","90.00","200","5","2","1","100000000","0","1","0"),
("050054","REPARATION","90.00","200","5","2","1","100000000","0","1","0"),
("060001","Pieds bottes .....................................","39.00","200","6","2","1","100000000","0","1","0"),
("060002","Plâtre  bras .....................................","25.00","200","6","2","1","100000000","0","1","0"),
("060003","Plâtre jambe .....................................","49.00","200","6","2","1","100000000","0","1","0"),
("060004","Spica  enfant ....................................","31.00","200","6","2","1","100000000","0","1","0"),
("060005","Spica adulte .....................................","62.00","200","6","2","1","100000000","0","1","0"),
("060006","Béquilles ........................................","24.00","200","6","2","1","100000000","0","1","0"),
("070001","Catégorie 1 (18x24 cm, 24x30 cm)..................","6.00","200","7","2","1","100000000","0","1","0"),
("070002","Catégorie 2 (30x40 cm, 35x35 cm, 35x43 cm)........","8.00","200","7","2","1","100000000","0","1","0"),
("070003","Catégorie 3","0","200","7","2","1","100000000","0","1","0"),
("070004","Urographie intraveineuse .........................","47.50","200","7","2","1","100000000","0","1","0"),
("070005","Repas  baryté + films ............................","39.00","200","7","2","1","100000000","0","1","0"),
("070006","Lavement baryté + films ..........................","39.00","200","7","2","1","100000000","0","1","0"),
("070007","Urgence Radiologie................................","1.95","200","7","2","1","100000000","0","1","0"),
("080001","Lavage d'oreille","6.00","200","8","2","1","100000000","0","1","0"),
("080002","Pansement + mechage ( nez ou oreille )","10.00","200","8","2","1","100000000","0","1","0"),
("080003","Test audiometrique: conduction aérienne ATL,","0","200","8","2","1","100000000","0","1","0"),
("080004","Tympanometrie et reflexe","7.00","200","8","2","1","100000000","0","1","0"),
("080005","Cauterisation du nez au nitrate","0","200","8","2","1","100000000","0","1","0"),
("080006","Attouchement du meat sinusien(utilise l'anesthesiq","24.00","200","8","2","1","100000000","0","1","0"),
("080007","Tamponnement du nez","10.00","200","8","2","1","100000000","0","1","0"),
("080008","Epreuve vestibulaire calorique(Etude du vertige )","62.50","200","8","2","1","100000000","0","1","0"),
("080009","Extraction  de corps étranger : Oreille et Nez","20.00","200","8","2","1","100000000","0","1","0"),
("080010","Endoscopie ORL( Utilise l'endoscope)","12.00","200","8","2","1","100000000","0","1","0"),
("080011","Traitement par Aérosol( Aérosolthérapie) 10 séance","24.00","200","8","2","1","100000000","0","1","0"),
("080012","Ponction d'aspiration d'un phelgmon Pharyngie","24.00","200","8","2","1","100000000","0","1","0"),
("090002","Ultrason ( Ecographie obstetrique )...............","6.50","200","9","2","1","100000000","0","1","0"),
("100001","acetazolamide250 mg","0.89","200","11","2","1","100000000","0","1","0"),
("100002","acide folique5 mg","0.02","200","11","2","1","100000000","0","1","0"),
("100003","albendazole","0.13","200","11","2","1","100000000","0","1","0"),
("100004","allopurinol 100 mg100 mg","0.03","200","11","2","1","100000000","0","1","0"),
("100005","Aminophyline100 mg","0.01","200","11","2","1","100000000","0","1","0"),
("100006","Amitriptyline25 mg","0.02","200","11","2","1","100000000","0","1","0"),
("100007","amoxycilline 250 mg","0.04","200","11","2","1","100000000","0","1","0"),
("100008","amoxycilline 500 mg500 mg","0.08","200","11","2","1","100000000","0","1","0"),
("100009","ampicilline 250 mg caps","0.03","200","11","2","1","100000000","0","1","0"),
("100010","ampicilline 500 mg caps","0.09","200","11","2","1","100000000","0","1","0"),
("100011","ampicilline 875 mg875 mg","0.15","200","11","2","1","100000000","0","1","0"),
("100012","Anti acide, Maalox 400/500 mg/ tab","0.02","200","11","2","1","100000000","0","1","0"),
("100013","aspirine adulte 500 mg tab (EML)","0.01","200","11","2","1","100000000","0","1","0"),
("100014","atenolol 100 mg tab","0.20","200","11","2","1","100000000","0","1","0"),
("100015","biperiden 2 mg2 mg","0.15","200","11","2","1","100000000","0","1","0"),
("100016","bisacodyl5 mg","0.02","200","11","2","1","100000000","0","1","0"),
("100017","Cafeine","0.14","200","11","2","1","100000000","0","1","0"),
("100018","calcium lactate 300 mg","0.03","200","11","2","1","100000000","0","1","0"),
("100019","captopril 25 mg25mg","0.37","200","11","2","1","100000000","0","1","0"),
("100020","carbimazole 5mg5mg","0.04","200","11","2","1","100000000","0","1","0"),
("100021","carbon medicinale125 mg","0.02","200","11","2","1","100000000","0","1","0"),
("100022","cefaclor ( cifidine) , cefixine250 mg","0.27","200","11","2","1","100000000","0","1","0"),
("100023","chloroquine phosph100mgbase","0.01","200","11","2","1","100000000","0","1","0"),
("100024","chloramine 500 mg500mg","0.01","200","11","2","1","100000000","0","1","0"),
("100025","chloramphenicol 250 mg caps","0.05","200","11","2","1","100000000","0","1","0"),
("100026","chloroquine phosph150 mg base tab","0.02","200","11","2","1","100000000","0","1","0"),
("100027","chlorpheniramine 4 mg","0.00","200","11","2","1","100000000","0","1","0"),
("100028","chlorpromazine 25 mg","0.01","200","11","2","1","100000000","0","1","0"),
("100029","cimetidine , tagamet,pintapro 200 mg","0.05","200","11","2","1","100000000","0","1","0"),
("100030","ciprofloxacine (cifin ) 500 mg tab","0.09","200","11","2","1","100000000","0","1","0"),
("100031","ciprofloxacin100mg","0.01","200","11","2","1","100000000","0","1","0"),
("100032","clarythromycine( biaxin)250 mg","0.32","200","11","2","1","100000000","0","1","0"),
("100033","clofazimine(lamprene)100 mg","0.01","200","11","2","1","100000000","0","1","0"),
("100034","cloxacilline 250 mg cap","0.20","200","11","2","1","100000000","0","1","0"),
("100035","co trimoxazole 400/80mg tab","0.02","200","11","2","1","100000000","0","1","0"),
("100036","co trimoxazole100/20 mg tab","0.01","200","11","2","1","100000000","0","1","0"),
("100037","colchicine","0.10","200","11","2","1","100000000","0","1","0"),
("100038","cyclophosphamide 50 mg","0.31","200","11","2","1","100000000","0","1","0"),
("100039","dapson 5 mg (pt)","0.01","200","11","2","1","100000000","0","1","0"),
("100040","diazepam5 mg","0.01","200","11","2","1","100000000","0","1","0"),
("100041","Diclofenac sodium 25 mg tab","0.01","200","11","2","1","100000000","0","1","0"),
("100042","diethylcarbamazine citrate 50 mg","0.01","200","11","2","1","100000000","0","1","0"),
("100043","digoxine 0.25 mg tab blister","0.15","200","11","2","1","100000000","0","1","0"),
("100044","doxycyline100 mg","0.02","200","11","2","1","100000000","0","1","0"),
("100045","ephedrine HCL 30 mg","0.27","200","11","2","1","100000000","0","1","0"),
("100046","ergotamine 1 mg + caffeine 100 tab, blister","0.69","200","11","2","1","100000000","0","1","0"),
("100047","erythromycine 250 mg tab","0.07","200","11","2","1","100000000","0","1","0"),
("100048","erythromycine 500 mg tab","0.15","200","11","2","1","100000000","0","1","0"),
("100049","ethambutol 400 mg","0.06","200","11","2","1","100000000","0","1","0"),
("100050","ethinyloestradiol0.05 mg","0.61","200","11","2","1","100000000","0","1","0"),
("100051","Fer + acide folique200 mg+0.25 mg","0.00","200","11","2","1","100000000","0","1","0"),
("100052","fer sulphate 200 mg","0.00","200","11","2","1","100000000","0","1","0"),
("100053","furosemide 40 mg tab","0.01","200","11","2","1","100000000","0","1","0"),
("100054","glibenclamide 5 mg, tab","0.01","200","11","2","1","100000000","0","1","0"),
("100055","griseofulvine 500 mg, tab","0.11","200","11","2","1","100000000","0","1","0"),
("100056","griseofulvine125 mg, tab","0.02","200","11","2","1","100000000","0","1","0"),
("100057","hydralazine25 mg","0.05","200","11","2","1","100000000","0","1","0"),
("100058","hydrochorthiazide 50 mg","0.01","200","11","2","1","100000000","0","1","0"),
("100059","hyoxine","0.05","200","11","2","1","100000000","0","1","0"),
("100060","ibuprofen 400 mg","0.02","200","11","2","1","100000000","0","1","0"),
("100061","indomethacine25 mg","0.01","200","11","2","1","100000000","0","1","0"),
("100062","isoniazide (inh) 100 mg","0.01","200","11","2","1","100000000","0","1","0"),
("100063","isoniazide/thiacetazone300/150mg","0.03","200","11","2","1","100000000","0","1","0"),
("100064","isoniazide/thiacetazone100/50mg","0.01","200","11","2","1","100000000","0","1","0"),
("100065","isosorbide dinitrate 5 mg blister","0.08","200","11","2","1","100000000","0","1","0"),
("100066","ketaconazole 200 mg","0.30","200","11","2","1","100000000","0","1","0"),
("100067","levamizole 50 mg tab","0.02","200","11","2","1","100000000","0","1","0"),
("100068","levothyroxine (thyroxine)0.1 mg","0.01","200","11","2","1","100000000","0","1","0"),
("100069","mebendazole100 mg","0.01","200","11","2","1","100000000","0","1","0"),
("100070","mefloquine250mg","0.96","200","11","2","1","100000000","0","1","0"),
("100071","methotrexate2.5 mg","0.26","200","11","2","1","100000000","0","1","0"),
("100072","methyldopa250 mg","0.05","200","11","2","1","100000000","0","1","0"),
("100073","metoclopramide 10 mg tab","0.01","200","11","2","1","100000000","0","1","0"),
("100074","metronidazole , flagyl 250 mg tab","0.05","200","11","2","1","100000000","0","1","0"),
("100075","multivitamine tab","0.01","200","11","2","1","100000000","0","1","0"),
("100076","niclosamide500 mg","0.06","200","11","2","1","100000000","0","1","0"),
("100077","nifedipine 10 mg10 mg","0.30","200","11","2","1","100000000","0","1","0"),
("100078","nitrofurantoine(furadatin)100 mg","0.01","200","11","2","1","100000000","0","1","0"),
("100079","norethisterone 5 mg tab","0.14","200","11","2","1","100000000","0","1","0"),
("100080","nortriptyline 25 mg25 mg","0","200","11","2","1","100000000","0","1","0"),
("100081","noscapine15 mg","0.02","200","11","2","1","100000000","0","1","0"),
("100082","nystatin orale500,000iu tab","0.01","200","11","2","1","100000000","0","1","0"),
("100083","omeprazol 20 mg cap","0.80","200","11","2","1","100000000","0","1","0"),
("100084","ovidon (lo-femenal)","0.39","200","11","2","1","100000000","0","1","0"),
("100085","papaverine40mg","0.02","200","11","2","1","100000000","0","1","0"),
("100086","paracetamol500 mg","0.01","200","11","2","1","100000000","0","1","0"),
("100087","paracetamol 500mg tab","0.01","200","11","2","1","100000000","0","1","0"),
("100088","paracetamol 100 mg tab","0.01","200","11","2","1","100000000","0","1","0"),
("100089","penicilline-phenoxymethyl) Pen VK125 mg","0.03","200","11","2","1","100000000","0","1","0"),
("100090","penicilline-phenoxymethyl) Pen VK250 mg","0.07","200","11","2","1","100000000","0","1","0"),
("100091","pentazocine( morphine) 30mg/ml","0.40","200","11","2","1","100000000","0","1","0"),
("100092","phenobarbital 50 mg tab","0.01","200","11","2","1","100000000","0","1","0"),
("100093","phenytoin Sodium(dilatin)100 mg","0.01","200","11","2","1","100000000","0","1","0"),
("100094","piracetam 400mg(nootropil)400 mg","0.34","200","11","2","1","100000000","0","1","0"),
("100095","praziquantel (biltricide) 600 mg","0.25","200","11","2","1","100000000","0","1","0"),
("100096","prednisone 5 mg","0.01","200","11","2","1","100000000","0","1","0"),
("100097","proguanil (paludrine)100 mg","0.07","200","11","2","1","100000000","0","1","0"),
("100098","promethazine 25 mg tab","0.01","200","11","2","1","100000000","0","1","0"),
("100099","propantheline bromide15 mg","0.02","200","11","2","1","100000000","0","1","0"),
("100100","propranolol40 mg","0.01","200","11","2","1","100000000","0","1","0"),
("100101","pyrazinamide500 mg","0.07","200","11","2","1","100000000","0","1","0"),
("100102","quinine sulphate 500 mg","0.15","200","11","2","1","100000000","0","1","0"),
("100103","quinine sulphate 300 mg tab","0.16","200","11","2","1","100000000","0","1","0"),
("100104","reserpine0.25 mg","0.01","200","11","2","1","100000000","0","1","0"),
("100105","rifampicine300 mg","0.14","200","11","2","1","100000000","0","1","0"),
("100106","rifampicine150 mg","0.07","200","11","2","1","100000000","0","1","0"),
("100107","salbutamol4 mg tab","0.01","200","11","2","1","100000000","0","1","0"),
("100108","spironolactone 25 mg","0.08","200","11","2","1","100000000","0","1","0"),
("100109","sulphamethoxypyridazine(fansidar)500 mg","0.07","200","11","2","1","100000000","0","1","0"),
("100110","tetracycline250 mg","0.02","200","11","2","1","100000000","0","1","0"),
("100111","tempraplaquette","0.02","200","11","2","1","100000000","0","1","0"),
("100112","suxamethonuim 100 mg","1.37","200","11","2","1","100000000","0","1","0"),
("100113","thyroxine(levothyroxine)","0.09","200","11","2","1","100000000","0","1","0"),
("100114","tolbutamide500 mg","0.04","200","11","2","1","100000000","0","1","0"),
("100115","tribexfort(bte de 30 ces)","0.07","200","11","2","1","100000000","0","1","0"),
("100116","vitamine A 50.000 iu","0.09","200","11","2","1","100000000","0","1","0"),
("100117","vitamine B complex tab","0.01","200","11","2","1","100000000","0","1","0"),
("100118","vitamine B6(pyridoxine)50 mg","0.01","200","11","2","1","100000000","0","1","0"),
("100119","vitamine C (acide ascorbic) 250 mg tab","0.02","200","11","2","1","100000000","0","1","0"),
("100120","vitamineB1 (thiamine)100 mg","0.01","200","11","2","1","100000000","0","1","0"),
("100121","CONSOMMATION MEDICAMENT","0.50","200","11","2","1","100000000","0","1","0"),
("100122","CONDITIONNEMENT MEDECAMENT","0.01","200","11","2","1","100000000","0","1","0"),
("110001","ampicilline susp '100 ml125mg/5ml","0.66","200","12","2","1","100000000","0","1","0"),
("110002","Ampicillin susp250 mg","2.00","200","12","2","1","100000000","0","1","0"),
("110003","amoxicillin 125 mg/5ml, dry powder40/100ml","0.66","200","12","2","1","100000000","0","1","0"),
("110004","barium sulphate susp. pde1 gr","1.92","200","12","2","1","100000000","0","1","0"),
("110005","bicarbonate de soude","0.50","200","12","2","1","100000000","0","1","0"),
("110006","cefaclor suspension125/5ml","1.66","200","12","2","1","100000000","0","1","0"),
("110007","chloramphenicol susp,'60 ml125/5ml","2.10","200","12","2","1","100000000","0","1","0"),
("110008","cotrimoxazole susp 100 ml200/40mg/5ml","2.32","200","12","2","1","100000000","0","1","0"),
("110009","erythromycine125 mg/5ml","2.31","200","12","2","1","100000000","0","1","0"),
("110010","multivitamine sirop500 ml","1.90","200","12","2","1","100000000","0","1","0"),
("110011","penicilline VK susp '100 ml125mg/5ml","1.39","200","12","2","1","100000000","0","1","0"),
("110012","rehydration orale sac pour 1 L","0.25","200","12","2","1","100000000","0","1","0"),
("110013","metronidazole sirop 125mg / 5 ml100 ml","1.31","200","12","2","1","100000000","0","1","0"),
("110014","salbutamol oral 0,5","3.70","200","12","2","1","100000000","0","1","0"),
("110015","Terra cortil otique","13.00","200","12","2","1","100000000","0","1","0"),
("120001","adrenaline1mg/ml","0.80","200","13","2","1","100000000","0","1","0"),
("120002","amidotrizoic acide(urogra)60%,10ml","4.40","200","13","2","1","100000000","0","1","0"),
("120003","Aminophylline 250 mg/10 ml","0.45","200","13","2","1","100000000","0","1","0"),
("120004","ampicilline 500mg poudre pour injection","0.25","200","13","2","1","100000000","0","1","0"),
("120005","ampicilline1g","0.65","200","13","2","1","100000000","0","1","0"),
("120006","atropine sulphate1mg/1ml","0.15","200","13","2","1","100000000","0","1","0"),
("120007","Bicarbonate de Na inj","1.92","200","13","2","1","100000000","0","1","0"),
("120008","butylscopolamide bromideamp","0.18","200","13","2","1","100000000","0","1","0"),
("120009","bupivacaine HCL(marcaine) 20 ml 0,5%","10.08","200","13","2","1","100000000","0","1","0"),
("120010","calcium gluconate 10 ml10%","0.32","200","13","2","1","100000000","0","1","0"),
("120011","ceftriaxon 1g (ROCEFIN)10ml","1.50","200","13","2","1","100000000","0","1","0"),
("120012","ceftriaxon 250mg, poudre pour injection","1.85","200","13","2","1","100000000","0","1","0"),
("120013","chloramphenicol  huileux amp 2 ml; 250 mg/ml","1.91","200","13","2","1","100000000","0","1","0"),
("120014","chloramphenicol 1 gr","0.65","200","13","2","1","100000000","0","1","0"),
("120015","chlorpromazine 25 mg/2ml","5.67","200","13","2","1","100000000","0","1","0"),
("120016","cyclophosphamide200 mg","17.19","200","13","2","1","100000000","0","1","0"),
("120017","dexamethasone sodium phosph1mg/ml","0.17","200","13","2","1","100000000","0","1","0"),
("120018","dextran 70, 6% in dextrose500 ml","5.20","200","13","2","1","100000000","0","1","0"),
("120019","diazepam10mg/2ml","0.39","200","13","2","1","100000000","0","1","0"),
("120020","diclofenac amp3 ml.25 mg","0.27","200","13","2","1","100000000","0","1","0"),
("120021","digoxine 2ml0,25mg/ml","0.60","200","13","2","1","100000000","0","1","0"),
("120022","eau pour injection10 ml","0.11","200","13","2","1","100000000","0","1","0"),
("120023","ephedrrine 30 mg/ml","0.93","200","13","2","1","100000000","0","1","0"),
("120024","ergometrine maleate0,5mg/ml","0.24","200","13","2","1","100000000","0","1","0"),
("120025","furosemide20mg/2ml","0.13","200","13","2","1","100000000","0","1","0"),
("120026","fluorouracil1mg/ml","12.44","200","13","2","1","100000000","0","1","0"),
("120027","gentamycine80mg/2ml","0.15","200","13","2","1","100000000","0","1","0"),
("120028","halothane250ml","35.00","200","13","2","1","100000000","0","1","0"),
("120029","haloperidol amp 5 mg/ml","0.26","200","13","2","1","100000000","0","1","0"),
("120030","heparin,5 ml 5.000 iu/ml","5.25","200","13","2","1","100000000","0","1","0"),
("120031","hydralazine '20 mg/ml 2ml podre pour injection","10.00","200","13","2","1","100000000","0","1","0"),
("120032","hydrocortisone sod succ100 mg","0.69","200","13","2","1","100000000","0","1","0"),
("120033","ketamine,10 ml 50mg/ml pour injection","1.80","200","13","2","1","100000000","0","1","0"),
("120034","lidocaine 50 ml1%","0.62","200","13","2","1","100000000","0","1","0"),
("120035","lidocaine 50 ml2%","0.66","200","13","2","1","100000000","0","1","0"),
("120036","lidocaine/dext,hyper,rach5/7,5%","0.10","200","13","2","1","100000000","0","1","0"),
("120037","medroxyprogesterone(DEPO-PROVERA)150 mg","2.61","200","13","2","1","100000000","0","1","0"),
("120038","melarsoprol(arsobal)'3,6%220mg/5ml","14.56","200","13","2","1","100000000","0","1","0"),
("120039","methotrexate, 2ml 2,5mg/ml","3.84","200","13","2","1","100000000","0","1","0"),
("120040","metoclopramide inj","0.12","200","13","2","1","100000000","0","1","0"),
("120041","metronidazole 5mg/ml, 100ml5mg","2.30","200","13","2","1","100000000","0","1","0"),
("120042","morphine10mg/ml","6.50","200","13","2","1","100000000","0","1","0"),
("120043","neostigmine0,5mg/ml","0.64","200","13","2","1","100000000","0","1","0"),
("120044","oxytocine10iu/ml","0.22","200","13","2","1","100000000","0","1","0"),
("120045","penicilline G crystalline 5M iu podre pour injection","0.81","200","13","2","1","100000000","0","1","0"),
("120046","penicillline G crystalline1M iu","0.20","200","13","2","1","100000000","0","1","0"),
("120047","penicilline procaine/pen4M iu","0.61","200","13","2","1","100000000","0","1","0"),
("120048","penicillline benzathine 2,4M iu poudre pour injection","1.47","200","13","2","1","100000000","0","1","0"),
("120049","pentazocine , tromadol30mg/ml","2.41","200","13","2","1","100000000","0","1","0"),
("120050","pethidine100mg/ml","1.45","200","13","2","1","100000000","0","1","0"),
("120051","phenobarbitone 2 ml100mg/ml","0.95","200","13","2","1","100000000","0","1","0"),
("120052","phytomenadione vitamine K1 amp1mg/ml","0.41","200","13","2","1","100000000","0","1","0"),
("120053","piracetam 400mg(nootropil)amp","0","200","13","2","1","100000000","0","1","0"),
("120054","promethazine50mg/2ml","0.66","200","13","2","1","100000000","0","1","0"),
("120055","progesterone(gestone)25mg","0.38","200","13","2","1","100000000","0","1","0"),
("120056","pyrodoxine B6 Amp 2 ml.50mg/ml","0.12","200","13","2","1","100000000","0","1","0"),
("120057","quininne chlorate 600mg/2ml","0.33","200","13","2","1","100000000","0","1","0"),
("120058","streptomycine 5g pour injection","0.77","200","13","2","1","100000000","0","1","0"),
("120059","streptomycine1 g","0.37","200","13","2","1","100000000","0","1","0"),
("120060","suramin sodique(bayer 205)1 g","17.00","200","13","2","1","100000000","0","1","0"),
("120061","succinychloline amp","1.37","200","13","2","1","100000000","0","1","0"),
("120062","thiopental sodique500 mg","1.58","200","13","2","1","100000000","0","1","0"),
("120063","vitamine B complex 2 ml","0.43","200","13","2","1","100000000","0","1","0"),
("120064","vitamine b complex10ml","0.43","200","13","2","1","100000000","0","1","0"),
("120065","dextrose in water 50% 50ml","1.21","200","13","2","1","100000000","0","1","0"),
("130001","serum glucose 1 L 5%","4.62","200","14","2","1","100000000","0","1","0"),
("130002","serum glucose/NACL 1 L2,5/0,45%","4.51","200","14","2","1","100000000","0","1","0"),
("130003","serum physiologique(NACL)0,9%","4.62","200","14","2","1","100000000","0","1","0"),
("130004","serum Rngers lactate 1 L","4.62","200","14","2","1","100000000","0","1","0"),
("130005","DEXTOSE 500 ML BAXTER 5%","2.75","200","14","2","1","100000000","0","1","0"),
("130006","SALINE 500 MLBAXTER","2.48","200","14","2","1","100000000","0","1","0"),
("140001","anti-snake vehum10 ml","295.89","200","15","2","1","100000000","0","1","0"),
("140002","insuline normal(ordinaire)40iu/ml","7.05","200","15","2","1","100000000","0","1","0"),
("140003","insuline retard (NP)'10 ml40iu/ml","7.05","200","15","2","1","100000000","0","1","0"),
("140004","serum anti-tetanique,amp1500 iu, 1 ml","2.18","200","15","2","1","100000000","0","1","0"),
("140005","vaccin anti-tetanique10ml/20 dos","4.34","200","15","2","1","100000000","0","1","0"),
("140006","vincristine1 mg","8.17","200","15","2","1","100000000","0","1","0"),
("150001","Anti haemorrhoidsupp","0.24","200","16","2","1","100000000","0","1","0"),
("150002","alcool denature1 L","0.90","200","16","2","1","100000000","0","1","0"),
("150003","argent(nitrate)crayon95 %","0.90","200","16","2","1","100000000","0","1","0"),
("150004","argyrol collyre,5%30 ml","0.90","200","16","2","1","100000000","0","1","0"),
("150005","atropine sulph.gtt.ophth1%","0.90","200","16","2","1","100000000","0","1","0"),
("150006","bande elastique","1.00","200","16","2","1","100000000","0","1","0"),
("150007","benzoic/salicyl.acide ong5/5 %","0.63","200","16","2","1","100000000","0","1","0"),
("150008","benzyl benzoate 25%60 ml","0.18","200","16","2","1","100000000","0","1","0"),
("150009","betadine(povidone iode)500ml10 %","0.90","200","16","2","1","100000000","0","1","0"),
("150010","cetrimide poudre50 g","0.90","200","16","2","1","100000000","0","1","0"),
("150011","cetrimide/chlorhexidin 5L0,5/0,5%","0.90","200","16","2","1","100000000","0","1","0"),
("150012","chloramphenicol base1 kg","0.90","200","16","2","1","100000000","0","1","0"),
("150013","chloramphenicol collyre 10ml0,5g100ml","0.90","200","16","2","1","100000000","0","1","0"),
("150014","chloramphenicol ong ophth 5gr1%","0.47","200","16","2","1","100000000","0","1","0"),
("150015","chlorhexidine gluconate20%/1L","0.90","200","16","2","1","100000000","0","1","0"),
("150016","chlorxylenol soln(dettol)49mg/ml/5L","0.90","200","16","2","1","100000000","0","1","0"),
("150017","clotrimoxazole pom.dermique1%/10 g","0.87","200","16","2","1","100000000","0","1","0"),
("150018","creoline1 L","0.90","200","16","2","1","100000000","0","1","0"),
("150019","condom (4con)","0.90","200","16","2","1","100000000","0","1","0"),
("150020","ether1 L","0.90","200","16","2","1","100000000","0","1","0"),
("150021","gentian Violet","2.94","200","16","2","1","100000000","0","1","0"),
("150022","glycerine, 1 L85%","0.90","200","16","2","1","100000000","0","1","0"),
("150023","halothane 250 ml","38.43","200","16","2","1","100000000","0","1","0"),
("150024","crayon nitrate","1.00","200","16","2","1","100000000","0","1","0"),
("150025","hydrocortisone + Néomycin eyes drop10 ml","2.52","200","16","2","1","100000000","0","1","0"),
("150026","hydrocortisone1% gtt ophth10 ml","1.19","200","16","2","1","100000000","0","1","0"),
("150027","hydrocortisone pde ophth1%/5 g","0.98","200","16","2","1","100000000","0","1","0"),
("150028","hydrocortisone pde deerm1%/15 g","0.98","200","16","2","1","100000000","0","1","0"),
("150029","ichthammol(ichtyolle) ong10%","0.90","200","16","2","1","100000000","0","1","0"),
("150030","lidocain/phenazone gtt5/5%500ml","0.90","200","16","2","1","100000000","0","1","0"),
("150031","lindane liquide100 ml","0.90","200","16","2","1","100000000","0","1","0"),
("150032","lindane pommade,1 %200 g","0.90","200","16","2","1","100000000","0","1","0"),
("150033","locacortene-vioform creme15 g","0.90","200","16","2","1","100000000","0","1","0"),
("150034","lysol(lyorthol)soln 5L67g/L","0.90","200","16","2","1","100000000","0","1","0"),
("150035","magnesuim sulphate 50%? 20ml, (sel an)5 kg","1.37","200","16","2","1","100000000","0","1","0"),
("150036","mercurochrome(merbromine)500 g","0.90","200","16","2","1","100000000","0","1","0"),
("150037","methylsalicylate pom,10%800 g","0.90","200","16","2","1","100000000","0","1","0"),
("150038","mouse,contraceptif(Deflan)50 g","0.90","200","16","2","1","100000000","0","1","0"),
("150039","neomycine/HC gtt ophth,10ml0,5/1,5%","0.90","200","16","2","1","100000000","0","1","0"),
("150040","miconazole pommade","0.51","200","16","2","1","100000000","0","1","0"),
("150041","hydrocortisone pommade opht.tube","0.65","200","16","2","1","100000000","0","1","0"),
("150042","miconasole poudre 2% 30gr(EML)","1.09","200","16","2","1","100000000","0","1","0"),
("150043","mirine(gouttes opht)","0.90","200","16","2","1","100000000","0","1","0"),
("150044","nystatin vag supp100.000iu","0.05","200","16","2","1","100000000","0","1","0"),
("150045","oxybuprocainecollyre0,4%/10ml","0.90","200","16","2","1","100000000","0","1","0"),
("150046","paraffine(huile minerale)11","0.90","200","16","2","1","100000000","0","1","0"),
("150047","paraformaldehyde1 g","0.90","200","16","2","1","100000000","0","1","0"),
("150048","pilocarpine gtt oppth 5ml2%","1.85","200","16","2","1","100000000","0","1","0"),
("150049","poly-pred.ophtFlc","0.90","200","16","2","1","100000000","0","1","0"),
("150050","pommade antibiot,peau20 g","0.90","200","16","2","1","100000000","0","1","0"),
("150051","pommade camphre 10%1 kg","0.90","200","16","2","1","100000000","0","1","0"),
("150052","poudre pour plaie500 g","0.90","200","16","2","1","100000000","0","1","0"),
("150053","Polyvidone iodine 100 ml/200ml","2.50","200","16","2","1","100000000","0","1","0"),
("150054","savon antiseptique barre","0.90","200","16","2","1","100000000","0","1","0"),
("150055","silvadene creme%400 g","0.90","200","16","2","1","100000000","0","1","0"),
("150056","suppositoire,anti-hemrro","0.90","200","16","2","1","100000000","0","1","0"),
("150057","sulfacetamide pde opht10%/5","0.90","200","16","2","1","100000000","0","1","0"),
("150058","talc1 kg","0.90","200","16","2","1","100000000","0","1","0"),
("150059","tetracaine 5 ml0,5%","0.90","200","16","2","1","100000000","0","1","0"),
("150060","tetracycline HCI  ong ophth 5g1%","0.39","200","16","2","1","100000000","0","1","0"),
("150061","tosylochloramine sodique500 mg","0.90","200","16","2","1","100000000","0","1","0"),
("150062","undecylenic acide ong 800g10%","0.90","200","16","2","1","100000000","0","1","0"),
("150063","vaseline blanche 2,5 kg","0.90","200","16","2","1","100000000","0","1","0"),
("150064","xylomethazoline gtt nasal0,1%","0.90","200","16","2","1","100000000","0","1","0"),
("150065","oxyde de Zinc pommade 10%, 800 g","9.35","200","16","2","1","100000000","0","1","0"),
("150066","timolol eyes 0,25% drops","2.84","200","16","2","1","100000000","0","1","0"),
("150067","Ventolin(Beclazone inhaler)1fl","50.92","200","16","2","1","100000000","0","1","0"),
("150068","xylomethazoline gtt nasal10btl","1.81","200","16","2","1","100000000","0","1","0"),
("150069","xylocaine gel","20.00","200","16","2","1","100000000","0","1","0"),
("160001","Amethocaine 0.5%Flc 5cc","0.81","200","17","2","1","100000000","0","1","0"),
("160002","Atropine 1%Flc 5cc","0.94","200","17","2","1","100000000","0","1","0"),
("160003","Chloramphenicol 1%Flc 5cc","0.81","200","17","2","1","100000000","0","1","0"),
("160004","DexamethasoneFlc 5cc","1.60","200","17","2","1","100000000","0","1","0"),
("160005","HydrocortisoneFlc 5cc","1.60","200","17","2","1","100000000","0","1","0"),
("160006","hydrox neomy eyes ( gentamide)Flc 5cc","1.96","200","17","2","1","100000000","0","1","0"),
("160007","Idoxuridine .1% (IDU)Flc 5cc","0.93","200","17","2","1","100000000","0","1","0"),
("160008","Methyl celluloseFlc 5cc","0.75","200","17","2","1","100000000","0","1","0"),
("160009","Prednisolone .5%Flc 5cc","1.19","200","17","2","1","100000000","0","1","0"),
("160010","Providone iodine .5%Flc 5cc","0.75","200","17","2","1","100000000","0","1","0"),
("160011","maxidrol Flc 5cc","3.63","200","17","2","1","100000000","0","1","0"),
("160012","timolol Flc 5cc","2.84","200","17","2","1","100000000","0","1","0"),
("170001","bistouris pcepce","0.29","200","18","2","1","100000000","0","1","0"),
("170002","bande elastiquepce","2.08","200","18","2","1","100000000","0","1","0"),
("170003","suturepce","2.83","200","18","2","1","100000000","0","1","0"),
("170004","compressepce","0.05","200","18","2","1","100000000","0","1","0"),
("170005","gants steriles","1.75","200","18","2","1","100000000","0","1","0"),
("170006","gants non striles","0.20","200","18","2","1","100000000","0","1","0"),
("170007","Seringue 2cc disposablePce","0.02","200","18","2","1","100000000","0","1","0"),
("170008","Seringue 5cc disposablePce","0.22","200","18","2","1","100000000","0","1","0"),
("170009","Seringue 10cc disposablePce","0.04","200","18","2","1","100000000","0","1","0"),
("170010","Seringue 2cc non-disposablePce","0.43","200","18","2","1","100000000","0","1","0"),
("170011","Seringue 5cc non-disposablePce","0.49","200","18","2","1","100000000","0","1","0"),
("170012","Seringue 10cc non-disposablePce","0.76","200","18","2","1","100000000","0","1","0"),
("170013","Seringue 20cc non-disposablePce","1.21","200","18","2","1","100000000","0","1","0"),
("170014","Aiguille disposable 21,23 & 25gaPce","0.02","200","18","2","1","100000000","0","1","0"),
("170015","Aiguille non-disp. 20,21,23 & 25gaPce","0.19","200","18","2","1","100000000","0","1","0"),
("170016","Poche a urinePce","0.47","200","18","2","1","100000000","0","1","0"),
("170017","sac collecteur","3.50","200","18","2","1","100000000","0","1","0"),
("170018","sonde a demeure","3.50","200","18","2","1","100000000","0","1","0"),
("170019","sonde naso gastrique","2.50","200","18","2","1","100000000","0","1","0"),
("170020","Attele bras","5.00","200","18","2","1","100000000","0","1","0"),
("170021","Attele jambe","10.00","200","18","2","1","100000000","0","1","0"),
("170022","Cotton 500 gr","2.18","200","18","2","1","100000000","0","1","0"),
("170023","Trousse d'accouchement","2.50","200","18","2","1","100000000","0","1","0"),
("170024","trousse perfusion","1.00","200","18","2","1","100000000","0","1","0"),
("170025","trousse d'accouchement","2.50","200","18","2","1","100000000","0","1","0"),
("180001","Paire Verres Spheriques Paire","5.50","200","19","2","1","100000000","0","1","0"),
("180002","Paire Verres Toriques Paire","8.50","200","19","2","1","100000000","0","1","0"),
("180003","Paire Verres Double Foyer Paire","25.00","200","19","2","1","100000000","0","1","0"),
("180004","Un verre Spherique Pce","3.30","200","19","2","1","100000000","0","1","0"),
("180005","Un Verre Torique Pce","5.10","200","19","2","1","100000000","0","1","0"),
("180006","Un Verre Double Foyer Pce","15.00","200","19","2","1","100000000","0","1","0"),
("180007","Selector Pce","7.50","200","19","2","1","100000000","0","1","0"),
("180008","NHS Pce","5.25","200","19","2","1","100000000","0","1","0"),
("180009","Ancien Pce","3.00","200","19","2","1","100000000","0","1","0"),
("180010","Etuis Pce","1.50","200","19","2","1","100000000","0","1","0"),
("180024","Catheter Foley Pce","0.37","200","19","2","1","100000000","0","1","0"),
("180025","Ouate 500 gr Rlx","2.50","200","19","2","1","100000000","0","1","0");

-- configure creditor
INSERT INTO `creditor_group` (`enterprise_id`, `name`, `account_id`) values 
  (200, 'Medicine Suppliers', 10); -- account #401

INSERT INTO `creditor` (`text`, `group_id`) values 
  ('Pharmacy Centrale', 1); -- reference the above creditor group

-- configure journal/transaction/general ledger

INSERT INTO `transaction_type` values 
  (1, 'cash'),
	(2, 'sale'),
	(3, 'purchase'),
  (4, 'journal'),
  (5, 'group_invoice'),
  (6, 'credit_note');

-- INSERT INTO `price_list` (`enterprise_id`, `name`, `discount`, `note`) values
-- (200, 'HIV', 20, 'Reducded cost for HIV patients');

INSERT INTO `currency_account` (`currency_id`, `enterprise_id`, `cash_account`, `bank_account`) values 
  (1, 200, 486, 530),
  (2, 200, 487, 528);

-- INSERT INTO `patient_group` (`enterprise_id`, `price_list_id`, `name`, `note`) values 
--   (200, 1, 'HIV', 'Funds for patients provided by societe x');
--
-- INSERT INTO `assignation_patient` (`patient_group_id`, `patient_id`) values
--   (1, 1);
