--
-- This contains all the data for the TSHIKAJI database.
-- It still uses the same `kpk` base database, but has
-- no DDL, only DML.
--

use `kpk`;

delete from `posting_journal`;
delete from `general_ledger`;
delete from `transaction_type`;
delete from `patient`;
delete from `debitor`;
delete from `debitor_group`;
delete from `debitor_group_type`;
delete from `permission`;
delete from `unit`;
delete from `tax`;
delete from `account`;
delete from `account_type`;
delete from `account_collection`;
delete from `account_category`;
delete from `price_group`;
delete from `payment`;
delete from `exchange_rate`;
delete from `currency`;
delete from `inventory`;
delete from `inv_unit`;
delete from `inv_group`;
delete from `inv_type`;
delete from `cash_item`;
delete from `cash`;
delete from `purchase`;
delete from `user`;
delete from `period`;
delete from `fiscal_year`;
delete from `enterprise`;
delete from `location`;
delete from `country`;
delete from `province`;
delete from `sector`;
delete from `village`;
delete from `sale`;
delete from `patient_group`;
delete from `convention`;

-- configure application details
insert into `user` values
  (1,'jniles','1','Jonathan','Niles','jonathanwniles@gmail.com',0),
	(2,'delva','1','Dedrick','kitamuka','kitamuka@gmail.com',0),
	(13,'sfount','1','Steven','Fountain','StevenFountain@live.co.uk',0),
  (3, 'sthreshley', 'ima', 'Larry', 'Sthreshley', 'example@email.me', 0);

  insert into `patient_group` values (1, 'AIDS'), (2, 'Pregnant');



-- Deleted old ones that are  were not being used.  If you
-- think a mistake has happened, please roll this list back.
INSERT INTO `unit` VALUES
  (0,'Root','The unseen root node',NULL,1,'',''),
	(1,'Admin','The Administration Super-Category',0,1,'',''),
	(2,'Enterprise','Manage the registered enterprises from here',1,0,'/partials/enterprise/','/enterprise'),

	(4,'Users & Permissions','Manage user privileges and permissions',1,0,'/partials/permission','/permission'),
	(5,'Finance','The Finance Super-Category',0,1,'',''),
	(6,'Account','Chart of Accounts management',1,0,'/partials/accounts/create_account','/create_account'),

	(8,'Budgeting','Plan your next move',0,10,'/partials/budgeting',''),
	(9,'Posting Journal','Daily Log',5,0,'/partials/postingjournal/','/posting_journal'),
	(10,'Reports','Do stuff and tell people about it',0,1,'/units/reports/','reports/summary'),
	(11,'Inventory','The Inventory Super-Category',0,1,'',''),



	(21,'Hospital','The Hospital Super-Category',0,1,'',''),

  

	(30,'Fiscal Year','Fiscal year configuration page',1,0,'/partials/fiscal','fiscal'),
	(31,'Patient Registration','Register patients',21,0,'/partials/patient','patient'),

	(33,'Patient Records','Search for patient',21,0,'/partials/patient_records/','patient_records/'),
	(34,'Sales','Create an invoice for a sale',5,0,'/partials/sales','sales/'),
	(35,'Sale Records','Search for a sale',5,0,'/partials/sale_records/','sale_records/'),
	(36,'Purchase Order','Create a new Purchase Order',11,0,'partials/inventory_purchase_order','inventory/purchase'),
	(37,'Budget by Account','Budgeting by account',8,0,'partials/budgeting','budgeting/'),
	(38,'Cash Box','Pay invoices',5,0,'/partials/cash','cash'),
	(39,'Register Stock','',11,0,'partials/inventory/register','inventory/register'),
	(40,'Register Supplier','',11,0,'partials/inventory/creditors','creditors'),
	(41,'Purchase Order Records','',5,0,'partials/purchase_records/','purchase_records/'),

  (43,'Finance', '', 10, 0, 'partials/reports/finance_report', 'reports/finance'),
  (44,'Balance vs. Budget', '',10, 0, 'partials/reports/balance_budget', 'reports/balance_budget'),
  (45,'Price List', 'Configure price lists!', 11, 0, 'partials/price_list', 'inventory/price_list'),
  (46,'Exchange Rate', 'Set todays exchange rate!', 1, 0, 'partials/exchange_rate', 'exchange_rate'),
  (47,'Transaction Report', '', 10, 0, 'partials/reports/transaction_report', 'reports/transaction_report'),
  (48,'Creditor Groups', '', 1, 0, 'partials/creditor/group/creditor_group', 'creditors/creditor_group'),
  (49,'Debitor Groups', '', 1, 0, 'partials/debitor/debitor_group', 'debitor/debitor_group'),
  (50,'Inventory View', '', 11, 0, 'partials/inventory/view', 'inventory/view'),
  (51,'General Ledger', '', 10, 0, 'partials/reports/ledger/general_ledger', 'reports/ledger/general_ledger'),
  (52,'Location Manager', '', 1, 0, 'partials/location/location', 'location'),
  (53,'Account Balance Statement', '', 10, 0, 'partials/reports/account_balance/', 'reports/account_balance/'),
  (54,'Chart of Accounts', '', 10, 0, 'partials/reports/chartofaccounts/', 'reports/chart_of_accounts/'),
  (55,'Debitor Aging', '', 10, 0, 'partials/reports/debitor_aging/', 'reports/debitor_aging/'),
  (56,'Account Statement By Period', '', 10, 0, 'partials/reports/account_statement/', 'reports/account_statement/'),
  (57,'Income Expensive Balance', '', 10, 0, 'partials/reports/income_expensive/', 'reports/income_expensive/'),
  (58,'Credit Note', '', 5, 0, 'partials/credit_note/', 'credit_note/'),
  (59,'Convention', '', 1, 0, 'partials/convention/', 'convention/'),
  (60,'Patient Group Assingning', '', 21, 0, 'partials/patient_group_assign/', 'patient_group_assign/'), 
  (61,'Patient Group', '', 1, 0, 'partials/patient_group/', 'patient_group/'); 

insert into `permission` (`id_unit`, `id_user`) values
  (1,2),
  (2,2),
	(4,2),
	(9,2),
	(6,2),
  (5,2),
  (8,2),
  (11,2),
  (10,2),
  (21,2),
	(30,2),
	(31,2),
	(34,2),
	(35,2),
	(33,2),
	(36,2),
	(37,2),
	(38,2),
	(39,2),
	(40,2),
	(41,2),
  (44,2),
  (45,2),
  (46,2),
  (47,2),
  (48,2),
  (49,2),
  (50,2),
  (51,2),
  (52,2),
  (53,2),
  (54,2),
  (55,2),
  (56,2),
  (57,2),
  (59,2),
  (60,2),
	(4, 3),
	(6, 3),
	(30,3),
	(31,3),
	(34,3),
	(35,3),
	(33,3),
	(36,3),
	(37,3),
	(38,3),
	(39,3),
	(40,3),
	(9, 3),
	(41,3),
  (1, 3),
  (43, 3),
  (45, 3),
  (46, 3),
  (47, 3),
  (48, 3),
  (49, 3),
  (50, 3),
  (51, 3),
  (1,1),
  (2,1),
	(4,1),
	(9,1),
	(6,1),
  (5,1),
  (8,1),
  (11,1),
  (10,1),
  (21,1),
	(30,1),
	(31,1),
	(34,1),
	(35,1),
	(33,1),
	(36,1),
	(37,1),
	(38,1),
	(39,1),
	(40,1),
	(41,1),
  (43,1),
  (45,1),
  (46,1),
  (47,1),
  (48,1),
  (49,1),
  (50,1),
  (51,1),
  (52,1),
  (53,1),
  (54,1),
  (55,1),
  (56,1),
  (57,1),
  (58,1),
  (59,1),
  (1,13),
  (2,13),
	(4,13),
	(9,13),
	(6,13),
  (5,13),
  (8,13),
  (11,13),
  (10,13),
  (21,13),
	(30,13),
	(31,13),
	(34,13),
	(35,13),
	(33,13),
	(36,13),
	(37,13),
	(38,13),
	(39,13),
	(40,13),
	(41,13),
  (43,13),
  (45,13),
  (46,13),
  (47,13),
  (48,13),
  (49,13),
  (50,13),
  (51,13),
  (52,13),
  (54,13);

-- configure location details
insert into `country` values
  (1,4,'Afghanistan','Afghanistan'),
	(2,8,'Albania','Albanie'),
	(3,10,'Antarctica','Antarctique'),
	(4,12,'Algeria','Algérie'),
	(5,16,'American Samoa','Samoa Américaines'),
	(6,20,'Andorra','Andorre'),
	(7,24,'Angola','Angola'),
	(8,28,'Antigua and Barbuda','Antigua-et-Barbuda'),
	(9,31,'Azerbaijan','Azerbaïdjan'),
	(10,32,'Argentina','Argentine'),
	(11,36,'Australia','Australie'),
	(12,40,'Austria','Autriche'),
	(13,44,'Bahamas','Bahamas'),
	(14,48,'Bahrain','Bahreïn'),
	(15,50,'Bangladesh','Bangladesh'),
	(16,51,'Armenia','Arménie'),
	(17,52,'Barbados','Barbade'),
	(18,56,'Belgium','Belgique'),
	(19,60,'Bermuda','Bermudes'),
	(20,64,'Bhutan','Bhoutan'),
	(21,68,'Bolivia','Bolivie'),
	(22,70,'Bosnia and Herzegovina','Bosnie-Herzégovine'),
	(23,72,'Botswana','Botswana'),
	(24,74,'Bouvet Island','Île Bouvet'),
	(25,76,'Brazil','Brésil'),
	(26,84,'Belize','Belize'),
	(27,86,'British Indian Ocean Territory','Territoire Britannique de l\'Océan Indien'),
	(28,90,'Solomon Islands','Îles Salomon'),
	(29,92,'British Virgin Islands','Îles Vierges Britanniques'),
	(30,96,'Brunei Darussalam','Brunéi Darussalam'),
	(31,100,'Bulgaria','Bulgarie'),
	(32,104,'Myanmar','Myanmar'),
	(33,108,'Burundi','Burundi'),
	(34,112,'Belarus','Bélarus'),
	(35,116,'Cambodia','Cambodge'),
	(36,120,'Cameroon','Cameroun'),
	(37,124,'Canada','Canada'),
	(38,132,'Cape Verde','Cap-vert'),
	(39,136,'Cayman Islands','Îles Caïmanes'),
	(40,140,'Central African','République Centrafricaine'),
	(41,144,'Sri Lanka','Sri Lanka'),
	(42,148,'Chad','Tchad'),
	(43,152,'Chile','Chili'),
	(44,156,'China','Chine'),
	(45,158,'Taiwan','Taïwan'),
	(46,162,'Christmas Island','Île Christmas'),
	(47,166,'Cocos (Keeling) Islands','Îles Cocos (Keeling)'),
	(48,170,'Colombia','Colombie'),
	(49,174,'Comoros','Comores'),
	(50,175,'Mayotte','Mayotte'),
	(51,178,'Republic of the Congo','République du Congo'),
	(52,180,'The Democratic Republic Of The Congo','République Démocratique du Congo'),
	(53,184,'Cook Islands','Îles Cook'),
	(54,188,'Costa Rica','Costa Rica'),
	(55,191,'Croatia','Croatie'),
	(56,192,'Cuba','Cuba'),
	(57,196,'Cyprus','Chypre'),
	(58,203,'Czech Republic','République Tchèque'),
	(59,204,'Benin','Bénin'),
	(60,208,'Denmark','Danemark'),
	(61,212,'Dominica','Dominique'),
	(62,214,'Dominican Republic','République Dominicaine'),
	(63,218,'Ecuador','Équateur'),
	(64,222,'El Salvador','El Salvador'),
	(65,226,'Equatorial Guinea','Guinée Équatoriale'),
	(66,231,'Ethiopia','Éthiopie'),
	(67,232,'Eritrea','Érythrée'),
	(68,233,'Estonia','Estonie'),
	(69,234,'Faroe Islands','Îles Féroé'),
	(70,238,'Falkland Islands','Îles (malvinas) Falkland'),
	(71,239,'South Georgia and the South Sandwich Islands','Géorgie du Sud et les Îles Sandwich du Sud'),
	(72,242,'Fiji','Fidji'),
	(73,246,'Finland','Finlande'),
	(74,248,'Åland Islands','Îles Åland'),
	(75,250,'France','France'),
	(76,254,'French Guiana','Guyane Française'),
	(77,258,'French Polynesia','Polynésie Française'),
	(78,260,'French Southern Territories','Terres Australes Françaises'),
	(79,262,'Djibouti','Djibouti'),
	(80,266,'Gabon','Gabon'),
	(81,268,'Georgia','Géorgie'),
	(82,270,'Gambia','Gambie'),
	(83,275,'Occupied Palestinian Territory','Territoire Palestinien Occupé'),
	(84,276,'Germany','Allemagne'),
	(85,288,'Ghana','Ghana'),
	(86,292,'Gibraltar','Gibraltar'),
	(87,296,'Kiribati','Kiribati'),
	(88,300,'Greece','Grèce'),
	(89,304,'Greenland','Groenland'),
	(90,308,'Grenada','Grenade'),
	(91,312,'Guadeloupe','Guadeloupe'),
	(92,316,'Guam','Guam'),
	(93,320,'Guatemala','Guatemala'),
	(94,324,'Guinea','Guinée'),
	(95,328,'Guyana','Guyana'),
	(96,332,'Haiti','Haïti'),
	(97,334,'Heard Island and McDonald Islands','Îles Heard et Mcdonald'),
	(98,336,'Vatican City State','Saint-Siège (état de la Cité du Vatican)'),
	(99,340,'Honduras','Honduras'),
	(100,344,'Hong Kong','Hong-Kong'),
	(101,348,'Hungary','Hongrie'),
	(102,352,'Iceland','Islande'),
	(103,356,'India','Inde'),
	(104,360,'Indonesia','Indonésie'),
	(105,364,'Islamic Republic of Iran','République Islamique d\'Iran'),
	(106,368,'Iraq','Iraq'),
	(107,372,'Ireland','Irlande'),
	(108,376,'Israel','Israël'),
	(109,380,'Italy','Italie'),
	(110,384,'Côte d\'Ivoire','Côte d\'Ivoire'),
	(111,388,'Jamaica','Jamaïque'),
	(112,392,'Japan','Japon'),
	(113,398,'Kazakhstan','Kazakhstan'),
	(114,400,'Jordan','Jordanie'),
	(115,404,'Kenya','Kenya'),
	(116,408,'Democratic People\'s Republic of Korea','République Populaire Démocratique de Corée'),
	(117,410,'Republic of Korea','République de Corée'),
	(118,414,'Kuwait','Koweït'),
	(119,417,'Kyrgyzstan','Kirghizistan'),
	(120,418,'Lao People\'s Democratic Republic','République Démocratique Populaire Lao'),
	(121,422,'Lebanon','Liban'),
	(122,426,'Lesotho','Lesotho'),
	(123,428,'Latvia','Lettonie'),
	(124,430,'Liberia','Libéria'),
	(125,434,'Libyan Arab Jamahiriya','Jamahiriya Arabe Libyenne'),
	(126,438,'Liechtenstein','Liechtenstein'),
	(127,440,'Lithuania','Lituanie'),
	(128,442,'Luxembourg','Luxembourg'),
	(129,446,'Macao','Macao'),
	(130,450,'Madagascar','Madagascar'),
	(131,454,'Malawi','Malawi'),
	(132,458,'Malaysia','Malaisie'),
	(133,462,'Maldives','Maldives'),
	(134,466,'Mali','Mali'),
	(135,470,'Malta','Malte'),
	(136,474,'Martinique','Martinique'),
	(137,478,'Mauritania','Mauritanie'),
	(138,480,'Mauritius','Maurice'),
	(139,484,'Mexico','Mexique'),
	(140,492,'Monaco','Monaco'),
	(141,496,'Mongolia','Mongolie'),
	(142,498,'Republic of Moldova','République de Moldova'),
	(143,500,'Montserrat','Montserrat'),
	(144,504,'Morocco','Maroc'),
	(145,508,'Mozambique','Mozambique'),
	(146,512,'Oman','Oman'),
	(147,516,'Namibia','Namibie'),
	(148,520,'Nauru','Nauru'),
	(149,524,'Nepal','Népal'),
	(150,528,'Netherlands','country-Bas'),
	(151,530,'Netherlands Antilles','Antilles Néerlandaises'),
	(152,533,'Aruba','Aruba'),
	(153,540,'New Caledonia','Nouvelle-Calédonie'),
	(154,548,'Vanuatu','Vanuatu'),
	(155,554,'New Zealand','Nouvelle-Zélande'),
	(156,558,'Nicaragua','Nicaragua'),
	(157,562,'Niger','Niger'),
	(158,566,'Nigeria','Nigéria'),
	(159,570,'Niue','Niué'),
	(160,574,'Norfolk Island','Île Norfolk'),
	(161,578,'Norway','Norvège'),
	(162,580,'Northern Mariana Islands','Îles Mariannes du Nord'),
	(163,581,'United States Minor Outlying Islands','Îles Mineures Éloignées des États-Unis'),
	(164,583,'Federated States of Micronesia','États Fédérés de Micronésie'),
	(165,584,'Marshall Islands','Îles Marshall'),
	(166,585,'Palau','Palaos'),
	(167,586,'Pakistan','Pakistan'),
	(168,591,'Panama','Panama'),
	(169,598,'Papua New Guinea','Papouasie-Nouvelle-Guinée'),
	(170,600,'Paraguay','Paraguay'),
	(171,604,'Peru','Pérou'),
	(172,608,'Philippines','Philippines'),
	(173,612,'Pitcairn','Pitcairn'),
	(174,616,'Poland','Pologne'),
	(175,620,'Portugal','Portugal'),
	(176,624,'Guinea-Bissau','Guinée-Bissau'),
	(177,626,'Timor-Leste','Timor-Leste'),
	(178,630,'Puerto Rico','Porto Rico'),
	(179,634,'Qatar','Qatar'),
	(180,638,'Réunion','Réunion'),
	(181,642,'Romania','Roumanie'),
	(182,643,'Russian Federation','Fédération de Russie'),
	(183,646,'Rwanda','Rwanda'),
	(184,654,'Saint Helena','Sainte-Hélène'),
	(185,659,'Saint Kitts and Nevis','Saint-Kitts-et-Nevis'),
	(186,660,'Anguilla','Anguilla'),
	(187,662,'Saint Lucia','Sainte-Lucie'),
	(188,666,'Saint-Pierre and Miquelon','Saint-Pierre-et-Miquelon'),
	(189,670,'Saint Vincent and the Grenadines','Saint-Vincent-et-les Grenadines'),
	(190,674,'San Marino','Saint-Marin'),
	(191,678,'Sao Tome and Principe','Sao Tomé-et-Principe'),
	(192,682,'Saudi Arabia','Arabie Saoudite'),
	(193,686,'Senegal','Sénégal'),
	(194,690,'Seychelles','Seychelles'),
	(195,694,'Sierra Leone','Sierra Leone'),
	(196,702,'Singapore','Singapour'),
	(197,703,'Slovakia','Slovaquie'),
	(198,704,'Vietnam','Viet Nam'),
	(199,705,'Slovenia','Slovénie'),
	(200,706,'Somalia','Somalie'),
	(201,710,'South Africa','Afrique du Sud'),
	(202,716,'Zimbabwe','Zimbabwe'),
	(203,724,'Spain','Espagne'),
	(204,732,'Western Sahara','Sahara Occidental'),
	(205,736,'Sudan','Soudan'),
	(206,740,'Suriname','Suriname'),
	(207,744,'Svalbard and Jan Mayen','Svalbard etÎle Jan Mayen'),
	(208,748,'Swaziland','Swaziland'),
	(209,752,'Sweden','Suède'),
	(210,756,'Switzerland','Suisse'),
	(211,760,'Syrian Arab Republic','République Arabe Syrienne'),
	(212,762,'Tajikistan','Tadjikistan'),
	(213,764,'Thailand','Thaïlande'),
	(214,768,'Togo','Togo'),
	(215,772,'Tokelau','Tokelau'),
	(216,776,'Tonga','Tonga'),
	(217,780,'Trinidad and Tobago','Trinité-et-Tobago'),
	(218,784,'United Arab Emirates','Émirats Arabes Unis'),
	(219,788,'Tunisia','Tunisie'),
	(220,792,'Turkey','Turquie'),
	(221,795,'Turkmenistan','Turkménistan'),
	(222,796,'Turks and Caicos Islands','Îles Turks et Caïques'),
	(223,798,'Tuvalu','Tuvalu'),
	(224,800,'Uganda','Ouganda'),
	(225,804,'Ukraine','Ukraine'),
	(226,807,'The Former Yugoslav Republic of Macedonia','L\'ex-République Yougoslave de Macédoine'),
	(227,818,'Egypt','Égypte'),
	(228,826,'United Kingdom','Royaume-Uni'),
	(229,833,'Isle of Man','Île de Man'),
	(230,834,'United Republic Of Tanzania','République-Unie de Tanzanie'),
	(231,840,'United States','États-Unis'),
	(232,850,'U.S. Virgin Islands','Îles Vierges des États-Unis'),
	(233,854,'Burkina Faso','Burkina Faso'),
	(234,858,'Uruguay','Uruguay'),
	(235,860,'Uzbekistan','Ouzbékistan'),
	(236,862,'Venezuela','Venezuela'),
	(237,876,'Wallis and Futuna','Wallis et Futuna'),
	(238,882,'Samoa','Samoa'),
	(239,887,'Yemen','Yémen'),
	(240,891,'Serbia and Montenegro','Serbie-et-Monténégro'),
	(241,894,'Zambia','Zambie');


insert into `province` (`id`,`name`) VALUES
  (1, 'Bas Congo'),
  (2, 'Bandundu'),
  (3, 'Kasai Oriental'),
  (4, 'Katanga'),
  (5, 'Equateur'),
  (6, 'Kasai Occidental'),
  (7, 'Kinshasa'),
  (8, 'Nord Kivu'),
  (9, 'Sud Kivu'),
  (10, 'Province Oriental'),
  (11, 'Maniema');

insert into `sector` (`name`) VALUES 
  ('Kilunda'),
  ('Kwilu');

insert into `village` (`name`) VALUES
  ('Vanga'),
  ('Bulungu'),
  ('Songo'),
  ('Lusekele');

insert into `location` (`country_id`, `province_id`, `sector_id`, `village_id`) VALUES 
  (1, 1, 1, 1);

-- configure enterprise

insert into `currency` (`id`, `name`, `symbol`, `separator`, `decimal`) values
  (1,'Congolese Francs','Fc', '.', ','),
	(2,'United State Dollars','$', ',', '.'),
  (3,'Euro', '€', ' ', '.');
             
insert into `exchange_rate` (`enterprise_currency_id`, `foreign_currency_id`, `rate`, `date`) values
  (2, 1, 1/920, '2014-01-04');

insert into `enterprise` (`id`, `name`, `abbr`, `phone`, `email`, `location_id`, `logo`, `currency_id`) values 
  (200, 'Hopital Bon Berger', 'GSH', '0825924377', 'cmk@tshikaji.cd', 1, '/assets/logos/tsh.jpg', 2);

-- configure fiscal year/period

/*insert into `fiscal_year` (`enterprise_id`, `id`, `number_of_months`, `fiscal_year_txt`, `transaction_start_number`, `transaction_stop_number`, `fiscal_year_number`, `start_month`, `start_year`, `previous_fiscal_year`) values 
  (200, 1, 12, 'Tshikaji 2013', null, null, 1, 07, 2013, null);

insert into `period` (`id`, `fiscal_year_id`, `period_start`, `period_stop`, `locked`) values
	('1', '1', '2013-09-01', '2013-09-30', '0'),
	('2', '1', '2013-10-01', '2013-10-31', '0'),
	('3', '1', '2013-11-01', '2013-11-30', '0'),
	('4', '1', '2013-12-01', '2013-12-31', '0'),
	('5', '1', '2014-01-01', '2014-01-31', '0'),
	('6', '1', '2014-02-01', '2014-02-28', '0'),
	('7', '1', '2014-03-01', '2014-03-31', '0'),
	('8', '1', '2014-04-01', '2014-04-30', '0'),
	('9', '1', '2014-05-01', '2014-05-31', '0'),
	('10', '1', '2014-06-01', '2014-06-30', '0'),
	('11', '1', '2014-07-01', '2014-07-31', '0'),
	('12', '1', '2014-08-01', '2014-08-31', '0');*/

-- configure accounts
insert into `account_type` values
  (1,'income/expense'),
  (2,'balance'),
  (3,'title');

insert into `account_category` (`id`, `title`, `collection_id`) values 
  (0, "Misc.", 1),
  (1, 'Biens et Materiels', 2),
  (2, 'Depenses de prestations', 2),
  (3, 'Salaires', 2),
  (4, 'Production Local', 3),
  (5, 'Subvention', 3);

insert into `account_collection` (`id`, `leading_number`, `title`) values
  (1, 4, 'Fournisseurs'),
  (2, 6, 'Income/Debit Accounts'),
  (3, 7, 'Expense/Credit Accounts');

/*insert into `account` (`id`, `fixed`,  `locked`, `enterprise_id`, `account_number`, `account_txt`, `account_type_id`, `account_category_id`) values 
  (0  , 1, 0, 200, 60111000, "Medicaments"                               , 1, 1),
  (1  , 1, 0, 200, 60111200, "Perfusion"                                 , 1, 1),
  (2  , 1, 0, 200, 60211000, "Achat sang"                                , 1, 1),
  (3  , 1, 0, 200, 61111000, "Cons. Fournitures Medicales"               , 1, 1),
  (4  , 1, 0, 200, 61111400, "Fournitures Optique"                       , 1, 1),
  (5  , 1, 0, 200, 61111129, "Repase Malades Fistuleuse"                 , 1, 1),
  (6  , 1, 0, 200, 61111144, "Cons Laboratoire"                          , 1, 1),
  (7  , 1, 0, 200, 61112180, "Produits Alimentaires GH"                  , 1, 1),
  (8  , 1, 0, 200, 61121700, "Cons. Rx"                                  , 1, 1),
  (9  , 1, 0, 200, 61311150, "Materiel et equipement admin"              , 1, 1),
  (10 , 1, 0, 200, 61311151, "Autres consommables admin"                 , 1, 1),
  (11 , 1, 0, 200, 61311152, "Fiches"                                    , 1, 1),
  (12 , 1, 0, 200, 61411000, "Carburant et lubrificant"                  , 1, 1),
  (13 , 1, 0, 200, 61401000, "gasoil"                                    , 1, 1),
  (14 , 1, 0, 200, 61431350, "LC ophtalmologie go"                       , 1, 1),
  (15 , 1, 0, 200, 51461350, "Mobility in Mission"                       , 1, 1),
  (16 , 1, 0, 200, 61111152, "vetements professionnels"                  , 1, 1),
  (17 , 1, 0, 200, 61601000, "fournitures de service"                    , 1, 1),
  (18 , 1, 0, 200, 61601010, "fournitures d'entretien"                   , 1, 1),
  (19 , 1, 0, 200, 61831350, "LC ophtalmologie /pces"                    , 1, 1),
  (20 , 1, 0, 200, 61861350, "mobility in mission/pces"                  , 1, 1),
  (21 , 1, 0, 200, 61871000, "pieces de rechange"                        , 1, 1),
  (22 , 1, 0, 200, 61900100, "autres fournitures"                        , 1, 1),
  (23 , 1, 0, 200, 61901000, "petit materiel"                            , 1, 1),
  (24 , 1, 0, 200, 61421110, "Bois et braises"                           , 1, 2),
  (25 , 1, 0, 200, 61561000, "eau"                                       , 1, 2),
  (26 , 1, 0, 200, 61561100, "electricite"                               , 1, 2),
  (27 , 1, 0, 200, 62101000, "transport du personnel"                    , 1, 2),
  (28 , 1, 0, 200, 62111129, "transport malades fistuleuses"             , 1, 2),
  (29 , 1, 0, 200, 62301000, "deplacement et voyages"                    , 1, 2),
  (30 , 1, 0, 200, 62801000, "autres fraise de transport"                , 1, 2),
  (31 , 1, 0, 200, 63121000, "entretienm terrain"                        , 1, 2),
  (32 , 1, 0, 200, 63151000, "entretien mat. de transport"               , 1, 2),
  (33 , 1, 0, 200, 63161000, "entretien machines & autres EQ"            , 1, 2),
  (34 , 1, 0, 200, 63161350, "entretien lc mobility"                     , 1, 2),
  (35 , 1, 0, 200, 63201010, "honoraires avocat"                         , 1, 2),
  (36 , 1, 0, 200, 63201030, "honoraires auditeurs"                      , 1, 2),
  (37 , 1, 0, 200, 63211100, "consultants externes"                      , 1, 2),
  (38 , 1, 0, 200, 63211129, "honoraires s/operations fistu"             , 1, 2),
  (39 , 1, 0, 200, 63301000, "frais bancaires"                           , 1, 2),
  (40 , 1, 0, 200, 63311000, "frais postes et communications"            , 1, 2),
  (41 , 1, 0, 200, 63321600, "dr sabua scholarship"                      , 1, 2),
  (42 , 1, 0, 200, 63331122, "mbf women development"                     , 1, 2),
  (43 , 1, 0, 200, 63331350, "entretien imck lc"                         , 1, 2),
  (44 , 1, 0, 200, 63331540, "hydro entretien"                           , 1, 2),
  (45 , 1, 0, 200, 63341000, "frs formation du personnel"                , 1, 2),
  (46 , 1, 0, 200, 63351000, "autres services exterieurs"                , 1, 2),
  (47 , 1, 0, 200, 63411000, "loyers & charges locatives"                , 1, 2),
  (48 , 1, 0, 200, 63601000, "annonces et publicite"                     , 1, 2),
  (49 , 1, 0, 200, 64071000, "assurance vehicules"                       , 1, 2),
  (50 , 1, 0, 200, 64511000, "assistance au personnel"                   , 1, 2),
  (51 , 1, 0, 200, 64511100, "supplement bourses residents"              , 1, 2),
  (52 , 1, 0, 200, 64521000, "dons & cotisations"                        , 1, 2),
  (53 , 1, 0, 200, 64521120, "representation a l'epn"                    , 1, 2),
  (54 , 1, 0, 200, 64601000, "differences de change"                     , 1, 2),
  (55 , 1, 0, 200, 64701000, "soins gratuites (charite)"                 , 1, 2),
  (56 , 1, 0, 200, 64701100, "soins gratuits cpc/cmco"                   , 1, 2),
  (57 , 1, 0, 200, 64711000, "maladies decedes"                          , 1, 2),
  (58 , 1, 0, 200, 64751100, "soins gratuits eleves"                     , 1, 2),
  (59 , 1, 0, 200, 64801000, "frs judiciaires"                           , 1, 2),
  (60 , 1, 0, 200, 64901000, "conseil d'administration et autres"        , 1, 2),
  (61 , 1, 0, 200, 64921000, "comite des finances"                       , 1, 2),
  (62 , 1, 0, 200, 64951000, "documentation"                             , 1, 2),
  (63 , 1, 0, 200, 64961000, "autres charges & pertes diverses"          , 1, 2),
  (64 , 1, 0, 200, 64971000, "aumonerie"                                 , 1, 2),
  (65 , 1, 0, 200, 66141000, "amendes et penalites fscales"              , 1, 2),
  (66 , 1, 0, 200, 66201000, "controle technique"                        , 1, 2),
  (67 , 1, 0, 200, 66301000, "taxes diverses"                            , 1, 2),
  (68 , 1, 0, 200, 65111000, "salaires bruts et primes"                  , 1, 3),
  (69 , 1, 0, 200, 65111129, "prime s/operations fistules"               , 1, 3),
  (70 , 1, 0, 200, 65141000, "allocation familiales legales"             , 1, 3),
  (71 , 1, 0, 200, 65211000, "charge sociales diverses inss"             , 1, 3),
  (72 , 1, 0, 200, 65221000, "decleration i.n.p.p"                       , 1, 3),
  (73 , 1, 0, 200, 65301000, "indeminites diverses"                      , 1, 3),
  (74 , 1, 0, 200, 65321000, "frs pharmaceutiqeus cash travail"          , 1, 3),
  (75 , 1, 0, 200, 65321100, "frais funeraires"                          , 1, 3),
  (76 , 1, 0, 200, 65321200, "soins medicaux en nature"                  , 1, 3),
  (77 , 1, 0, 200, 65331000, "indemnites de transport"                   , 1, 3),
  (78 , 1, 0, 200, 65341000, "indeminites de logement"                   , 1, 3),
  (79 , 1, 0, 200, 65351000, "indeminites de fin de carriere"            , 1, 3),
  (80 , 1, 0, 200, 70011000, "ventes medicaments"                        , 1, 4),
  (81 , 1, 0, 200, 70011200, "perfusion"                                 , 1, 4),
  (82 , 1, 0, 200, 70031400, "ventes lunettes"                           , 1, 4),
  (83 , 1, 0, 200, 70211000, "fiches"                                    , 1, 4),
  (84 , 1, 0, 200, 70471100, "carents de demande de consulta"            , 1, 4),
  (85 , 1, 0, 200, 71011004, "certificats et autres frais ad"            , 1, 4),
  (86 , 1, 0, 200, 71011005, "consultation"                              , 1, 4), -- [ORIGINAL NUMBER - 71011100]
  (87 , 1, 0, 200, 71011031, "platres"                                   , 1, 4),
  (88 , 1, 0, 200, 71011100, "actes chirurgicaux"                        , 1, 4),
  (89 , 1, 0, 200, 71011200, "soins specifiques"                         , 1, 4),
  (90 , 1, 0, 200, 71011300, "soins medicaux"                            , 1, 4),
  (91 , 1, 0, 200, 71011600, "examens labo"                              , 1, 4),
  (92 , 1, 0, 200, 71011700, "readiographies"                            , 1, 4),
  (93 , 1, 0, 200, 71011800, "accouchement"                              , 1, 4),
  (94 , 1, 0, 200, 71014100, "rapport medical"                           , 1, 4),
  (95 , 1, 0, 200, 71015000, "fournitures nursing"                       , 1, 4),
  (96 , 1, 0, 200, 71019000, "echo obstertrique"                         , 1, 4),
  (97 , 1, 0, 200, 71019000, "autres echo"                               , 1, 4),
  (98 , 1, 0, 200, 71051000, "bequilles et platres"                      , 1, 4),
  (99 , 1, 0, 200, 71101100, "urgences"                                  , 1, 4),
  (100, 1, 0, 200, 71161000, "recettes administratives"                  , 1, 4),
  (101, 1, 0, 200, 71161100, "jours lit"                                 , 1, 4),
  (102, 1, 0, 200, 74031000, "loyer - tshitudilu"                        , 1, 4),
  (103, 1, 0, 200, 74611000, "produit de change"                         , 1, 4),
  (104, 1, 0, 200, 74611100, "prod. et prof. div. he/gh"                 , 1, 4),
  (105, 1, 0, 200, 74611350, "prod. et prof. div. /c.e."                 , 1, 4),
  (106, 1, 0, 200, 74611300, "produits frs recherches"                   , 1, 4),
  (107, 1, 0, 200, 74611400, "produits frs de stage"                     , 1, 4),
  (108, 1, 0, 200, 74611450, "produits frs perfectionnement"             , 1, 4),
  (109, 1, 0, 200, 74611500, "produits morgue"                           , 1, 4),
  (110, 1, 0, 200, 74621000, "produits divers"                           , 1, 4),
  (111, 1, 0, 200, 76301000, "subvention d'exploitation mbf"             , 1, 5),
  (112, 1, 0, 200, 76201000, "subvention d'exploitation pcusa"           , 1, 5),
  (113, 1, 0, 200, 76401000, "subvention d'exploitation cbm"             , 1, 5),
  (114, 1, 0, 200, 76101000, "subvention d'exploitation"                 , 1, 5),
  (115, 1, 0, 200, 76100129, "eco fistula project"                       , 1, 5),
  (116, 1, 0, 200, 76111130, "eco cervical cancer"                       , 1, 5),
  (117, 1, 0, 200, 76221450, "eco charity funds"                         , 1, 5),
  (118, 1, 0, 200, 76221126, "eco tshikaji health center"                , 1, 5),
  (119, 1, 0, 200, 76501000, "subvention de l'etat (assp)"               , 1, 5),
  (120, 1, 0, 200, 76601000, "subentions fondation amis de l'imck"       , 1, 5),
  (121, 1, 0, 200, 76111270, "dr sabua scholarship"                      , 1, 5),
  (122, 1, 0, 200, 76121490, "bourse kajibdi/ voyage retour"             , 1, 5),
  (123, 1, 0, 200, 76121600, "dons divers en nature (usa+ amis)"         , 1, 5),
  (124, 1, 0, 200, 76151000, "eco 320802 mibility in mission"            , 1, 5),
  (125, 1, 0, 200, 76121510, "eco general non designe"                   , 1, 5),
  (126, 1, 0, 200, 76111127, "orphan scholarship educat"                 , 1, 5),
  (127, 1, 0, 200, 76221128, "eco healthy mother healthy children (HMHC)", 1, 5),
  (128, 1, 0, 200, 76261121, "eco moringa"                               , 1, 5),
  (129, 1, 0, 200, 76701000, "sub mppc"                                  , 1, 5),
  (130, 1, 0, 200, 76801000, "subvention row"                            , 1, 5),
  (131, 1, 0, 200, 76151000, "fonds epn"                                 , 1, 5),
  (132, 1, 0, 200, 41000000, "caisse"                                    , 1, 0); -- FIXME: This is temporary!*/

-- update `enterprise` set `cash_account`=132 where `id`=200;

insert into `account` (`id`, `fixed`,  `locked`, `enterprise_id`, `account_number`, `account_txt`, `account_type_id`, `parent`) values

(1, 1, 0, 200, 10, "CAPITAL", 3, 0),
(2, 1, 0, 200, 100, "Fonds social", 2, 10),
(3, 1, 0, 200, 101, "Fonds de dotation", 3, 10),
(4, 1, 0, 200, 1010, "Dotation de base", 2, 101),
(5, 1, 0, 200, 1013, "Affectations", 2, 101),
(6, 1, 0, 200, 1015, "Dons et legs", 2, 101),
(7, 1, 0, 200, 1016, "Autres dotations", 2, 101),
(8, 1, 0, 200, 11, "RESERVES", 3, 0),
(9, 1, 0, 200, 110, "Réserves légales", 2, 11),
(10, 1, 0, 200, 111, "Réserves statutaires", 2, 11),
(11, 1, 0, 200, 112, "Réserves réglementaires", 2, 11),
(12, 1, 0, 200, 12, "REPORT A NOUVEAU", 3, 0),
(13, 1, 0, 200, 120, "Bénéfices reportés", 2, 12),
(14, 1, 0, 200, 121, "Pertes non compensées", 2, 12),
(15, 1, 0, 200, 13, "RESULTAT NET", 3, 0),
(16, 1, 0, 200, 130, "Bénéfice net de l’exercice", 2, 13),
(17, 1, 0, 200, 131, "Bénéfice à conserver", 2, 13),
(18, 1, 0, 200, 133, "Perte nette de l’exercice", 2, 13),
(19, 1, 0, 200, 14, "PLUS-VALUES ET PROVISIONS REGLEMENTEES", 3, 0),
(20, 1, 0, 200, 140, "Plus-values de réévaluation", 2, 14),
(21, 1, 0, 200, 146, "Provisions réglementées", 2, 14),
(22, 1, 0, 200, 15, "SUBVENTIONS D’EQUIPEMENT", 3, 0),
(23, 1, 0, 200, 150, "Subventions d’Etat", 2, 15),
(24, 1, 0, 200, 152, "Subventions d’entreprises publiques", 2, 15),
(25, 1, 0, 200, 153, "Subventions d’entreprises et organismes privés", 2, 15),
(26, 1, 0, 200, 158, "Subventions d’équipements amortis", 2, 15),
(27, 1, 0, 200, 16, "EMPRUNTS ET DETTES A LONG TERME", 3, 0),
(28, 1, 0, 200, 160, "Emprunts garantis à long terme", 2, 16),
(29, 1, 0, 200, 161, "Emprunts et dettes à long terme émis par des Organismes collectifs", 2, 16),
(30, 1, 0, 200, 162, "Emprunts et dettes à long terme auprès des entreprises apparentées", 2, 16),
(31, 1, 0, 200, 165, "Avances reçues et comptes bloqués à long terme", 2, 16),
(32, 1, 0, 200, 17, "EMPRUNTS ET DETTES A MOYEN TERME", 3, 0),
(33, 1, 0, 200, 170, "Emprunts garantis à moyen terme", 2, 17),
(34, 1, 0, 200, 171, "Emprunts et dettes à moyen terme émis par des organismes collectifs", 2, 17),
(35, 1, 0, 200, 174, "Fournisseurs à moyen terme", 2, 17),
(36, 1, 0, 200, 175, "Avances reçues et comptes bloqués à moyen terme", 2, 17),
(37, 1, 0, 200, 18, "PROVISIONS POUR CHARGES ET PERTES", 3, 0),
(38, 1, 0, 200, 180, "Provisions pour risques", 3, 18),
(39, 1, 0, 200, 1800, "Provisions pour litiges en cours", 2, 180),
(40, 1, 0, 200, 1806, "Provisions pour risques divers", 2, 180),
(41, 1, 0, 200, 182, "Provisions pour renouvellement des immobilisations", 2, 18),
(42, 1, 0, 200, 19, "19. COMPTES DE LIAISONS DES ETABLISSEMENTS", 3, 0),
(43, 1, 0, 200, 190, "Comptes de liaison avec l’Administration centrale", 2, 19),
(44, 1, 0, 200, 191, "Comptes de liaison entre Etablissements", 2, 19),
(45, 1, 0, 200, 192, "Comptes de liaison entre Succursales (BCZS)", 2, 19),
(46, 1, 0, 200, 20, "20. IMMOBILISATIONS INCORPORELLES", 3, 0),
(47, 1, 0, 200, 200, "Concessions sur terrains", 2, 20),
(48, 1, 0, 200, 204, "Brevets, Licences, Marques, Procédés, Modèles, Dessins", 2, 20),
(49, 1, 0, 200, 21, "21. TERRAINS", 3, 0),
(50, 1, 0, 200, 210, "Terrains de construction et chantiers", 2, 21),
(51, 1, 0, 200, 216, "Autres terrains", 2, 21),
(52, 1, 0, 200, 22, "22. AUTRES IMMOBILISATIONS CORPORELLES", 3, 0),
(53, 1, 0, 200, 221, "Immeubles non résidentiels", 3, 22),
(54, 1, 0, 200, 2212, "Bâtiments administratifs", 2, 221),
(55, 1, 0, 200, 2214, "Bâtiments sociaux", 2, 221),
(56, 1, 0, 200, 2216, "Ouvrages d’infrastructure", 2, 221),
(57, 1, 0, 200, 223, "Autres constructions", 3, 22),
(58, 1, 0, 200, 2231, "Logements des Directeurs", 2, 223),
(59, 1, 0, 200, 2232, "Logements des Cadres", 2, 223),
(60, 1, 0, 200, 2233, "Logements des Ouvriers", 2, 223),
(61, 1, 0, 200, 225, "Matériel de transport", 3, 22),
(62, 1, 0, 200, 2251, "Matériel routier", 3, 225),
(63, 1, 0, 200, 22511, "Matériel automobile et assimilé", 2, 2251),
(64, 1, 0, 200, 22512, "Autres matériels", 2, 2251),
(65, 1, 0, 200, 2253, "Matériel naval et fluvial", 2, 225),
(66, 1, 0, 200, 2254, "Matériel aéronautique", 2, 225),
(67, 1, 0, 200, 226, "Machines et autres biens d’équipement", 3, 22),
(68, 1, 0, 200, 2263, "Matériel et mobilier de bureau", 2, 226),
(69, 1, 0, 200, 23, "23. AUTRES IMMOBILISATIONS CORPORELLES EN COURS", 3, 0),
(70, 1, 0, 200, 231, "Immeubles non résidentiels en cours", 2, 23),
(71, 1, 0, 200, 233, "Autres constructions en cours", 2, 23),
(72, 1, 0, 200, 25, "25. TITRES ET VALEURS ENGAGES A PLUS D’UN AN", 3, 0),
(73, 1, 0, 200, 255, "Parts dans des associations, syndicats et organismes divers", 2, 25),
(74, 1, 0, 200, 256, "Parts dans des sociétés de personnes", 3, 25),
(75, 1, 0, 200, 2563, "Parts dans des sociétés privées à responsabilité limitée", 2, 256),
(76, 1, 0, 200, 26, "26. PRETS ET AUTRES CREANCES A LONG TERME", 3, 0),
(77, 1, 0, 200, 260, "Prêts à long terme", 2, 26),
(78, 1, 0, 200, 265, "Comptes bancaires bloqués à long terme", 2, 26),
(79, 1, 0, 200, 27, "27. PRETS ET AUTRES CREANCES A MOYEN TERME", 3, 0),
(80, 1, 0, 200, 270, "Prêts à moyen terme", 2, 27),
(81, 1, 0, 200, 273, "Prêts à des entreprises apparentées à moyen terme", 2, 27),
(82, 1, 0, 200, 28, "28. AMORTISSEMENT ET PROVISIONS POUR DEPRECIATION DES COMPTES DE LA CLASSE II", 3, 0),
(83, 1, 0, 200, 280, "Amortissements des valeurs incorporelles immobilisées", 2, 28),
(84, 1, 0, 200, 281, "Amortissements des immobilisations incorporelles", 2, 28),
(85, 1, 0, 200, 282, "Provisions pour dépréciation des immobilisations incorporelles", 2, 28),
(86, 1, 0, 200, 283, "Provisions pour dépréciation des terrains", 2, 28),
(87, 1, 0, 200, 284, "Provisions pour dépréciation des autres immobilisations corporelles", 2, 28),
(88, 1, 0, 200, 285, "Provisions pour dépréciation des titres et valeurs engagés à plus d’un an", 2, 28),
(89, 1, 0, 200, 286, "Provisions pour dépréciation des prêts et autres créances à plus d’un an", 2, 28),
(90, 1, 0, 200, 29, "29. COMPTES D’ATTENTE ET REGULARISER", 3, 0),
(91, 1, 0, 200, 30, "30. MEDICAMENT, MATERIEL MEDICAL ET IMPRIMES", 3, 0),
(92, 1, 0, 200, 301, "Médicament", 2, 30),
(93, 1, 0, 200, 302, "Imprimés", 2, 30),
(94, 1, 0, 200, 303, "Autre stock médical", 2, 30),
(95, 1, 0, 200, 304, "Autre stocks non médical", 2, 30),
(96, 1, 0, 200, 31, "31. MATIERES ET FOURNITURES", 3, 0),
(97, 1, 0, 200, 312, "Combustible", 3, 31),
(98, 1, 0, 200, 3120, "Carburant et lubrifiant", 2, 312),
(99, 1, 0, 200, 3121, "Pétrole", 2, 312),
(100, 1, 0, 200, 3122, "Autres combustibles", 2, 312),
(101, 1, 0, 200, 311, "Fournitures", 3, 31),
(102, 1, 0, 200, 3110, "Produits d’entretien", 2, 311),
(103, 1, 0, 200, 3111, "Fournitures d’atelier et d’usine", 3, 311),
(104, 1, 0, 200, 31111, "Pièces de rechange", 2, 3111),
(105, 1, 0, 200, 3113, "Fournitures de bureau", 2, 311),
(106, 1, 0, 200, 3114, "Fournitures et produits pour services sociaux", 2, 311),
(107, 1, 0, 200, 3115, "Autres Fournitures spécifiques aux services", 2, 311),
(108, 1, 0, 200, 32, "32. EMBALLAGES COMMERCIAX", 3, 0),
(109, 1, 0, 200, 321, "Emballages à vendre", 3, 32),
(110, 1, 0, 200, 3210, "Emballages en stocks", 2, 321),
(111, 1, 0, 200, 3211, "Emballages sortis", 2, 321),
(112, 1, 0, 200, 33, "33. PRODUITS SEMI-OUVRES", 3, 0),
(113, 1, 0, 200, 34, "34. PRODUITS FINIS", 3, 0),
(114, 1, 0, 200, 35, "35. PRODUITS ET TRAVAUX EN COURS", 3, 0),
(115, 1, 0, 200, 36, "36. STOCKS A L’EXTERIEUR", 3, 0),
(116, 1, 0, 200, 360, "Stocks en cours de route", 2, 36),
(117, 1, 0, 200, 361, "Stocks en consignation", 2, 36),
(118, 1, 0, 200, 37, "37. FRAIS ACCESSOIRES D’ACHAT", 3, 0),
(119, 1, 0, 200, 370, "Frais de transports sur achats", 2, 37),
(120, 1, 0, 200, 371, "Droits de douane à l’importation", 2, 37),
(121, 1, 0, 200, 372, "Assurances transports sur achats", 2, 37),
(122, 1, 0, 200, 373, "Commissions sur achats", 2, 37),
(123, 1, 0, 200, 374, "Frais de transit sur achats", 2, 37),
(124, 1, 0, 200, 378, "Autres frais accessoires d’achats", 2, 37),
(125, 1, 0, 200, 38, "38. PROVISIONS POUR DEPRECIATION DES COMPTES DE LA CLASSE III", 3, 0),
(126, 1, 0, 200, 380, "Provisions pour dépréciation des médicament", 2, 38),
(127, 1, 0, 200, 381, "Provisions pour dépréciation des matières et fournitures", 2, 38),
(128, 1, 0, 200, 382, "Provisions pour dépréciation des emballages", 2, 38),
(129, 1, 0, 200, 384, "Provisions pour dépréciation des produits finis", 2, 38),
(130, 1, 0, 200, 386, "Provisions pour dépréciation des stocks détenus à l’extérieur", 2, 38),
(131, 1, 0, 200, 39, "39. ACHATS", 3, 0),
(132, 1, 0, 200, 390, "Médicament, matériel", 2, 39),
(133, 1, 0, 200, 391, "Matériel médical", 2, 39),
(134, 1, 0, 200, 392, "Imprimés", 2, 39),
(135, 1, 0, 200, 393, "Achat de matière et fournitures spécifiques", 2, 39),
(136, 1, 0, 200, 394, "Achat d’emballages commerciaux.", 2, 39),
(137, 1, 0, 200, 40, "40. FOURNISSEURS", 3, 0),
(138, 1, 0, 200, 400, "Fournisseurs, institutions sanitaires", 2, 40),
(139, 1, 0, 200, 401, "Fournisseurs ordinaires", 2, 40),
(140, 1, 0, 200, 403, "Fournisseurs, avances et acomptes versés sur valeurs d’exploitation (ou sous-traitance)", 2, 40),
(141, 1, 0, 200, 404, "Fournisseurs, emballages et matériels à rendre", 2, 40),
(142, 1, 0, 200, 405, "Fournisseurs, factures à recevoir", 2, 40),
(143, 1, 0, 200, 406, "Fournisseurs, Etat.", 2, 40),
(144, 1, 0, 200, 41, "41. CLIENTS", 3, 0),
(145, 1, 0, 200, 410, "Clients, sociétés conventionnées", 3, 41),
(146, 1, 0, 200, 4100, "Société x", 2, 410),
(147, 1, 0, 200, 4101, "Société y", 2, 410),
(148, 1, 0, 200, 415, "Clients, factures à établir", 2, 41),
(149, 1, 0, 200, 416, "Ayant droit", 2, 41),
(150, 1, 0, 200, 417, "Clients douteux", 2, 41),
(151, 1, 0, 200, 42, "42. PERSONNEL", 3, 0),
(152, 1, 0, 200, 420, "Avances, acomptes et prêts au personnel", 3, 42),
(153, 1, 0, 200, 4200, "debitor et personnel de direction", 2, 420),
(154, 1, 0, 200, 4201, "Infirmiers", 2, 420),
(155, 1, 0, 200, 4202, "Para médicaux", 2, 420),
(156, 1, 0, 200, 422, "Rémunérations dues au personnel", 3, 42),
(157, 1, 0, 200, 4220, "Cadres et personnel de direction", 2, 422),
(158, 1, 0, 200, 4221, "Infirmiers", 2, 422),
(159, 1, 0, 200, 4222, "Para médicaux", 2, 422),
(160, 1, 0, 200, 43, "43. ETAT-PUISSANCE PUBLIQUE", 3, 0),
(161, 1, 0, 200, 432, "CPR", 2, 43),
(162, 1, 0, 200, 45, "45.INSTITUTIONS APPARENTEES", 3, 0),
(163, 1, 0, 200, 46, "46. CREDITEURS ET DEBITEURS DIVERS", 3, 0),
(164, 1, 0, 200, 460, "Débiteurs divers", 2, 46),
(165, 1, 0, 200, 461, "Créditeurs", 3, 46),
(166, 1, 0, 200, 4610, "Divers", 3, 461),
(167, 1, 0, 200, 46102, "INSS", 2, 4610),
(168, 1, 0, 200, 462, "Projets spécifiques", 2, 46),
(169, 1, 0, 200, 465, "Organismes internationaux", 2, 46),
(170, 1, 0, 200, 466, "466 Autres projets spécifiques", 2, 46),
(171, 1, 0, 200, 47, "47. COMPTES DE REGULARISATIONS", 3, 0),
(172, 1, 0, 200, 470, "Régularisations passives", 2, 47),
(173, 1, 0, 200, 471, "Régularisations actives", 2, 47),
(174, 1, 0, 200, 473, "Charges à étaler", 2, 47),
(175, 1, 0, 200, 48, "48. PROVISIONS POUR DEPRECIATION DES COMPTES DE LA CLASSE IV", 3, 0),
(176, 1, 0, 200, 480, "Provisions pour dépréciation des comptes des fournisseurs débiteurs", 2, 48),
(177, 1, 0, 200, 481, "Provisions pour dépréciation des comptes clients", 2, 48),
(178, 1, 0, 200, 49, "49. COMPTES D’ATTENTE ET A REGULARISER", 3, 0),
(179, 1, 0, 200, 50, "50. EMPRUNTS A MOINS D’UN AN", 3, 0),
(180, 1, 0, 200, 500, "Emprunts auprès de l’Etat ou des organismes publics", 2, 50),
(181, 1, 0, 200, 501, "Emprunts auprès des organismes", 2, 50),
(182, 1, 0, 200, 503, "Emprunts bancaires", 2, 50),
(183, 1, 0, 200, 51, "51. PRETS A MOINS D’UN AN", 3, 0),
(184, 1, 0, 200, 510, "Prêts auprès de l’Etat ou organismes publics", 2, 51),
(185, 1, 0, 200, 511, "Prêts auprès des entreprises", 2, 51),
(186, 1, 0, 200, 513, "Prêts bancaires", 2, 51),
(187, 1, 0, 200, 56, "56. BANQUES ET INSTITUTIONS FINANCIERES", 3, 0),
(188, 1, 0, 200, 562, "Banques de dépôt", 3, 56),
(189, 1, 0, 200, 5620, "Banque FC", 2, 562),
(190, 1, 0, 200, 5621, "Banque $", 2, 562),
(191, 1, 0, 200, 5622, "Banque EU", 2, 562),
(192, 1, 0, 200, 563, "Institutions et autres établissements financiers", 2, 56),
(193, 1, 0, 200, 57, "57. CAISSES", 3, 0),
(194, 1, 0, 200, 5701, "Caisses Fc", 2, 57),
(195, 1, 0, 200, 5702, "Caisses $", 2, 57),
(196, 1, 0, 200, 5703, "Caisses €", 2, 57),
(197, 1, 0, 200, 58, "58. PROVISIONS POUR DEPRECIATION DES COMPTES DE LA CLASSE V", 3, 0),
(198, 1, 0, 200, 59, "59. VIREMENTS INTERNES", 3, 0),
(199, 1, 0, 200, 590, "Caisse Fc à Banque Fc", 2, 59),
(200, 1, 0, 200, 591, "Caisse $ à Banque $", 2, 59),
(201, 1, 0, 200, 592, "Banque $ à Caisse Fc", 2, 59),
(202, 1, 0, 200, 593, "Banque € à Caisse Fc", 2, 59),
(203, 1, 0, 200, 60, "60. STOCKS VENDUS", 3, 0),
(204, 1, 0, 200, 600, "Médicaments vendus", 1, 60),
(205, 1, 0, 200, 607, "Imprimés vendus", 1, 60),
(206, 1, 0, 200, 608, "Matériel médical et nonmédical vendu", 3, 60),
(207, 1, 0, 200, 6080, "Matériel médical vendu", 1, 608),
(208, 1, 0, 200, 6085, "Matériel non médical vendu", 1, 608),
(209, 1, 0, 200, 61, "61. MATIERES ET FOURNITURES CONSOMMEES", 3, 0),
(210, 1, 0, 200, 611, "Fournitures consommées", 3, 61),
(211, 1, 0, 200, 6110, "Produits d’entretien", 1, 611),
(212, 1, 0, 200, 6111, "Fournitures spécifiques", 1, 611),
(213, 1, 0, 200, 6113, "Fournitures de bureau", 1, 611),
(214, 1, 0, 200, 6114, "Fournitures et produits médicaux", 1, 611),
(215, 1, 0, 200, 6119, "Divers consommés", 1, 611),
(216, 1, 0, 200, 612, "Matières consommées", 3, 61),
(217, 1, 0, 200, 6120, "Carburant et lubrifiant", 1, 612),
(218, 1, 0, 200, 6125, "Autres Combustibles consommés", 1, 612),
(219, 1, 0, 200, 6126, "Electricité", 1, 612),
(220, 1, 0, 200, 6127, "Eau", 1, 612),
(221, 1, 0, 200, 613, "Pièces de rechange", 1, 61),
(222, 1, 0, 200, 614, "Emballages consommés", 1, 61),
(223, 1, 0, 200, 62, "62. TRANSPORTS CONSOMMES", 3, 0),
(224, 1, 0, 200, 620, "Transports sur ventes", 3, 62),
(225, 1, 0, 200, 6200, "Transports par fer", 1, 620),
(226, 1, 0, 200, 6201, "Transports par route", 1, 620),
(227, 1, 0, 200, 6202, "Transports maritimes", 1, 620),
(228, 1, 0, 200, 6203, "Transport aériens", 1, 620),
(229, 1, 0, 200, 6204, "Transports fluviaux", 1, 620),
(230, 1, 0, 200, 621, "Transports du personnel", 1, 62),
(231, 1, 0, 200, 623, "Déplacements et voyages", 1, 62),
(232, 1, 0, 200, 627, "Transports pour comptes de tiers", 1, 62),
(233, 1, 0, 200, 628, "Autres frais de transports", 1, 62),
(234, 1, 0, 200, 63, "63. AUTRES SERVICES CONSOMMES", 3, 0),
(235, 1, 0, 200, 630, "Loyers et charges locatives", 1, 63),
(236, 1, 0, 200, 631, "Entretien et réparations", 3, 63),
(237, 1, 0, 200, 6310, "Entretien des bâtiments", 1, 631),
(238, 1, 0, 200, 6311, "Entretien des véhicules et motos", 1, 631),
(239, 1, 0, 200, 6312, "Entretien des machines", 1, 631),
(240, 1, 0, 200, 6313, "Entretien de la cour", 1, 631),
(241, 1, 0, 200, 6314, "Entretien divers", 1, 631),
(242, 1, 0, 200, 632, "Rémunérations d’intermédiaires et honoraires", 3, 63),
(243, 1, 0, 200, 6320, "Honoraires", 1, 632),
(244, 1, 0, 200, 6321, "Frais d’acte", 1, 632),
(245, 1, 0, 200, 633, "Achat de services extérieurs", 3, 63),
(246, 1, 0, 200, 6330, "Service bancaires", 1, 633),
(247, 1, 0, 200, 6331, "Frais de postes et télécommunications", 1, 633),
(248, 1, 0, 200, 6333, "Frais de mission", 1, 633),
(249, 1, 0, 200, 6334, "Organismes d’études, d’assistance technique et de formation", 1, 633),
(250, 1, 0, 200, 634, "Commissions et courtages sur ventes", 1, 63),
(251, 1, 0, 200, 635, "Quote-part des frais de siège à l’étranger", 1, 63),
(252, 1, 0, 200, 636, "Publicité", 1, 63),
(253, 1, 0, 200, 64, "64. CHARGES ET PERTES DIVERSES", 3, 0),
(254, 1, 0, 200, 640, "Primes d’assurance", 3, 64),
(255, 1, 0, 200, 6401, "Assurance véhicule", 1, 640),
(256, 1, 0, 200, 6402, "Assurance moto", 1, 640),
(257, 1, 0, 200, 6403, "Assurance autres biens", 1, 640),
(258, 1, 0, 200, 6407, "Autres primes d’assurance", 1, 640),
(259, 1, 0, 200, 642, "Rémunérations des dirigeants non salariés", 3, 64),
(260, 1, 0, 200, 6420, "Jetons de présence", 1, 642),
(261, 1, 0, 200, 6425, "Autres", 1, 642),
(262, 1, 0, 200, 645, "Subventions accordées, dons et cotisations", 3, 64),
(263, 1, 0, 200, 6450, "Subventions accordées", 1, 645),
(264, 1, 0, 200, 6451, "Dons", 1, 645),
(265, 1, 0, 200, 6452, "Cotisations", 1, 645),
(266, 1, 0, 200, 646, "Différences de change", 1, 64),
(267, 1, 0, 200, 647, "Créances irrécouvrables", 1, 64),
(268, 1, 0, 200, 648, "Amendes pénales", 1, 64),
(269, 1, 0, 200, 649, "Autres", 3, 64),
(270, 1, 0, 200, 6490, "Soins médicaux aux pensionnés", 1, 649),
(271, 1, 0, 200, 6491, "Soin médicaux aux indigents", 1, 649),
(272, 1, 0, 200, 6492, "Assistances sociales", 1, 649),
(273, 1, 0, 200, 65, "65. CHARGES DU PERSONNEL", 3, 0),
(274, 1, 0, 200, 651, "Rémunérations", 3, 65),
(275, 1, 0, 200, 6510, "Salaires de base", 1, 651),
(276, 1, 0, 200, 6511, "Primes et gratifications", 1, 651),
(277, 1, 0, 200, 6512, "Commissions", 1, 651),
(278, 1, 0, 200, 6513, "Allocations familiales légales", 1, 651),
(279, 1, 0, 200, 652, "Charges sociales diverses", 3, 65),
(280, 1, 0, 200, 6520, "I.N.S.S.", 1, 652),
(281, 1, 0, 200, 6521, "Autres charges sociales (I.N.P.P., assurances diverses)", 1, 652),
(282, 1, 0, 200, 653, "Indemnités et divers", 3, 65),
(283, 1, 0, 200, 6530, "Indemnités diverses", 1, 653),
(284, 1, 0, 200, 6531, "Frais médicaux, pharmaceutiques, d’hospitalisation et funéraires", 1, 653),
(285, 1, 0, 200, 6532, "Frais de transport du personnel", 1, 653),
(286, 1, 0, 200, 66, "66. CONTRIBUTIONS ET TAXES", 3, 0),
(287, 1, 0, 200, 661, "Contributions directes", 3, 66),
(288, 1, 0, 200, 6611, "Taxe sur véhicule", 1, 661),
(289, 1, 0, 200, 612, "Taxe sur moto", 1, 66),
(290, 1, 0, 200, 67, "67. INTERETS", 3, 0),
(291, 1, 0, 200, 670, "Intérêts des emprunts", 1, 67),
(292, 1, 0, 200, 672, "Intérêts des comptes courants et des dépôts créditeurs", 1, 67),
(293, 1, 0, 200, 673, "Intérêts bancaires", 1, 67),
(294, 1, 0, 200, 674, "Autres intérêts", 1, 67),
(295, 1, 0, 200, 675, "Escomptes financiers accordés", 1, 67),
(296, 1, 0, 200, 68, "68. DOTATION AUX AMORTISSEMENTS ET PROVISIONS", 3, 0),
(297, 1, 0, 200, 680, "Dotation aux amortissements", 1, 68),
(298, 1, 0, 200, 681, "Dotation aux provisions non exigibles", 1, 68),
(299, 1, 0, 200, 682, "Dotation aux provisions exigibles", 1, 68),
(300, 1, 0, 200, 70, "70. VENTES EN L’ETAT", 3, 0),
(301, 1, 0, 200, 700, "Ventes de médicaments", 1, 70),
(302, 1, 0, 200, 701, "Ventes de matériels médicaux", 1, 70),
(303, 1, 0, 200, 702, "Ventes des matériels non médicaux", 1, 70),
(304, 1, 0, 200, 703, "Ventes des imprimés", 1, 70),
(305, 1, 0, 200, 706, "Réductions sur ventes", 1, 70),
(306, 1, 0, 200, 707, "Ventes d’emballage récupérables", 1, 70),
(307, 1, 0, 200, 71, "71. PRODUCTION VENDUE", 3, 0),
(308, 1, 0, 200, 710, "Médicaments vendus (transformés sur place)", 3, 71),
(309, 1, 0, 200, 7110, "Recettes Actes infirmiers", 1, 710),
(310, 1, 0, 200, 711, "Prestations de services", 3, 71),
(311, 1, 0, 200, 7111, "Prestations Consultations", 1, 711),
(312, 1, 0, 200, 7112, "Prestations Orthopédie", 1, 711),
(313, 1, 0, 200, 7113, "Prestations Ophtalmologie", 1, 711),
(314, 1, 0, 200, 7114, "Prestations Médecine interne", 1, 711),
(315, 1, 0, 200, 7115, "Prestations Chirurgie", 1, 711),
(316, 1, 0, 200, 7116, "Prestations Dentisterie", 1, 711),
(317, 1, 0, 200, 7117, "Prestations Maternité", 1, 711),
(318, 1, 0, 200, 7118, "Prestations Laboratoire", 1, 711),
(319, 1, 0, 200, 7119, "Prestations Radiologie", 1, 711),
(320, 1, 0, 200, 7120, "Prestations Echographie", 1, 711),
(321, 1, 0, 200, 7121, "Prestations Kinésithérapie", 1, 711),
(322, 1, 0, 200, 7122, "Prestations Hospitalisation", 1, 711),
(323, 1, 0, 200, 7123, "Prestations CPN", 1, 711),
(324, 1, 0, 200, 7124, "Prestations CPS", 1, 711),
(325, 1, 0, 200, 7125, "Prestations CND", 1, 711),
(326, 1, 0, 200, 7126, "Autres Prestations", 1, 711),
(327, 1, 0, 200, 716, "Réductions sur ventes des production", 1, 71),
(328, 1, 0, 200, 717, "Ventes d’emballages récupérables", 1, 71),
(329, 1, 0, 200, 718, "Autres production vendue", 1, 71),
(330, 1, 0, 200, 72, "72. PRODUCTION STOCKEE", 3, 0),
(331, 1, 0, 200, 722, "Emballages commerciaux fabriqués par l’agent économique", 1, 72),
(332, 1, 0, 200, 723, "Produits Pharmaceutiques semi-ouvrés", 1, 72),
(333, 1, 0, 200, 724, "Produits finis", 1, 72),
(334, 1, 0, 200, 725, "Produits et travaux en cours", 1, 72),
(335, 1, 0, 200, 74, "74. PRODUITS ET PROFITS DIVERS", 3, 0),
(336, 1, 0, 200, 740, "Ristournes, rabais et remises obtenus hors factures", 1, 74),
(337, 1, 0, 200, 741, "Bonifications obtenues de fournisseurs", 1, 74),
(338, 1, 0, 200, 742, "Réquisition médecin", 1, 74),
(339, 1, 0, 200, 745, "Cotisations et dons reçus", 1, 74),
(340, 1, 0, 200, 746, "Bonis sur reprise d’emballages consignés", 1, 74),
(341, 1, 0, 200, 747, "Subventions d’équipement reprises pour quote-part", 1, 74),
(342, 1, 0, 200, 749, "Atres produits et profits divers", 1, 74),
(343, 1, 0, 200, 76, "76. SUBVENTIONS D’EXPLOITATION ET HORS EXPLOITATION", 3, 0),
(344, 1, 0, 200, 760, "Subventions accordées par l’Etat", 1, 76),
(345, 1, 0, 200, 761, "Subventions des Centres de santé", 1, 76),
(346, 1, 0, 200, 762, "Subvention organismes privés Etrangers", 1, 76),
(347, 1, 0, 200, 763, "Subventions organismes privés étrangers .", 1, 76),
(348, 1, 0, 200, 764, "Subventions d’autres institutions", 1, 76),
(349, 1, 0, 200, 765, "Don en médicament", 1, 76),
(350, 1, 0, 200, 78, "78. REPRISE SUR AMORTISSEMENTS ET PROVISIONS", 3, 0),
(351, 1, 0, 200, 780, "Reprises sur amortissements", 1, 78),
(352, 1, 0, 200, 781, "Reprises sur provisions non exigibles", 1, 78),
(353, 1, 0, 200, 782, "Reprises sur provisions exigibles", 1, 78);

insert into `convention` values (1, 'Société X', 146, 1, '0000000000', 'Null', 'Nothing', '0'),
 (2, 'Fr Reinart', 147, 1, '0000000000', 'Null', 'Nothing', '0');

-- configure price_group
insert into `price_group` values 
  (1,'Imports'),
  (2,'Locals');

-- configure payments

insert into `tax` values 
  (1, 1,'first registration'),
  (2, 2,'second metadata');

insert into `payment` values 
  (1, 14, 0, 'Two Weeks'  , ''),
	(2, 0 , 1, 'One Month'  , ''),
	(3, 0 , 0, 'Immediately', '');

-- configure debitors

insert into `debitor_group_type` (`id`, `type`) values
  (1, 'Employees'),
  (3, 'Malades Ambulatoire'),
  (4, 'Malades Interne');


insert into `debitor_group` (`enterprise_id`, `id`, `name`, `account_id`, `location_id`, `payment_id`, `note`, `tax_id`, `type_id`) values 
  (200, 1, "Internal", 146, 1, 1,'note 1', 1, 1), 
  (200, 2, "Normal Patient", 147, 1, 1,'note 2', 1, 3), 
  (200, 3, "External", 148, 1, 1,'note 3', 1, 4); 

insert into `debitor` (`id`, `group_id`, `text`, `convention_id`) values 
  (1, 1, "Jon Niles", 1);

insert into `patient` (`id`, `debitor_id`, `sex`, `first_name`, `last_name`, `dob`, `location_id`) values
  (1, 1, "M","Jon", "Niles", "1992-06-07", 1);

-- configure inventory

insert into `inv_unit` (`text`) values
  ('Act'),
	('Pallet'),
	('Pill'),
	('Box'),
	('Lot');

insert into `inv_type` values
  (0,'Article'),
  (1,'Assembly'),
  (2,'Service');

insert into `inv_group` (`name`, `symbol`, `sales_account`) values 
  ('Services' , 'S', 92), -- 301 
	('Medicines', 'M', 92), -- 301
	('Surgery'  , 'C', 94), -- 303 
  ('Fiches'   , 'F', 93); -- 302

insert into `inventory` (`enterprise_id`, `code`, `text`, `price`, `group_id`, `unit_id`, `unit_weight`, `unit_volume`, `stock`, `stock_max`, `stock_min`, `type_id`, `consumable`) values 
  (200, 'CHCRAN', 'Craniotomie'                     , 21.00, 1, 1, 0, 0, 0, 0, 0, 2, 0),
 	(200, 'CHGLOB', 'Goitre Lobectomie/Hemithyroidect', 20.00, 1, 1, 0, 0, 0, 0, 0, 2, 0),
 	(200, 'CHGTHY', 'Goitre Thyroidectomie Sobtotale' , 18.00, 1, 1, 0, 0, 0, 0, 0, 2, 0),
 	(200, 'CHEXKY', 'Excision De Kyste Thyroiglosse'  , 17.50, 1, 1, 0, 0, 0, 0, 0, 2, 0),
 	(200, 'CHPASU', 'Parotidectomie Superficielle'    , 16.00, 1, 1, 0, 0, 0, 0, 0, 2, 0),
 	(200, 'CHTRAC', 'Trachectome'                     , 25.00, 1, 1, 0, 0, 0, 0, 0, 2, 0),
 	(200, 'EXKYSB', 'Kyste Sublingual'                , 23.00, 1, 1, 0, 0, 0, 0, 0, 2, 0),
 	(200, 'EXKYPB', 'Petite Kyste De La Bouche'       , 32.00, 1, 1, 0, 0, 0, 0, 0, 2, 0),
  (200, 'FCEMPL', 'Fiches employee'                 , 4.00,  4, 1, 0, 0, 0, 0, 0, 0, 0),
  (200, 'FCINFA', 'Fiches Infante'                  , 4.00,  4, 1, 0, 0, 0, 0, 0, 0, 0),
  (200, 'FCADUL', 'Fiches Adulte'                   , 8.00,  4, 1, 0, 0, 0, 0, 0, 0, 0);

-- configure creditor
insert into `creditor_group` (`enterprise_id`, `name`, `account_id`) values 
  (200, 'Medicine Suppliers', 139); -- account #401

insert into `creditor` (`text`, `group_id`) values 
  ('Pharmacy Centrale', 1); -- reference the above creditor group

-- configure department

insert into `department` values
  (200, 1, 'Vanga Admin'     , NULL),
	(200, 2, 'Vanga Atelier'   , 'The workforce at Vanga'),
	(200, 3, 'Vanga Pharamacy' , NULL),
	(200, 4, 'Vanga Accounting', 'Keeping track of accounts');

-- configure journal/transaction/general ledger

insert into `transaction_type` values 
  (1, 'cash'),
	(2, 'sale'),
	(3, 'purchase');

insert into `currency_account` (`currency_id`, `enterprise_id`, `cash_account`, `bank_account`) values 
  (1, 200, 194, 189),
  (2, 200, 195, 190),
  (3, 200, 196, 191);
