use `kpk`;

delete from `posting_journal`;
delete from `general_ledger`;
delete from `transaction_type`;
delete from `patient`;
delete from `debitor`;
delete from `debitor_group`;
delete from `debitor_group_type`;
delete from `permission`;
delete from `unit`;
delete from `account`;
delete from `account_type`;
delete from `payment`;
delete from `exchange_rate`;
delete from `currency`;
delete from `inventory`;
delete from `inventory_unit`;
delete from `inventory_group`;
delete from `inventory_type`;
delete from `cash_item`;
delete from `cash`;
delete from `purchase`;
delete from `user`;
delete from `period`;
delete from `period_total`;
delete from `fiscal_year`;
delete from `enterprise`;
delete from `country`;
delete from `province`;
delete from `sector`;
delete from `village`;
delete from `sale`;
delete from `patient_group`;
delete from `price_list`;

-- System admin 
INSERT INTO `user` values
  (1,'admin','1','System','Administrato','kpkdeveloper@gmail.com',0);

-- Subscribed units
INSERT INTO `unit` VALUES
  (0 , 'Root'                       , 'TREE.ROOT', 'The unseen root node'                       , NULL, 1 , '/partials/index.html'                    , '/root'),
	(1 , 'Admin'                      , 'TREE.ADMIN', 'The Administration Super-Category'          , 0   , 1 , '/partials/admin/index.html'              , '/admin'),
	(2 , 'Enterprise'                 , 'TREE.ENTERPRISE', 'Manage the registered enterprises from here', 1   , 0 , '/partials/enterprise/'                   , '/enterprise'),
	(4 , 'Users & Permissions'        , 'TREE.PERMISSION', 'Manage user privileges and permissions'     , 1   , 0 , '/partials/user_permission/'                   , '/permission'),
	(5 , 'Finance'                    , 'TREE.FINANCE', 'The Finance Super-Category'                 , 0   , 1 , '/partials/finance/'                      , '/finance'),
	(6 , 'Account'                    , 'TREE.ACCOUNT', 'Chart of Accounts management'               , 1   , 0 , '/partials/accounts/create_account/'      , '/create_account'),
	(8 , 'Budgeting'                  , 'TREE.BUDGETING', 'Plan your next move'                        , 0   , 10, '/partials/budget/index.html'             , '/budget'),
	(9 , 'Posting Journal'            , 'TREE.POSTING_JOURNAL', 'Daily Log'                                  , 5   , 0 , '/partials/journal/'                      , '/posting_journal'),
	(10, 'Reports'                    , 'TREE.REPORTS', 'Do stuff and tell people about it'          , 0   , 1 , '/partials/reports/summary/'              , 'reports/summary'),
	(11, 'Inventory'                  , 'TREE.INVENTORY', 'The Inventory Super-Category'               , 0   , 1 , '/partials/inventory/index.html'          , '/inventory'),
	(21, 'Hospital'                   , 'TREE.HOSPITAL', 'The Hospital Super-Category'                , 0   , 1 , '/partials/hospital/index.html'           , '/hospital'),
	(30, 'Fiscal Year'                , 'TREE.FISCAL_YEAR', 'Fiscal year configuration page'             , 1   , 0 , '/partials/fiscal/'                       , '/fiscal'),
	(31, 'Patient Registration'       , 'TREE.PATIENT_REG', 'Register patients'                          , 21  , 0 , '/partials/patient_registration/'         , '/patient'),
	(33, 'Patient Records'            , 'TREE.PATIENT_RECORDS', 'Search for patient'                         , 21  , 0 , '/partials/records/patient_records/'              , '/patient_records/'),
	(34, 'Sales'                      , 'TREE.SALES', 'Create an invoice for a sale'               , 5   , 0 , '/partials/sales/'                        , '/sales/'),
	(35, 'Sale Records'               , 'TREE.SALE_RECORDS', 'Search for a sale'                          , 5   , 0 , '/partials/records/sales_records/'        , '/sale_records/'),
	(36, 'Purchase Order'             , 'TREE.PURCHASE_ORDER', 'Create a new Purchase Order'                , 11  , 0 , '/partials/purchase_order/'               , '/inventory/purchase'),
	(37, 'Budget by Account'          , 'TREE.BUDGET_BY_ACCOUNT', 'Budgeting by account'                       , 8   , 0 , '/partials/budget/'                       , '/budgeting/')   ,
	(38, 'Cash Box'                   , 'TREE.CASH', 'Pay invoices'                               , 5   , 0 , '/partials/cash/'                         , '/cash'),
	(39, 'Register Stock'             , 'TREE.REGISTER_STOCK', ''                                           , 11  , 0 , '/partials/inventory/register/'           , '/inventory/register'),
	(40, 'Register Supplier'          , 'TREE.REGISTER_SUPPLIER', ''                                           , 11  , 0 , '/partials/inventory/creditor/'          , '/creditor'),
	(41, 'Purchase Order Records'     , 'TREE.PURCHASE_ORDER_RECORDS', ''                                           , 5   , 0 , '/partials/records/purchase_order_records', '/purchase_records/'),
  (43, 'Finance'                    , 'TREE.REPORT_FINANCE', ''                                           , 10  , 0 , '/partials/reports/finance/'              , '/reports/finance'),
  (45, 'Price List'                 , 'TREE.PRICE_LIST', 'Configure price lists!'                     , 1  , 0 , '/partials/price_list/'                   , '/inventory/price_list'),
  (46, 'Exchange Rate'              , 'TREE.EXCHANGE', 'Set todays exchange rate!'                  , 1   , 0 , '/partials/exchange_rate/'                , '/exchange_rate'),
  (47, 'Transaction Report'         , 'TREE.REPORT_TRANSACTION', ''                                           , 10  , 0 , '/partials/reports/transaction_report/'   , '/reports/transaction_report'),
  (48, 'Creditor Groups'            , 'TREE.CREDITOR_GRP', ''                                           , 1   , 0 , '/partials/creditor/group/'               , '/creditors/creditor_group'),
  (49, 'Debitor Groups'             , 'TREE.DEBTOR_GRP', ''                                           , 1   , 0 , '/partials/debitor/'                      , '/debitor/debitor_group'),
  (50, 'Inventory View'             , 'TREE.INVENTORY_VIEW', ''                                           , 11  , 0 , '/partials/inventory/view/'               , '/inventory/view'),
  (51, 'General Ledger'             , 'TREE.GENERAL_LEDGER', ''                                           , 10  , 0 , '/partials/reports/ledger/'               , '/reports/ledger/general_ledger'),
  (52, 'Location Manager'           , 'TREE.LOCATION', ''                                           , 1   , 0 , '/partials/location/location.html'        , '/location'),
  (54, 'Chart of Accounts'          , 'TREE.CHART_OF_ACCOUNTS', ''                                           , 10  , 0 , '/partials/reports/chart_of_accounts/'      , '/reports/chart_of_accounts/'),
  (55, 'Debitor Aging'              , 'TREE.DEBTOR_AGING', ''                                           , 10  , 0 , '/partials/reports/debitor_aging/'        , '/reports/debitor_aging/'),
  (56, 'Account Statement By Period', 'TREE.ACCOUNT_STATEMENT', ''                                           , 10  , 0 , '/partials/reports/account_statement/'    , '/reports/account_statement/'),
  (57, 'Income Expensive Balance'   , 'TREE.INCOME_EXPENSE', ''                                           , 10  , 0 , '/partials/reports/income_expensive/'     , '/reports/income_expensive/'),
  (58, 'Credit Note'                , 'TREE.CREDIT_NOTE', ''                                           , 5   , 0 , '/partials/credit_note/'                  , '/credit_note/'),
  (60, 'Patient Group Assignment'    , 'TREE.PATIENT_GRP_ASSIGNMENT', ''                                           , 21  , 0 , '/partials/patient_group_assignment/'     , '/patient_group_assignment/'),
  (61, 'Patient Group'              , 'TREE.PATIENT_GRP', ''                                           , 1   , 0 , '/partials/patient_group/'                , '/patient_group/'),
  (62, 'Accounting'                 , 'TREE.ACCOUNTING', ''                                           , 0   , 1 , '/partials/accounting/index.html'         , '/accounting/'),
  (63, 'Cost Center Management'     , 'TREE.COST_CENTER_MGMT', ''                                           , 62  , 0 , '/partials/cost_center/'                  , '/cost_center/'),
  (64, 'Group Invoicing'            , 'TREE.GRP_INVOICING', ''                                           , 5   , 0 , '/partials/group_invoice/'                , '/group_invoice/'),
  (65, 'Currency'                   , 'TREE.CURRENCY', ''                                           , 1   , 0 , '/partials/currency/'                     , '/currency'),
  (66, 'Patient Renewal'            , 'TREE.RENEWAL', ''                                            , 21, 0, '/partials/patient_renewal/', '/renewal'),
  (67, 'Patient Registrations'      , 'TREE.PATIENT_REGISTRATION', '',                                 10, 0, '/partials/reports/patient_registrations/', '/reports/patient_registrations'),
  (68, 'Update Stock'               , 'TREE.UPDATE_STOCK', '',                                      11, 0, '/partials/update_stock/', '/update_stock/'),
  (69, 'Change Patient Group'       , 'TREE.SWAP_DEBITOR', '',                                      21, 0, '/partials/swap_debitor/', '/swap_debitor/'),
  (70, 'Cash Payments'              , 'TREE.CASH_PAYMENTS', '',                                     10, 0, '/partials/reports/cash_payments/', '/reports/cash_payments');

INSERT INTO `permission` (`user_id`, `unit_id`) values
  (1, 0),
  (1, 1),
  (1, 4);

-- Configure locations
-- FIXME any locations with names with brackets (3 or 4 counties are corrupt)
INSERT INTO `country` (uuid, code, country_en, country_fr) values
  ('b515cfe4-b217-4124-9a0f-a0385d41423c', 4,'Afghanistan','Afghanistan'),
  ('2921efc5-032d-4781-ab6f-683347df68c6', 8,'Albania','Albanie'),
  ('79d756c5-357f-4438-81ee-c11f16b1013f', 10,'Antarctica','Antarctique'),
  ('91013ee9-87dd-4dd2-a95c-f1ca6c6e54bb', 12,'Algeria','Algérie'),
  ('ed306d9e-0e78-4063-91bc-9e7ceac82046', 16,'American Samoa','Samoa Américaines'),
  ('dde53c72-6662-430c-9a5b-ecfa4cb63514', 20,'Andorra','Andorre'),
  ('547862eb-6224-4ebc-976b-e0cacff5daf9', 24,'Angola','Angola'),
  ('5385fc6e-7c43-4f28-9376-3848b28675f1', 28,'Antigua and Barbuda','Antigua-et-Barbuda'),
  ('19a4e248-870f-400f-b225-1255e9e13a02', 31,'Azerbaijan','Azerbaïdjan'),
  ('45f79c6c-6866-41d4-9689-5ebd6fbec347', 32,'Argentina','Argentine'),
  ('e1a66931-71de-47fb-aed5-f2898deb5fd7', 36,'Australia','Australie'),
  ('5ab4fb81-be55-4158-aa18-9c21c3f293da', 40,'Austria','Autriche'),
  ('ea4730b0-431a-46d6-b8e3-24d6e3c11d95', 44,'Bahamas','Bahamas'),
  ('c64f597a-2a49-481d-ae0d-afb7f290facc', 48,'Bahrain','Bahreïn'),
  ('94942367-7ada-4962-94e4-38d5d4c47792', 50,'Bangladesh','Bangladesh'),
  ('ae6ee932-dfa0-4de1-bc1d-3e0898f83565', 51,'Armenia','Arménie'),
  ('f49c5c32-6cbd-4f0b-b081-3ceea520f6a2', 52,'Barbados','Barbade'),
  ('3e88edde-3723-4925-bf3b-7f0f7f269af8', 56,'Belgium','Belgique'),
  ('0aaf5983-7fdc-40ba-902b-e04c912f5842', 60,'Bermuda','Bermudes'),
  ('0f4bfd9f-da35-4a4d-b595-866138538ae4', 64,'Bhutan','Bhoutan'),
  ('e30473f6-2447-44fd-aee5-5367539d4ada', 68,'Bolivia','Bolivie'),
  ('3b49b3b2-b4f3-4866-b5c6-0fae083ff4bd', 70,'Bosnia and Herzegovina','Bosnie-Herzégovine'),
  ('1f56b98e-f03f-4c11-82b8-9cc074762b73', 72,'Botswana','Botswana'),
  ('272ed61e-3aaf-4792-9f36-ae5a2db43ceb', 74,'Bouvet Island','Île Bouvet'),
  ('93b2f0b9-2dcc-422a-80de-0cf7ef49dd88', 76,'Brazil','Brésil'),
  ('d5b38767-271c-48ed-8574-8faf82ff4e64', 84,'Belize','Belize'),
  ('bf336fb2-b065-49cd-9fa7-ae32aec4fb2f', 86,'British Indian Ocean Territory','Territoire Britannique de l\'Océan Indien'),
  ('2e8ec23a-925f-4bdb-a973-d8943dc80353', 90,'Solomon Islands','Îles Salomon'),
  ('5a0f0699-85d0-4bfe-bdd4-a8c1c03a71d4', 92,'British Virgin Islands','Îles Vierges Britanniques'),
  ('29c7ec77-e6e9-4b15-9b50-aa92732f67c5', 96,'Brunei Darussalam','Brunéi Darussalam'),
  ('d5f4de95-974c-43e9-b706-eb07c323aa89', 100,'Bulgaria','Bulgarie'),
  ('9fd6efe8-026e-4953-9b3f-e7c6aa2a6c23', 104,'Myanmar','Myanmar'),
  ('a95876d5-a78d-495a-827e-1e8440338f1b', 108,'Burundi','Burundi'),
  ('e488626b-a4df-4f0d-bdbb-229e86c71883', 112,'Belarus','Bélarus'),
  ('741cf627-fef8-4c35-84d4-6e01350b69c3', 116,'Cambodia','Cambodge'),
  ('bd2f950a-370b-49bf-ac39-cd7eda3b51e9', 120,'Cameroon','Cameroun'),
  ('ab00c0ea-6964-485d-a608-364fbd390811', 124,'Canada','Canada'),
  ('909b7a1d-b0fe-4775-8b38-f56907f5718c', 132,'Cape Verde','Cap-vert'),
  ('cca99192-a4b0-4b1c-8425-f4bc3f47cf2b', 136,'Cayman Islands','Îles Caïmanes'),
  ('6ee4678b-3baf-4b1b-b4bd-7b4f0f1ac699', 140,'Central African','République Centrafricaine'),
  ('9d400db6-8e35-4e46-b95f-5fcc3d39e40a', 144,'Sri Lanka','Sri Lanka'),
  ('03f0866c-cd5b-4ffc-986c-5b9446b50d70', 148,'Chad','Tchad'),
  ('43af9371-86a5-42aa-b143-4562179992ad', 152,'Chile','Chili'),
  ('b4f5cac9-0db3-4f37-b9ec-aaaf8c46fd25', 156,'China','Chine'),
  ('f87e005b-cb81-45ac-9eac-5a3ee0ec793a', 158,'Taiwan','Taïwan'),
  ('70286494-3aba-4a37-8786-878153fb6363', 162,'Christmas Island','Île Christmas'),
  ('5482329e-21cd-40f2-8a3d-9290198fed4f', 166,'Cocos ', 'Cocos '),
  ('5337758e-7ac2-4614-bcc3-c3719e7a03bd', 170,'Colombia','Colombie'),
  ('1597f9d6-d42d-43ce-93a1-1f6bf310550b', 174,'Comoros','Comores'),
  ('dd74a394-5d78-4964-9345-1ed86ffdfe55', 175,'Mayotte','Mayotte'),
  ('c90b5ae1-fdb6-46fe-9710-80a69f20f685', 178,'Republic of the Congo','République du Congo'),
  ('51e716d7-4e17-4b96-a4dd-e0953629e636', 180,'The Democratic Republic Of The Congo','République Démocratique du Congo'),
  ('da986b5d-9f91-44af-b946-071ac2940bae', 184,'Cook Islands','Îles Cook'),
  ('840bf9a7-7ae7-485c-aac1-984fc5b0c68e', 188,'Costa Rica','Costa Rica'),
  ('d1ec3a19-7d4c-4fa6-80c5-49da069f8f3a', 191,'Croatia','Croatie'),
  ('3a8b470f-3580-4fd3-a673-a7ca4fb55353', 192,'Cuba','Cuba'),
  ('6815b11b-2866-4e48-96e7-d891b56f4c1f', 196,'Cyprus','Chypre'),
  ('bb886964-bad9-4a7a-a604-c6d06ed532d6', 203,'Czech Republic','République Tchèque'),
  ('9200467a-23eb-4ce2-9248-b3dcec1ff0b4', 204,'Benin','Bénin'),
  ('b7ecff0e-5238-467e-804b-4fc113fbe55c', 208,'Denmark','Danemark'),
  ('606b7ede-692d-4b36-8ccc-5de86d430837', 212,'Dominica','Dominique'),
  ('c06c497b-9245-4ed7-9794-78e9e1eee555', 214,'Dominican Republic','République Dominicaine'),
  ('e2c0921c-21c0-4280-beb1-34ec1f853f51', 218,'Ecuador','Équateur'),
  ('18b6238e-2d35-4d9c-a15c-7f4d4c63c9e0', 222,'El Salvador','El Salvador'),
  ('9119282b-a5d0-4504-9586-0f7deb05e1e3', 226,'Equatorial Guinea','Guinée Équatoriale'),
  ('d28e99c6-9ffe-411c-8b84-987af6584964', 231,'Ethiopia','Éthiopie'),
  ('626e6864-9f34-4008-8163-d06f801784e1', 232,'Eritrea','Érythrée'),
  ('3df94c72-865b-43af-a628-7e3ce3eea3ff', 233,'Estonia','Estonie'),
  ('567209ef-adb7-4064-895e-7ab9427eb709', 234,'Faroe Islands','Îles Féroé'),
  ('178bf8e0-7ee0-47d0-abac-84957c137f4d', 238,'Falkland Islands','Îles '),
  ('43fca723-e883-463e-add1-6d3d67870a6e', 239,'South Georgia and the South Sandwich Islands','Géorgie du Sud et les Îles Sandwich du Sud'),
  ('4535be6b-28d8-452d-b639-afa024e2e8f7', 242,'Fiji','Fidji'),
  ('6072f554-f8df-4937-b381-c5772940b11e', 246,'Finland','Finlande'),
  ('01abbccf-48a6-4cef-b4bd-d0e982fa28d3', 248,'Åland Islands','Îles Åland'),
  ('98d55a2f-cd22-422d-be82-04e5339bc379', 250,'France','France'),
  ('df1afb4f-48c5-463c-9447-1f3e4d6d8dd5', 254,'French Guiana','Guyane Française'),
  ('bfff48b1-3861-43a6-8b4e-a8cc937ec7a7', 258,'French Polynesia','Polynésie Française'),
  ('8752b757-ee89-4e52-bb86-58879ca69e87', 260,'French Southern Territories','Terres Australes Françaises'),
  ('f7551f72-f5d9-47d1-87a7-6e4d571f8303', 262,'Djibouti','Djibouti'),
  ('fc1ad692-71e6-448f-9c4a-8c79c020ec87', 266,'Gabon','Gabon'),
  ('46253fbe-2345-4aa1-8942-a98bbe560c13', 268,'Georgia','Géorgie'),
  ('70e73263-d956-4e71-b0cb-b16405bc3539', 270,'Gambia','Gambie'),
  ('b342d3b8-60c1-497b-a6ea-23304a295db3', 275,'Occupied Palestinian Territory','Territoire Palestinien Occupé'),
  ('59c63ac5-8c57-47c0-b410-2cb678246d37', 276,'Germany','Allemagne'),
  ('85721b9f-3999-44b0-a9ce-bc0f8dbd189b', 288,'Ghana','Ghana'),
  ('c9a1a9eb-27c4-4b11-a1bc-2cee6c45c727', 292,'Gibraltar','Gibraltar'),
  ('be0d9a38-796a-4633-9e6d-b2f5a39a57c1', 296,'Kiribati','Kiribati'),
  ('18ce232c-0998-407d-93db-2ad6795ff9e5', 300,'Greece','Grèce'),
  ('a5c58088-f0fc-48cb-bbc3-a2d46c04fc5b', 304,'Greenland','Groenland'),
  ('d31b7db3-d7e8-49aa-92a7-3d3c0a3c7c81', 308,'Grenada','Grenade'),
  ('b5c4f815-01da-4fcc-b3db-bb9f5d11ab41', 312,'Guadeloupe','Guadeloupe'),
  ('1e3c8e26-f250-4032-9025-e6e2e660b2b2', 316,'Guam','Guam'),
  ('ed3c7151-81ea-44f8-9932-98ab70e5acfc', 320,'Guatemala','Guatemala'),
  ('cc0ac52e-6d4d-4f30-ab03-371837b996c4', 324,'Guinea','Guinée'),
  ('122afa54-8872-4376-9854-1aba682d7a95', 328,'Guyana','Guyana'),
  ('5e2ccfdf-8819-4593-87d9-ccd9ceecebdc', 332,'Haiti','Haïti'),
  ('118bb8fd-36c9-4382-8014-2207b6d14613', 334,'Heard Island and McDonald Islands','Îles Heard et Mcdonald'),
  ('973faf49-5cef-48ca-bfe8-2dfd86a86a3f', 336,'Vatican City State','Saint-Siège '),
  ('29030830-b4b0-472e-b24e-2139e98521ca', 340,'Honduras','Honduras'),
  ('1e4dba5c-efdb-423c-9809-0bf6997830d6', 344,'Hong Kong','Hong-Kong'),
  ('f6320d7f-6bdf-471a-ac55-993bb08a51a0', 348,'Hungary','Hongrie'),
  ('48f94352-fe1d-4a64-8b81-a17534e4f58c', 352,'Iceland','Islande'),
  ('ff786d7d-00a4-48f6-aefe-f0dd68de5a29', 356,'India','Inde'),
  ('36015591-b5aa-446c-8c5e-e2b862907ac9', 360,'Indonesia','Indonésie'),
  ('ff98263b-35f4-48a4-9ebc-7a2a1669126a', 364,'Islamic Republic of Iran','République Islamique d\'Iran'),
  ('5903e619-646c-44d5-b14f-f09f3de72b43', 368,'Iraq','Iraq'),
  ('ccde07a7-3182-4d4e-872e-dfc91908e24b', 372,'Ireland','Irlande'),
  ('24e9aad1-4341-40e3-8da5-466aa78bed92', 376,'Israel','Israël'),
  ('a837378f-425d-4cba-acee-742685c655bb', 380,'Italy','Italie'),
  ('4f35af36-d736-4ce1-ae0c-332939d7ac6a', 384,'Côte d\'Ivoire','Côte d\'Ivoire'),
  ('3a9e71a6-0815-4900-b7fd-19d9b446c818', 388,'Jamaica','Jamaïque'),
  ('80d02e21-b2f2-4362-9fb9-841eb577f8e8', 392,'Japan','Japon'),
  ('4a110e77-9a73-40f9-ace9-ee803238f23f', 398,'Kazakhstan','Kazakhstan'),
  ('48719300-0731-4607-a0ed-4fc214698374', 400,'Jordan','Jordanie'),
  ('1bf82115-4e02-4389-abb2-2010189b77c9', 404,'Kenya','Kenya'),
  ('f8015724-76c7-4426-b9b8-851099d47239', 408,'Democratic People\'s Republic of Korea','République Populaire Démocratique de Corée'),
  ('2935a62b-e47d-487c-ad8e-cd0c698bcf62', 410,'Republic of Korea','République de Corée'),
  ('60b7357a-672f-47a6-9c98-b72d1b0bacbc', 414,'Kuwait','Koweït'),
  ('bac72eee-2ec5-4db6-9372-dba09555098e', 417,'Kyrgyzstan','Kirghizistan'),
  ('184cd41b-be9d-49d4-9a65-fe275cdd8ecb', 418,'Lao People\'s Democratic Republic','République Démocratique Populaire Lao'),
  ('3e2dd3f6-da39-41b0-a168-84e4991baa5a', 422,'Lebanon','Liban'),
  ('979fda9e-c3ad-4ac3-b392-44c770bbbe2b', 426,'Lesotho','Lesotho'),
  ('9da94f26-ccd1-4705-942f-d7caac1cd32e', 428,'Latvia','Lettonie'),
  ('f293da4d-7424-4f26-bd0e-6823d6e789b2', 430,'Liberia','Libéria'),
  ('52cd7e13-8100-45cb-a324-3d3f676008fe', 434,'Libyan Arab Jamahiriya','Jamahiriya Arabe Libyenne'),
  ('319e5dbf-726a-435b-a38b-d96c016a72ad', 438,'Liechtenstein','Liechtenstein'),
  ('85567842-9605-4289-ae59-8d59543577e1', 440,'Lithuania','Lituanie'),
  ('a90653c7-4e44-4ff8-a1f9-dc8e44218a99', 442,'Luxembourg','Luxembourg'),
  ('6e6de443-42e8-431f-941f-e7d866ce9d30', 446,'Macao','Macao'),
  ('2223e59b-be86-417a-bef5-26d864940b3c', 450,'Madagascar','Madagascar'),
  ('c0fe2faf-cab8-4ff5-a17b-da7312cb6357', 454,'Malawi','Malawi'),
  ('cbfca9da-e9ba-4f3b-9c61-ca19239dcbc5', 458,'Malaysia','Malaisie'),
  ('435fe054-2711-4948-ad22-12d0ef867302', 462,'Maldives','Maldives'),
  ('ea05c05b-375a-44bb-9881-6494f4404efe', 466,'Mali','Mali'),
  ('80babf39-bdde-4201-91e8-0d021b618dee', 470,'Malta','Malte'),
  ('ca47f703-2153-4c92-94ce-b08a8a5dbdf7', 474,'Martinique','Martinique'),
  ('6a567d55-7305-434f-a0cb-f9ae5b81c69c', 478,'Mauritania','Mauritanie'),
  ('48beff96-ccc5-4e70-b4bf-7be92694389c', 480,'Mauritius','Maurice'),
  ('aac8ccc5-c52c-4191-91cd-6836c63a09ce', 484,'Mexico','Mexique'),
  ('f8b783ca-a629-48e7-a759-1812cd721cca', 492,'Monaco','Monaco'),
  ('79c9bb63-8265-447c-a9d7-210b6f971780', 496,'Mongolia','Mongolie'),
  ('76882cf9-54e1-45e3-a89b-b6da5bafc047', 498,'Republic of Moldova','République de Moldova'),
  ('86525b9b-63a0-4a50-b902-0bf73b5f5920', 500,'Montserrat','Montserrat'),
  ('beb8e4ea-ce40-4f3e-8d20-c3d43095c408', 504,'Morocco','Maroc'),
  ('e533da98-3db2-4e9c-a73e-7502df5e7a93', 508,'Mozambique','Mozambique'),
  ('6418423f-ab3f-452e-96cb-7aaefb2bcf06', 512,'Oman','Oman'),
  ('4e5a5397-1bc4-4206-84ba-1748b58d4e0d', 516,'Namibia','Namibie'),
  ('667568b9-a248-4e77-972f-ae33391db2cb', 520,'Nauru','Nauru'),
  ('0759d886-5a3d-4c20-9aeb-b162be4f5ae6', 524,'Nepal','Népal'),
  ('d1614558-9c16-4568-b888-fb658ae12d0a', 528,'Netherlands','country-Bas'),
  ('76471caf-db76-48b2-a371-0b77a8cfa119', 530,'Netherlands Antilles','Antilles Néerlandaises'),
  ('94632360-c16a-4a83-9b15-71d839396cf3', 533,'Aruba','Aruba'),
  ('5f2c949d-f23f-4e18-849f-cc5416ce9f81', 540,'New Caledonia','Nouvelle-Calédonie'),
  ('ec7f3150-fac3-4e35-b8f4-57554908f1b9', 548,'Vanuatu','Vanuatu'),
  ('78053bcb-adcf-465f-8e20-bd3fc3ff0991', 554,'New Zealand','Nouvelle-Zélande'),
  ('5121b91d-82cf-493b-bb2a-7de264f6b376', 558,'Nicaragua','Nicaragua'),
  ('a31a3c6e-4eec-4fcf-88ec-c3328619256f', 562,'Niger','Niger'),
  ('8d24ee40-7b6a-4089-880c-a2408861bef6', 566,'Nigeria','Nigéria'),
  ('440d4429-fc06-4ddd-8a78-0d6662a7b5e3', 570,'Niue','Niué'),
  ('f361a065-98bf-4829-9491-6a18d728674b', 574,'Norfolk Island','Île Norfolk'),
  ('11fa2534-ef2f-48e1-bbff-1859134faea3', 578,'Norway','Norvège'),
  ('70da3d8a-4e39-4e21-83bc-fea473c249a6', 580,'Northern Mariana Islands','Îles Mariannes du Nord'),
  ('43d82d99-9f02-4d96-b81d-67f246018b27', 581,'United States Minor Outlying Islands','Îles Mineures Éloignées des États-Unis'),
  ('903f5a4a-eefa-4cc7-9df9-546fef9b0e46', 583,'Federated States of Micronesia','États Fédérés de Micronésie'),
  ('c1c42202-ac6c-4659-93b4-d4df5d90cd6d', 584,'Marshall Islands','Îles Marshall'),
  ('525d8dc1-8795-4380-b229-81b69ee79b6c', 585,'Palau','Palaos'),
  ('a29edb38-036b-4885-b6fa-dac3cbc21f83', 586,'Pakistan','Pakistan'),
  ('f64177c0-5c53-405b-8ec8-cf4e966382c0', 591,'Panama','Panama'),
  ('e4b9d640-b1f7-47be-af15-8f8ee721e0f8', 598,'Papua New Guinea','Papouasie-Nouvelle-Guinée'),
  ('4986d010-9bab-4f00-bfa2-70bb76e0aca9', 600,'Paraguay','Paraguay'),
  ('4162abb3-ff81-48fb-90a7-f2737286f82e', 604,'Peru','Pérou'),
  ('ea48a908-ef87-4b5e-9933-44ac8b2f3123', 608,'Philippines','Philippines'),
  ('bce7fb38-1971-40b8-a310-594fbc7402b9', 612,'Pitcairn','Pitcairn'),
  ('0baa8f5c-a76e-4c95-beab-554cb2d2f5b8', 616,'Poland','Pologne'),
  ('9caf1525-0f2e-4a56-af71-be6d8a4765ed', 620,'Portugal','Portugal'),
  ('cbf76560-ff2e-482f-ad1f-b0024ed03029', 624,'Guinea-Bissau','Guinée-Bissau'),
  ('88f4d254-a912-4ae0-9956-91d5968bf748', 626,'Timor-Leste','Timor-Leste'),
  ('6fba6185-a35f-4f3e-8e71-fdd959d82de2', 630,'Puerto Rico','Porto Rico'),
  ('450cd7aa-2304-479a-8302-e6cd6ae7b401', 634,'Qatar','Qatar'),
  ('08f8c022-5ec8-4ba4-b802-4e940719d35c', 638,'Réunion','Réunion'),
  ('cefedf39-8af5-4426-8a4b-f76d456db303', 642,'Romania','Roumanie'),
  ('c307cced-9771-4201-8982-fbfc323feec6', 643,'Russian Federation','Fédération de Russie'),
  ('88a1555e-4e16-4ee5-a554-7796f31b73a3', 646,'Rwanda','Rwanda'),
  ('35a053e3-18a4-4ccc-b656-e95205614dff', 654,'Saint Helena','Sainte-Hélène'),
  ('61c68d67-a410-4b46-92ad-28e2cb454f93', 659,'Saint Kitts and Nevis','Saint-Kitts-et-Nevis'),
  ('e7edceaf-6cc7-47c1-909e-2862b1e2f78c', 660,'Anguilla','Anguilla'),
  ('d3358493-7c0e-4aa6-bbaf-77623896c7c3', 662,'Saint Lucia','Sainte-Lucie'),
  ('114e109d-40ac-4ee5-92b9-675cebcab020', 666,'Saint-Pierre and Miquelon','Saint-Pierre-et-Miquelon'),
  ('71f85ccf-5c5a-4b3c-bd99-635ffb03f811', 670,'Saint Vincent and the Grenadines','Saint-Vincent-et-les Grenadines'),
  ('0752c242-cce5-4dec-aa56-d288d58fc30c', 674,'San Marino','Saint-Marin'),
  ('497a58cf-9bc0-4365-a5d7-25007689ac5d', 678,'Sao Tome and Principe','Sao Tomé-et-Principe'),
  ('28fa4cf7-b5fe-49a6-9053-18d82f0c4181', 682,'Saudi Arabia','Arabie Saoudite'),
  ('3ecd1674-a844-42ae-82c5-4b0d4ea4517a', 686,'Senegal','Sénégal'),
  ('00571786-e5dd-436f-8b97-eab96edf4ea3', 690,'Seychelles','Seychelles'),
  ('380433d2-f506-473c-bf24-a3715ef70e35', 694,'Sierra Leone','Sierra Leone'),
  ('3d46d6e5-ad8f-42f7-8372-6709bcd0f7ce', 702,'Singapore','Singapour'),
  ('e3269cb0-d7d3-4055-b3e1-d37561674b76', 703,'Slovakia','Slovaquie'),
  ('d9fb4a07-acde-49c9-bf3e-f33272ae4f2f', 704,'Vietnam','Viet Nam'),
  ('0985637d-e3a8-46a1-8273-cd3720ecd81a', 705,'Slovenia','Slovénie'),
  ('7393f49f-79f1-483f-8507-5777ea3e184b', 706,'Somalia','Somalie'),
  ('90c234b8-93de-438a-ae5c-1e570809ac4f', 710,'South Africa','Afrique du Sud'),
  ('62c52465-2323-4667-8c52-ee45c1cd740b', 716,'Zimbabwe','Zimbabwe'),
  ('5593a0d5-de37-490f-a2cc-d90c6d52bd07', 724,'Spain','Espagne'),
  ('44a8878f-f341-4025-941c-41bc87dc4f6f', 732,'Western Sahara','Sahara Occidental'),
  ('cd0fc0f0-429d-463d-9e8c-b3bafc8daca9', 736,'Sudan','Soudan'),
  ('31bf74be-5118-44c8-b060-e7eeb33d43ff', 740,'Suriname','Suriname'),
  ('4e0978a4-5397-4ee5-bc00-5e1e46c0f6e4', 744,'Svalbard and Jan Mayen','Svalbard etÎle Jan Mayen'),
  ('3e375608-5776-4cf3-a0a0-8a4edf41b769', 748,'Swaziland','Swaziland'),
  ('4b7644be-e780-47dd-aa6a-465072c296ce', 752,'Sweden','Suède'),
  ('79a0171c-6fcf-4f73-b49a-72888ad5798f', 756,'Switzerland','Suisse'),
  ('6ab3b31b-26a1-4c6f-a7fa-551a8d8701cd', 760,'Syrian Arab Republic','République Arabe Syrienne'),
  ('ae508ca0-110b-4ac4-8eb6-bd73359c0881', 762,'Tajikistan','Tadjikistan'),
  ('efa6763d-b8ee-4b84-86a9-bb0f6d6c78c5', 764,'Thailand','Thaïlande'),
  ('06994627-c483-496d-aae2-e988ab44eb0a', 768,'Togo','Togo'),
  ('faf2c1a9-f885-4ef6-9700-a89a4ab8e37a', 772,'Tokelau','Tokelau'),
  ('3e20574b-e8a2-48c5-97be-539365891aef', 776,'Tonga','Tonga'),
  ('c557a501-7a01-419e-9d48-19c186f4dc0b', 780,'Trinidad and Tobago','Trinité-et-Tobago'),
  ('83442aef-b1fb-45e8-b184-fc07b4faeedb', 784,'United Arab Emirates','Émirats Arabes Unis'),
  ('acb72165-57eb-482b-b493-119931e5f7f1', 788,'Tunisia','Tunisie'),
  ('89ddc3ff-5607-4409-9556-576cfae76a3b', 792,'Turkey','Turquie'),
  ('1f9f4a03-e581-45c3-b894-1f9241488e40', 795,'Turkmenistan','Turkménistan'),
  ('7743be5c-4b5e-4f6c-92d7-d3d50e6be77a', 796,'Turks and Caicos Islands','Îles Turks et Caïques'),
  ('ba0e0329-5c15-4b9f-b158-e3a7d4f6e7c7', 798,'Tuvalu','Tuvalu'),
  ('bf9acc4c-9c28-4b1b-bafb-b325d29a7ece', 800,'Uganda','Ouganda'),
  ('c35a0c74-0813-4785-aeb6-44524f3b0811', 804,'Ukraine','Ukraine'),
  ('1ea0f978-0c9b-44f9-ac33-689f3f8bd240', 807,'The Former Yugoslav Republic of Macedonia','L\'ex-République Yougoslave de Macédoine'),
  ('f4e77a67-89ae-40ac-a57e-ec90cca83d7d', 818,'Egypt','Égypte'),
  ('fad2759e-f468-4d0e-8709-ac4a48306edf', 826,'United Kingdom','Royaume-Uni'),
  ('09a62a74-3c91-4a54-829b-8055af81a428', 833,'Isle of Man','Île de Man'),
  ('0ebe8cba-c7a9-4d13-ba9e-bcfdfc184a55', 834,'United Republic Of Tanzania','République-Unie de Tanzanie'),
  ('2e5f0482-569d-4f11-a472-8c7a977f350b', 840,'United States','États-Unis'),
  ('5b43d01e-0058-4013-9ce4-9cf157bc3d7d', 850,'U.S. Virgin Islands','Îles Vierges des États-Unis'),
  ('cd95e871-49c7-4c30-b8ea-2107e50cfc3c', 854,'Burkina Faso','Burkina Faso'),
  ('4113c95c-bca8-41a1-8caa-3a8fdbba3da1', 858,'Uruguay','Uruguay'),
  ('8bdb0907-31ca-472a-b664-48d8af0ad4ba', 860,'Uzbekistan','Ouzbékistan'),
  ('bda44474-ae62-4240-98a1-67aa621e3d54', 862,'Venezuela','Venezuela'),
  ('85aac095-bc26-4e73-98d3-701af0ef0b03', 876,'Wallis and Futuna','Wallis et Futuna'),
  ('1deecea7-92e8-4a58-b0db-8dab197c9ab3', 882,'Samoa','Samoa'),
  ('09e98b64-3a48-4342-ab45-f36d928ef580', 887,'Yemen','Yémen'),
  ('4692d802-2a57-404a-8084-2135f9db5f4e', 891,'Serbia and Montenegro','Serbie-et-Monténégro'),
  ('efeaf313-579a-46ba-8769-a3acef7c7cf0', 894,'Zambia','Zambie'); 

INSERT INTO `province` (`uuid`,`name`, `country_uuid`) VALUES
  ('5bd114ae-a6a6-42f8-b887-95260a8c3819', 'Bas Congo', 'c90b5ae1-fdb6-46fe-9710-80a69f20f685'),
  ('38067819-e2e0-4c0e-8d7f-a0f11bba07c7', 'Bandundu', 'c90b5ae1-fdb6-46fe-9710-80a69f20f685'),
  ('f8eb31d7-5cba-4965-b02e-efe3295265e5', 'Kasai Oriental', 'c90b5ae1-fdb6-46fe-9710-80a69f20f685'),
  ('9612340b-a2a0-41a2-af48-f8e9cd7df8e2', 'Katanga', 'c90b5ae1-fdb6-46fe-9710-80a69f20f685'),
  ('ca0ca30e-38b7-4bad-8351-8bb587e3fb2b', 'Equateur', 'c90b5ae1-fdb6-46fe-9710-80a69f20f685'),
  ('5b388958-cbac-4c43-9caa-d9177c61c87e', 'Kasai Occidental','c90b5ae1-fdb6-46fe-9710-80a69f20f685'),
  ('752a5c6a-ff0f-45de-83c9-93763391c879', 'Kinshasa', 'c90b5ae1-fdb6-46fe-9710-80a69f20f685'),
  ('cfbe77de-9bd4-4c80-9138-0464bda4fea8', 'Nord Kivu', 'c90b5ae1-fdb6-46fe-9710-80a69f20f685'),
  ('44564951-868d-4c67-ab5e-70860cc6fa1a', 'Sud Kivu', 'c90b5ae1-fdb6-46fe-9710-80a69f20f685'),
  ('79e27c63-6956-4e85-9a3e-d80a29bebbd1', 'Province Oriental', 'c90b5ae1-fdb6-46fe-9710-80a69f20f685'),
  ('d6377345-0647-4b61-bcc9-d0ecd4c54b48', 'Maniema', 'c90b5ae1-fdb6-46fe-9710-80a69f20f685');

INSERT INTO `sector` (`uuid`, `name`, `province_uuid`) VALUES 
  ('68ce792e-8133-4769-afcf-dd69a79c1dd0' , 'Aketi'           , '5bd114ae-a6a6-42f8-b887-95260a8c3819')  ,
  ('53d5aa38-7a94-479d-b29c-e5d03cb6af8f' , 'Ango'            , '5bd114ae-a6a6-42f8-b887-95260a8c3819')  ,
  ('3bd3ed57-4a40-4c6e-bea7-8f56fecc00b7' , 'Aru'             , '5bd114ae-a6a6-42f8-b887-95260a8c3819')  ,
  ('c046e30d-af1e-432b-84ed-94c2abea75f5' , 'Bafwasende'      , '5bd114ae-a6a6-42f8-b887-95260a8c3819')  ,
  ('453c4e79-0d07-42c1-96d0-1be5837b9402' , 'Bagata'          , '5bd114ae-a6a6-42f8-b887-95260a8c3819')  ,
  ('56ae8ea7-6b5d-4e06-866f-3d5d536e2532' , 'Bagira'          , '5bd114ae-a6a6-42f8-b887-95260a8c3819')  ,
  ('0ac8a2f7-68cc-4626-b7f2-3eb1d47e0a6b' , 'Bambesa'         , '5bd114ae-a6a6-42f8-b887-95260a8c3819')  ,
  ('5d8bfe7d-88e9-413a-abcd-eb7d90e821aa' , 'Banalia'         , '5bd114ae-a6a6-42f8-b887-95260a8c3819')  ,
  ('9059f975-9145-45df-9a46-cd83be3e355b' , 'Bandalungwa'     , '5bd114ae-a6a6-42f8-b887-95260a8c3819')  ,
  ('3486f935-51fa-478e-a032-99490530bc32' , 'Barumbu'         , '5bd114ae-a6a6-42f8-b887-95260a8c3819')  ,
  ('7e7254cf-5d1f-41a1-88e0-dc573e43de54' , 'Basankusu'       , '5bd114ae-a6a6-42f8-b887-95260a8c3819')  ,
  ('85ea669f-ebae-429d-b4e0-a94e5c87a7cc' , 'Basoko'          , '5bd114ae-a6a6-42f8-b887-95260a8c3819')  ,
  ('50f4be35-21e1-4f51-ae0c-ecd4fe04b261' , 'Befale'          , '5bd114ae-a6a6-42f8-b887-95260a8c3819')  ,
  ('43bc510f-507a-495f-a3aa-918a261e085d' , 'Beni'            , '5bd114ae-a6a6-42f8-b887-95260a8c3819')  ,
  ('7ea046c8-84ff-4079-8c22-8761ff912021' , 'Bikoro'          , '5bd114ae-a6a6-42f8-b887-95260a8c3819')  ,
  ('aa3c2dd9-ae75-4bb6-bc23-f144d26636cb' , 'Bipemba'         , '5bd114ae-a6a6-42f8-b887-95260a8c3819')  ,
  ('7bd7697b-7c99-4ce4-bf4e-1cf03dca1048' , 'Boende'          , '5bd114ae-a6a6-42f8-b887-95260a8c3819')  ,
  ('a14a2899-faf1-4135-83d5-0cc1f7c9ec67' , 'Bokungu'         , '5bd114ae-a6a6-42f8-b887-95260a8c3819')  ,
  ('3c8885ea-a652-414e-a0d9-e9c7f72d2de2' , 'Bolobo'          , '5bd114ae-a6a6-42f8-b887-95260a8c3819')  ,
  ('91c1b2d3-9ef0-46fa-8c5b-6e0751698e41' , 'Bolomba'         , '5bd114ae-a6a6-42f8-b887-95260a8c3819')  ,
  ('089bdd03-e15f-4a4b-8b9f-3fcecb332467' , 'Bomongo'         , '5bd114ae-a6a6-42f8-b887-95260a8c3819')  ,
  ('04fe595d-b3db-4e1c-9103-6a05917b9014' , 'Bongandanga'     , '5bd114ae-a6a6-42f8-b887-95260a8c3819')  ,
  ('cd11a533-760a-4a71-b685-a180c881ec1b' , 'Bondo'           , '5bd114ae-a6a6-42f8-b887-95260a8c3819')  ,
  ('efe4baa1-ff54-4bf3-b8d1-8a0accf4354c' , 'Boso-Bolo'       , '5bd114ae-a6a6-42f8-b887-95260a8c3819')  ,
  ('7765098e-8ee7-4d54-bd9d-ef92e44c79cc' , 'Budjala'         , '5bd114ae-a6a6-42f8-b887-95260a8c3819')  ,
  ('43fd612a-c110-4c32-857c-b9b40189eac9' , 'Bukama'          , '5bd114ae-a6a6-42f8-b887-95260a8c3819')  ,
  ('93edcdba-3573-4073-a420-d82f79206105' , 'Bukavu'          , '5bd114ae-a6a6-42f8-b887-95260a8c3819')  ,
  ('d4d7e1fc-7e54-402f-9522-0cb34c8b6343' , 'Bulungu'         , '5bd114ae-a6a6-42f8-b887-95260a8c3819')  ,
  ('a989c290-10ee-4cf0-8803-06f6b2d5a23b' , 'Bumba'           , '5bd114ae-a6a6-42f8-b887-95260a8c3819')  ,
  ('5f05e0df-c034-40a6-babe-f6d953fa1dd8' , 'Bumbu'           , '5bd114ae-a6a6-42f8-b887-95260a8c3819')  ,
  ('16309863-23a6-488c-b502-153ace294ab6' , 'Businga'         , '5bd114ae-a6a6-42f8-b887-95260a8c3819')  ,
  ('84eba9ea-2deb-44b2-917e-42db0ee15a66' , 'Buta'            , '5bd114ae-a6a6-42f8-b887-95260a8c3819')  ,
  ('e3fa5ee9-d3a8-4a77-b2be-2568d0181454' , 'Dekese'          , '5bd114ae-a6a6-42f8-b887-95260a8c3819')  ,
  ('b5f36492-6c37-452e-861f-88ff495a1788' , 'Demba'           , '5bd114ae-a6a6-42f8-b887-95260a8c3819')  ,
  ('d8636ff2-cfdd-49e7-8609-b9f79641cd5c' , 'Dibaya'          , '5bd114ae-a6a6-42f8-b887-95260a8c3819')  ,
  ('e6a6c492-82c9-4cc3-819d-0736f452185d' , 'Dibindi'         , '5bd114ae-a6a6-42f8-b887-95260a8c3819')  ,
  ('77653418-dd8c-4c38-8f5c-367134efa953' , 'Dilolo'          , '5bd114ae-a6a6-42f8-b887-95260a8c3819')  ,
  ('786572ba-bb1a-4e62-ae9f-906e2e1d14da' , 'Dimbelenge'      , '5bd114ae-a6a6-42f8-b887-95260a8c3819')  ,
  ('baa4658b-fb66-42c8-a034-c9f2e67b0b42' , 'Disasi'          , '5bd114ae-a6a6-42f8-b887-95260a8c3819')  ,
  ('8fbcfa3c-a973-4599-987f-df4f7c8a998a' , 'Diulu'           , '5bd114ae-a6a6-42f8-b887-95260a8c3819')  ,
  ('ad34c49b-dfe7-4391-8ac1-97e104173c39' , 'Djolu'           , '5bd114ae-a6a6-42f8-b887-95260a8c3819')  ,
  ('973ef73a-890e-413e-8390-dfe5b3ff44a3' , 'Djugu'           , '5bd114ae-a6a6-42f8-b887-95260a8c3819')  ,
  ('09cf30b8-327d-42df-b2e1-83204839b6a4' , 'Dungu'           , '5bd114ae-a6a6-42f8-b887-95260a8c3819')  ,
  ('4d691dd9-d166-4d01-a0cd-6a6defc9ca9e' , 'Feshi'           , '5bd114ae-a6a6-42f8-b887-95260a8c3819')  ,
  ('1a665e3f-430d-405e-a4c9-1a7cd01a0fde' , 'Fizi'            , '5bd114ae-a6a6-42f8-b887-95260a8c3819')  ,
  ('387cb88a-e4f9-4ea4-97a2-df41c7733636' , 'Gbadolite'       , '5bd114ae-a6a6-42f8-b887-95260a8c3819')  ,
  ('a2faa921-e781-4fac-9754-62eba84009fb' , 'Gemena'          , '5bd114ae-a6a6-42f8-b887-95260a8c3819')  ,
  ('0bbd4a1f-3377-4af0-8904-4e897296f8cf' , 'Goma'            , '5bd114ae-a6a6-42f8-b887-95260a8c3819')  ,
  ('0f5a08cb-288c-4422-b9e6-417fd8f4629e' , 'Gombe'           , '5bd114ae-a6a6-42f8-b887-95260a8c3819')  ,
  ('7e7af8f7-3270-496b-8248-dfb25b47d47c' , 'Gungu'           , '5bd114ae-a6a6-42f8-b887-95260a8c3819')  ,
  ('4d4f32a9-576b-4bfa-8ac4-42b138c0025f' , 'Ibanda'          , '5bd114ae-a6a6-42f8-b887-95260a8c3819')  ,
  ('c61a5fbb-6445-4dd1-a768-ce0d2b91de8c' , 'Idiofa'          , '5bd114ae-a6a6-42f8-b887-95260a8c3819')  ,
  ('ed3a8c89-e960-4a0c-af8d-f7ded74c13e9' , 'Idjwi'           , '5bd114ae-a6a6-42f8-b887-95260a8c3819')  ,
  ('f9572af0-28b1-4cd3-86e8-59e8599f0d50' , 'Ikela'           , '5bd114ae-a6a6-42f8-b887-95260a8c3819')  ,
  ('e2bd73f9-1e31-4ae9-8b9d-f56701f55e61' , 'Ilebo'           , '5bd114ae-a6a6-42f8-b887-95260a8c3819')  ,
  ('4e870bf8-5cf5-43d4-a6f8-18cfc983d279' , 'Ingende'         , '5bd114ae-a6a6-42f8-b887-95260a8c3819')  ,
  ('edf2ed93-f763-4e7c-ba92-e4b6cb00392a' , 'Inongo'          , '5bd114ae-a6a6-42f8-b887-95260a8c3819')  ,
  ('dfff494f-2dbf-419d-ba95-00727a166dc5' , 'Irumu'           , '5bd114ae-a6a6-42f8-b887-95260a8c3819')  ,
  ('c0c99278-c7ed-4028-abe2-71f368f0613b' , 'Isangi-Yanonge'  , '5bd114ae-a6a6-42f8-b887-95260a8c3819')  ,
  ('41dc7a58-8f6a-4854-8591-9a039dae6b58' , 'Kabalo'          , '5bd114ae-a6a6-42f8-b887-95260a8c3819')  ,
  ('0cacf141-6c04-40d8-a746-1106db714ba0' , 'Kabambare'       , '5bd114ae-a6a6-42f8-b887-95260a8c3819')  ,
  ('609aebcf-b325-45c3-b87b-4eed5fe8f99c' , 'Kabare'          , '5bd114ae-a6a6-42f8-b887-95260a8c3819')  ,
  ('2750a0c5-834f-4d5a-8639-1cd93079bc4d' , 'Kabeya-Kamwanga' , '5bd114ae-a6a6-42f8-b887-95260a8c3819')  ,
  ('077188ad-7a36-413b-b92b-6509e2b8693b' , 'Kabinda'         , '5bd114ae-a6a6-42f8-b887-95260a8c3819')  ,
  ('5f7135e6-003b-4dd1-9002-742439e1b4eb' , 'Kabondo'         , '5bd114ae-a6a6-42f8-b887-95260a8c3819')  ,
  ('9730bad8-49df-4745-ac1c-2e787ea708ef' , 'Kabongo'         , '5bd114ae-a6a6-42f8-b887-95260a8c3819')  ,
  ('a65e8408-0206-4559-a1aa-8e7eb9ce8216' , 'Kadutu'          , '5bd114ae-a6a6-42f8-b887-95260a8c3819')  ,
  ('a22291c9-c3b7-40ea-87e0-21cbae0af2a4' , 'Kahemba'         , '5bd114ae-a6a6-42f8-b887-95260a8c3819')  ,
  ('f8ce6864-0981-48b4-80b3-717c3ffb4676' , 'Kalamu'          , '5bd114ae-a6a6-42f8-b887-95260a8c3819')  ,
  ('3fd8b572-c786-456b-8113-5d1ebc7f33f0' , 'Kalehe'          , '5bd114ae-a6a6-42f8-b887-95260a8c3819')  ,
  ('0732a2c2-0dc3-4310-abe5-e0956bcf05bc' , 'Kalemie'         , '5bd114ae-a6a6-42f8-b887-95260a8c3819')  ,
  ('23a9ae73-b5c7-4353-84f3-bf6bf3bcea33' , 'Kamboye'         , '5bd114ae-a6a6-42f8-b887-95260a8c3819')  ,
  ('6023ec20-6751-4617-a754-542c70e4b6fa' , 'Kamiji'          , '5bd114ae-a6a6-42f8-b887-95260a8c3819')  ,
  ('8b74eef2-ba38-43fa-b885-38ce4106ab59' , 'Kamina'          , '5bd114ae-a6a6-42f8-b887-95260a8c3819')  ,
  ('326983ea-2f20-48a0-9428-a7ce5664cbaa' , 'Kananga'         , '5b388958-cbac-4c43-9caa-d9177c61c87e')  ,
  ('ab4b75ec-0156-4688-a5ca-181c0a846988' , 'Kaniama'         , '5bd114ae-a6a6-42f8-b887-95260a8c3819')  ,
  ('964b06c7-2b04-4278-a939-ff340f3a5bbf' , 'Kanshi'          , '5bd114ae-a6a6-42f8-b887-95260a8c3819')  ,
  ('0e99b296-0d83-416f-9619-f75a18f870e0' , 'Kasa-Vubu'       , '5bd114ae-a6a6-42f8-b887-95260a8c3819')  ,
  ('4e49f533-9abc-4fb5-b941-e9cb496fcdef' , 'Kasangulu'       , '5bd114ae-a6a6-42f8-b887-95260a8c3819')  ,
  ('5127cbda-f02a-4fbe-b94c-31f9348a3dbe' , 'Kasenga'         , '5bd114ae-a6a6-42f8-b887-95260a8c3819')  ,
  ('d2ebb666-47c8-484f-a1e6-a4c42ece69df' , 'Kasongo'         , '5bd114ae-a6a6-42f8-b887-95260a8c3819')  ,
  ('6e06aaa5-ec70-4b57-bec8-d8d77e5912a2' , 'Kasongo Lunda'   , '5bd114ae-a6a6-42f8-b887-95260a8c3819')  ,
  ('feecae43-fc4c-4ba0-872d-e674db9cc9ce' , 'Katako-Kombe'    , '5bd114ae-a6a6-42f8-b887-95260a8c3819')  ,
  ('56db5c5e-b7a5-44e0-8696-241bc05a283e' , 'Katanda'         , '5bd114ae-a6a6-42f8-b887-95260a8c3819')  ,
  ('0bb6e8ca-107e-412b-92b6-4babe9acf2a0' , 'Katoka'          , '5bd114ae-a6a6-42f8-b887-95260a8c3819')  ,
  ('d8cc5a8a-f8a1-48b7-be1f-31826bb7a507' , 'Kazamba'         , '5bd114ae-a6a6-42f8-b887-95260a8c3819')  ,
  ('e049b452-1a0b-4ec9-b06b-fe3a3c957a07' , 'Kazumba'         , '5bd114ae-a6a6-42f8-b887-95260a8c3819')  ,
  ('a813b84b-4a5e-408d-bf46-426c003cd15d' , 'Kenge'           , '5bd114ae-a6a6-42f8-b887-95260a8c3819')  ,
  ('d37ee740-fbd7-4af1-ad67-2a48846d102f' , 'Kimbaseke'       , '5bd114ae-a6a6-42f8-b887-95260a8c3819')  ,
  ('9cbdff60-9929-433a-a738-175ae3651bef' , 'Kimvula'         , '5bd114ae-a6a6-42f8-b887-95260a8c3819')  ,
  ('e5b314c4-9813-4ac7-a315-3cce0cbc4910' , 'Kindu'           , '5bd114ae-a6a6-42f8-b887-95260a8c3819')  ,
  ('94790684-3698-4206-a598-1659709742dd' , 'Kindu.Kailo'     , '5bd114ae-a6a6-42f8-b887-95260a8c3819')  ,
  ('fe271650-e9e2-4984-a04c-6cafd0888932' , 'Kinshasa'        , '5bd114ae-a6a6-42f8-b887-95260a8c3819')  ,
  ('e6819c99-6247-4b7f-9b85-c8c6b026370a' , 'Kipushi'         , '5bd114ae-a6a6-42f8-b887-95260a8c3819')  ,
  ('e471f4fb-b2f1-4358-8b1f-e788661a186d' , 'Kiri'            , '5bd114ae-a6a6-42f8-b887-95260a8c3819')  ,
  ('ec239ba2-f7bd-4d06-a2a4-b0222654a2a7' , 'Kisangani'       , '5bd114ae-a6a6-42f8-b887-95260a8c3819')  ,
  ('41ab417e-3aea-4c96-85e6-676fbb767b60' , 'Kisenso'         , '5bd114ae-a6a6-42f8-b887-95260a8c3819')  ,
  ('30c51592-f932-4aa7-ae64-824bc2f9b6e8' , 'Kitambo'         , '5bd114ae-a6a6-42f8-b887-95260a8c3819')  ,
  ('2d298c6b-85da-471b-b2b8-458564d76385' , 'Kole'            , '5bd114ae-a6a6-42f8-b887-95260a8c3819')  ,
  ('a91c707e-07ea-4714-be68-530e3f57a559' , 'Kongolo'         , '5bd114ae-a6a6-42f8-b887-95260a8c3819')  ,
  ('61b0e1c3-1f21-4ff7-a53b-e9f906799dae' , 'Kungu'           , '5bd114ae-a6a6-42f8-b887-95260a8c3819')  ,
  ('bba8a511-619b-490b-8a50-5176c39e483f' , 'Kutu'            , '5bd114ae-a6a6-42f8-b887-95260a8c3819')  ,
  ('1ad5366c-d85a-47b8-ada5-99940c984c96' , 'Kwamouth'        , '5bd114ae-a6a6-42f8-b887-95260a8c3819')  ,
  ('a0bb23f0-a738-434a-8496-b031e018f11e' , 'Lemba'           , '5bd114ae-a6a6-42f8-b887-95260a8c3819')  ,
  ('61bd6e91-4abc-4109-a757-b585a4235f3c' , 'Libao'           , '5bd114ae-a6a6-42f8-b887-95260a8c3819')  ,
  ('e07dab20-85c6-45b0-b85e-76331bc09cb9' , 'Libenge'         , '5bd114ae-a6a6-42f8-b887-95260a8c3819')  ,
  ('278439d7-6fc2-486f-8aa0-d822e76d9e72' , 'Likasi'          , '5bd114ae-a6a6-42f8-b887-95260a8c3819')  ,
  ('e218c861-2d82-4d55-ab47-ed14a419f0ad' , 'Limete'          , '5bd114ae-a6a6-42f8-b887-95260a8c3819')  ,
  ('d886e7c4-0d1c-4140-b016-fc6079a2daa1' , 'Lingwala'        , '5bd114ae-a6a6-42f8-b887-95260a8c3819')  ,
  ('422c5f89-37ab-4df8-94fa-4eda38f3909a' , 'Lisala'          , '5bd114ae-a6a6-42f8-b887-95260a8c3819')  ,
  ('f2bd052b-1a88-497d-b920-894675345d9e' , 'Lodja'           , '5bd114ae-a6a6-42f8-b887-95260a8c3819')  ,
  ('db76c2e6-178a-4b82-ac10-d30767bbd9fe' , 'Lomela'          , '5bd114ae-a6a6-42f8-b887-95260a8c3819')  ,
  ('ef91865a-fad1-4c87-862c-2fc9d600cc46' , 'Lubefu'          , '5bd114ae-a6a6-42f8-b887-95260a8c3819')  ,
  ('8be3fecd-3af4-4aed-b153-812071cf2893' , 'Lubero'          , '5bd114ae-a6a6-42f8-b887-95260a8c3819')  ,
  ('13301749-b40c-4635-a826-d059e2297b7c' , 'Lubudi'          , '5bd114ae-a6a6-42f8-b887-95260a8c3819')  ,
  ('ce317a78-9e48-479d-8e22-612037784f8d' , 'Lubumbashi'      , '5bd114ae-a6a6-42f8-b887-95260a8c3819')  ,
  ('6f67463c-3c8d-4d41-a8cb-bec1663cc88c' , 'Luebo'           , '5bd114ae-a6a6-42f8-b887-95260a8c3819')  ,
  ('63e4ce98-8af5-4386-a3c1-9999abf95ed1' , 'Luiza'           , '5bd114ae-a6a6-42f8-b887-95260a8c3819')  ,
  ('798611cd-b95c-44b9-9d2f-f5ceb3a66902' , 'Lukemi'          , '5bd114ae-a6a6-42f8-b887-95260a8c3819')  ,
  ('8d639f0b-d8af-4dbf-8881-80119b41f5cd' , 'Lukolela'        , '5bd114ae-a6a6-42f8-b887-95260a8c3819')  ,
  ('b8c8e5e5-330c-4592-a043-09b21e919d9e' , 'Lukonga'         , '5bd114ae-a6a6-42f8-b887-95260a8c3819')  ,
  ('7d214133-194c-4f1e-b39d-648a7abee168' , 'Lukula'          , '5bd114ae-a6a6-42f8-b887-95260a8c3819')  ,
  ('b4ff78f6-a193-426b-be4e-26c0de4ff6fb' , 'Luozi'           , '5bd114ae-a6a6-42f8-b887-95260a8c3819')  ,
  ('4de2c4f9-4486-4877-9880-00c304751a61' , 'Lupatapata'      , '5bd114ae-a6a6-42f8-b887-95260a8c3819')  ,
  ('5017d08a-f803-422d-9e7b-b7e74897f152' , 'Lusambo'         , '5bd114ae-a6a6-42f8-b887-95260a8c3819')  ,
  ('f3d4259e-d506-4bb7-830d-ba834b0af9c8' , 'Madimba'         , '5bd114ae-a6a6-42f8-b887-95260a8c3819')  ,
  ('c0535869-9afe-454d-b3b9-69c7020f4e24' , 'Mahagi'          , '5bd114ae-a6a6-42f8-b887-95260a8c3819')  ,
  ('56c144df-711c-4e25-ba11-33420b710788' , 'Makala'          , '5bd114ae-a6a6-42f8-b887-95260a8c3819')  ,
  ('89eddb6b-eb41-4631-9ce2-da240a750dc2' , 'Malemba-Nkulu'   , '5bd114ae-a6a6-42f8-b887-95260a8c3819')  ,
  ('4a1aa1bb-6e0d-4f35-aa6a-4c21724c9953' , 'Maluku'          , '5bd114ae-a6a6-42f8-b887-95260a8c3819')  ,
  ('3fb6d13a-5782-4386-ae98-166f9f26a07e' , 'Mambasa'         , '5bd114ae-a6a6-42f8-b887-95260a8c3819')  ,
  ('9570e9d3-c201-4612-bbfb-546ea966d544' , 'Mankanza'        , '5bd114ae-a6a6-42f8-b887-95260a8c3819')  ,
  ('cdcddb3d-23e3-4cf4-a9ae-37c60214c65e' , 'Manono'          , '5bd114ae-a6a6-42f8-b887-95260a8c3819')  ,
  ('f7e8d205-21f7-44a2-b943-7a4157f6b6c5' , 'Masi-Manimba'    , '5bd114ae-a6a6-42f8-b887-95260a8c3819')  ,
  ('59812a99-d7d6-4049-b33d-0be39c0067ac' , 'Masina'          , '5bd114ae-a6a6-42f8-b887-95260a8c3819')  ,
  ('3f215e4d-4eb9-47a8-acbc-bf8e612ebdfe' , 'Masisi'          , '5bd114ae-a6a6-42f8-b887-95260a8c3819')  ,
  ('01dcca21-e41e-4bfe-b2ef-176b1e47dd32' , 'Matadi'          , '5bd114ae-a6a6-42f8-b887-95260a8c3819')  ,
  ('79ef9faf-6e9f-4599-9330-5ce37bae52e0' , 'Matete'          , '5bd114ae-a6a6-42f8-b887-95260a8c3819')  ,
  ('539a88b1-14f0-4476-afc0-fe6796e4cbc2' , 'Mayoyo'          , '5bd114ae-a6a6-42f8-b887-95260a8c3819')  ,
  ('03512d99-31e9-4a91-b947-71867ae6e339' , 'Mbadaka'         , '5bd114ae-a6a6-42f8-b887-95260a8c3819')  ,
  ('481335b2-446b-4ccf-a528-96959faf8f14' , 'Mbanza-Ngungu'   , '5bd114ae-a6a6-42f8-b887-95260a8c3819')  ,
  ('3b96019b-0455-476f-9d33-7f5b81eb2396' , 'Miabi'           , '5bd114ae-a6a6-42f8-b887-95260a8c3819')  ,
  ('9879f945-aed0-44ec-b632-b81760ff5aa5' , 'Mitwaba'         , '5bd114ae-a6a6-42f8-b887-95260a8c3819')  ,
  ('cd5674ce-64a0-439d-96b4-b1f02657eb03' , 'Moanda'          , '5bd114ae-a6a6-42f8-b887-95260a8c3819')  ,
  ('2a206e76-5b06-4479-9f65-6924a19fe6ed' , 'Moba'            , '5bd114ae-a6a6-42f8-b887-95260a8c3819')  ,
  ('d125d8d3-f44b-42a4-b9ff-235d7e72202f' , 'Mobayi-Mbongo'   , '5bd114ae-a6a6-42f8-b887-95260a8c3819')  ,
  ('f061e99d-ec09-42a0-a0c0-b1b41d4a1022' , 'Monkoto'         , '5bd114ae-a6a6-42f8-b887-95260a8c3819')  ,
  ('f0528ea3-4718-4aa0-baf4-c3b7f81a7e1e' , 'Mont-Ngafula'    , '5bd114ae-a6a6-42f8-b887-95260a8c3819')  ,
  ('08e88576-8407-4a66-a288-3212c21d9053' , 'Musadi'          , '5bd114ae-a6a6-42f8-b887-95260a8c3819')  ,
  ('9235a73d-ed14-4032-b5c1-b97251502610' , 'Mushie'          , '5bd114ae-a6a6-42f8-b887-95260a8c3819')  ,
  ('1caa4970-b073-4bfa-b547-e5ece759a85b' , 'Mutshatsha'      , '5bd114ae-a6a6-42f8-b887-95260a8c3819')  ,
  ('eaab1f68-d7f3-43f8-888d-117db3f4db53' , 'Muya'            , '5bd114ae-a6a6-42f8-b887-95260a8c3819')  ,
  ('61aaed11-f1f5-4531-860c-84bc0d25e958' , 'Mvuzi'           , '5bd114ae-a6a6-42f8-b887-95260a8c3819')  ,
  ('7d94821d-a24a-4fac-9199-4fc57e3424e4' , 'Mweka'           , '5bd114ae-a6a6-42f8-b887-95260a8c3819')  ,
  ('3a0ac02e-3fe9-4177-8caa-9e531e8f8e7c' , 'Mwene-Ditu'      , '5bd114ae-a6a6-42f8-b887-95260a8c3819')  ,
  ('d28ef9a5-70d6-459c-907a-d7aa1d4cdf25' , 'Mwenga'          , '5bd114ae-a6a6-42f8-b887-95260a8c3819')  ,
  ('9b01e837-3844-488c-bf9f-7d70130c5a34' , 'Ndesha'          , '5bd114ae-a6a6-42f8-b887-95260a8c3819')  ,
  ('6a3fbdac-e88d-4aef-83c4-1efcef7f6cd3' , 'Ndjili'          , '5bd114ae-a6a6-42f8-b887-95260a8c3819')  ,
  ('ae9bdd70-a799-4fc0-81bf-ae14deb3df13' , 'Ngaba'           , '5bd114ae-a6a6-42f8-b887-95260a8c3819')  ,
  ('045b58b5-da3a-4129-9179-8257dcaef127' , 'Ngaliema'        , '5bd114ae-a6a6-42f8-b887-95260a8c3819')  ,
  ('223c281d-30c6-4add-aa79-04778e6ea855' , 'Ngandajika'      , '5bd114ae-a6a6-42f8-b887-95260a8c3819')  ,
  ('47ceb648-b737-44bf-a757-d447d9dad918' , 'Nganza'          , '5bd114ae-a6a6-42f8-b887-95260a8c3819')  ,
  ('57b079d5-ef31-46e2-b374-eefd511abb7a' , 'Ngiri-Ngiri'     , '5bd114ae-a6a6-42f8-b887-95260a8c3819')  ,
  ('9a7601d1-4ab8-4202-a525-6f38b89575fe' , 'Niangara'        , '5bd114ae-a6a6-42f8-b887-95260a8c3819')  ,
  ('5cbdb70e-2b8f-433b-9b83-1118b3d1dbcd' , 'Nsele'           , '5bd114ae-a6a6-42f8-b887-95260a8c3819')  ,
  ('45975e4f-0cf2-4522-a355-81d4242f4d81' , 'Nyunzu'          , '5bd114ae-a6a6-42f8-b887-95260a8c3819')  ,
  ('055b7aa8-1ada-46fa-b58b-9251b9c51c7a' , 'Nzadi'           , '5bd114ae-a6a6-42f8-b887-95260a8c3819')  ,
  ('1f26101e-97cc-4aa8-b8a4-9989b0558597' , 'Nzanza'          , '5bd114ae-a6a6-42f8-b887-95260a8c3819')  ,
  ('f2ada21c-7661-4e2a-bdfc-2b25428fb221' , 'Nzinda'          , '5bd114ae-a6a6-42f8-b887-95260a8c3819')  ,
  ('1cbcc085-0979-440a-8d8c-3628bd15e954' , 'Opala'           , '5bd114ae-a6a6-42f8-b887-95260a8c3819')  ,
  ('de7d4c6d-9246-41a1-bbd1-502401e3ba8e' , 'Oshwe'           , '5bd114ae-a6a6-42f8-b887-95260a8c3819')  ,
  ('134dedcf-e93d-4e64-bcfc-3f7aa7672a2d' , 'Pangi'           , '5bd114ae-a6a6-42f8-b887-95260a8c3819')  ,
  ('d2564864-a241-457a-9c4f-c477887080a7' , 'Poko'            , '5bd114ae-a6a6-42f8-b887-95260a8c3819')  ,
  ('2f8d766c-9016-4164-a2e6-e85fb94008a8' , 'Popokabaka'      , '5bd114ae-a6a6-42f8-b887-95260a8c3819')  ,
  ('350648b8-c076-4bdd-8b57-952d8c160873' , 'Punia'           , '5bd114ae-a6a6-42f8-b887-95260a8c3819')  ,
  ('01690d1c-8d2c-482a-b89f-dea05c4526c2' , 'Pweto'           , '5bd114ae-a6a6-42f8-b887-95260a8c3819')  ,
  ('4331d167-c4c7-499c-8970-3dbd53c64755' , 'Rungu'           , '5bd114ae-a6a6-42f8-b887-95260a8c3819')  ,
  ('5e0e0d63-fd6a-4ed4-a827-e52cf12f5799' , 'Rutshuru'        , '5bd114ae-a6a6-42f8-b887-95260a8c3819')  ,
  ('dae68f00-1d6c-4fa7-ace5-90e9868ac4d7' , 'Sakania'         , '5bd114ae-a6a6-42f8-b887-95260a8c3819')  ,
  ('f7d57f36-067e-4368-8dc4-47fd2b99702d' , 'Sandoa'          , '5bd114ae-a6a6-42f8-b887-95260a8c3819')  ,
  ('8eaeaaa5-709d-4829-9386-74f51ef36344' , 'Seke-Banza'      , '5bd114ae-a6a6-42f8-b887-95260a8c3819')  ,
  ('d3460256-0396-45c9-90a0-e74252a53566' , 'Selembao'        , '5bd114ae-a6a6-42f8-b887-95260a8c3819')  ,
  ('664322bb-80a5-483c-9d03-c1bafb8ab5e8' , 'Shabunda'        , '5bd114ae-a6a6-42f8-b887-95260a8c3819')  ,
  ('cdc8cc0b-aeef-48a2-a2a1-f36e1ff69e34' , 'Songololo'       , '5bd114ae-a6a6-42f8-b887-95260a8c3819')  ,
  ('e9e88b2d-39ee-4dfd-bb8e-1ebcd9ef5328' , 'Tshela'          , '5bd114ae-a6a6-42f8-b887-95260a8c3819')  ,
  ('b4ff0f8d-95cf-4c98-a4d2-38e5577d3bf7' , 'Tshikapa'        , '5bd114ae-a6a6-42f8-b887-95260a8c3819')  ,
  ('d621e2d3-1d5b-45bb-b4a6-3e7e65c302d0' , 'Tshilenge'       , '5bd114ae-a6a6-42f8-b887-95260a8c3819')  ,
  ('d72ac969-d8a3-4eb1-bfb3-2118850f2886' , 'Ubundu'          , '5bd114ae-a6a6-42f8-b887-95260a8c3819')  ,
  ('4acd1405-396c-4f4b-b069-d9d1926fab0f' , 'Uvira'           , '5bd114ae-a6a6-42f8-b887-95260a8c3819')  ,
  ('8144789d-1e21-4903-af81-2267cf6b7183' , 'Walikale'        , '5bd114ae-a6a6-42f8-b887-95260a8c3819')  ,
  ('83a5dd6d-1281-42af-9302-f2ca22d7c48d' , 'Walungu'         , '5bd114ae-a6a6-42f8-b887-95260a8c3819')  ,
  ('45058c67-64b1-45ca-9d38-bfb73292e577' , 'Wamba'           , '5bd114ae-a6a6-42f8-b887-95260a8c3819')  ,
  ('280113df-5f3c-4559-9014-c63a68f9ae9c' , 'Wangata'         , '5bd114ae-a6a6-42f8-b887-95260a8c3819')  ,
  ('2eb96fc5-79e9-4dc2-8ffa-8aa9184c6de5' , 'Watsa'           , '5bd114ae-a6a6-42f8-b887-95260a8c3819')  ,
  ('a191a2be-7783-46c1-972e-80d20e676b12' , 'Yahuma'          , '5bd114ae-a6a6-42f8-b887-95260a8c3819')  ,
  ('ab79dd81-5dc3-4acd-b0ed-0fc31b639af4' , 'Yakoma'          , '5bd114ae-a6a6-42f8-b887-95260a8c3819')  ,
  ('0954d4c8-f1a0-4fee-98eb-f163ba7f9bbb' , 'Yumbi'           , '5bd114ae-a6a6-42f8-b887-95260a8c3819')  ,
  ('99e3261f-1f02-4b9e-bf88-0539b8b676d9' , 'Zongo'           , '5bd114ae-a6a6-42f8-b887-95260a8c3819')  ,
  ('4383c59f-241b-40e7-86aa-6c42bd77cb9b' , 'Nkoko'           , '5b388958-cbac-4c43-9caa-d9177c61c87e')  ,
  ('8e254037-720d-49f0-b14b-d7bd88d8ac0d' , 'Nganza'          , '5b388958-cbac-4c43-9caa-d9177c61c87e')  ,
  ('bd9c7625-1357-4904-9a2c-c3ccdf77ed46' , 'Dibaya'          , '5b388958-cbac-4c43-9caa-d9177c61c87e')  ,
  ('959c1449-41dc-4437-af72-6c71488e8d7f' , 'NDESHA'          , '5b388958-cbac-4c43-9caa-d9177c61c87e')  ,
  ('975685e2-af00-4d3e-be74-c088e9411b29' , 'LUKONGA'         , '5b388958-cbac-4c43-9caa-d9177c61c87e')  ,
  ('a08d7ef3-65d8-48e2-9497-c4271702b940' , 'KATOKA'          , '5b388958-cbac-4c43-9caa-d9177c61c87e')  ,
  ('4312825c-24f7-430f-910d-05a6fac18dc6' , 'KAZUMBA'         , '5b388958-cbac-4c43-9caa-d9177c61c87e');

INSERT INTO `village` (uuid, name, sector_uuid) VALUES 
  ('fba0de1e-8a5d-4a9c-8844-d3760e0ef2a2' , 'Vanga'            , '53d5aa38-7a94-479d-b29c-e5d03cb6af8f')  ,
  ('62489e95-d77c-4523-95d0-db51724feca4' , 'Bulungu'          , '53d5aa38-7a94-479d-b29c-e5d03cb6af8f')  ,
  ('5b8e483c-f536-4003-9db5-ecca14f9a36d' , 'Songo'            , '68ce792e-8133-4769-afcf-dd69a79c1dd0')  ,
  ('6f7c1595-758d-4d2b-b81b-8316971ab595' , 'Lusekele'         , '68ce792e-8133-4769-afcf-dd69a79c1dd0')  ,
  ('7e58a7bf-40fd-4f46-989d-7f99bd98c7d0' , 'Tshikaji'         , '326983ea-2f20-48a0-9428-a7ce5664cbaa')  ,
  ('c6598ad9-b87a-4b11-9994-0d6c06e1c17f' , 'Kananga'          , '326983ea-2f20-48a0-9428-a7ce5664cbaa')  ,
  ('ba102566-c430-405c-8f1a-d11bc0b35214' , 'Tshikapa'         , 'b4ff0f8d-95cf-4c98-a4d2-38e5577d3bf7')  ,
  ('00f6d927-62ff-4399-85ec-c4b71386a851' , 'kamenga'          , '9b01e837-3844-488c-bf9f-7d70130c5a34')  ,
  ('dd27665c-112e-41c0-8215-9c6c98530c68' , 'kasangidi'        , '326983ea-2f20-48a0-9428-a7ce5664cbaa')  ,
  ('1c6fb17a-4cf5-4974-9074-b6fed51c6c39' , 'nganza'           , '4383c59f-241b-40e7-86aa-6c42bd77cb9b')  ,
  ('bef454ea-af00-43e1-8a33-3e8edd168db7' , 'kabundi'          , '47ceb648-b737-44bf-a757-d447d9dad918')  ,
  ('1ec6b64d-51bb-42f0-b26d-8491aa264093' , 'kabanza'          , '326983ea-2f20-48a0-9428-a7ce5664cbaa')  ,
  ('141bf2cf-49df-45ec-bc64-e260129d6984' , 'quartie  hopital' , '326983ea-2f20-48a0-9428-a7ce5664cbaa')  ,
  ('1f98f6a2-b469-4fc5-8acb-b750f80d46ee' , 'biancky'          , '326983ea-2f20-48a0-9428-a7ce5664cbaa')  ,
  ('9e303f05-e88a-43a0-b57c-e2eb2a086873' , 'mutanda'          , '47ceb648-b737-44bf-a757-d447d9dad918')  ,
  ('54c32c20-595f-4276-9446-17f92b977287' , 'LUEBOCITE'        , '6f67463c-3c8d-4d41-a8cb-bec1663cc88c')  ,
  ('8038a5ef-3f1e-455b-8b3a-16011c5be006' , 'TSHIBANDABANDA'   , '9b01e837-3844-488c-bf9f-7d70130c5a34')  ,
  ('6a28b0be-eafe-4105-a4e7-edde75937094' , 'NSELE'            , '47ceb648-b737-44bf-a757-d447d9dad918')  ,
  ('c9646106-6140-4354-9176-cc24a19a1afd' , 'DIBANDISHA'       , 'bd9c7625-1357-4904-9a2c-c3ccdf77ed46')  ,
  ('65d51a62-c179-48e8-8312-ece9822fe05f' , 'NKONKO TSHIELA'   , '8e254037-720d-49f0-b14b-d7bd88d8ac0d')  ,
  ('ab40bcbe-5420-482f-8784-c2f01d40777c' , 'MPOKOLO'          , '326983ea-2f20-48a0-9428-a7ce5664cbaa')  ,
  ('b147484e-7668-4f2c-8a68-9fed775311e8' , 'NTAMBUE SAINT B'  , '8e254037-720d-49f0-b14b-d7bd88d8ac0d')  ,
  ('5636a4cc-80d3-4202-b8a7-b8ad5c42202e' , 'CAMP BOBOZO'      , '8e254037-720d-49f0-b14b-d7bd88d8ac0d')  ,
  ('0d9f501b-11e2-4e03-a677-13fc89a563bc' , 'DEMBA'            , '326983ea-2f20-48a0-9428-a7ce5664cbaa')  ,
  ('01b17528-673d-49c2-985f-8ef4e605c0ff' , 'AZDA TSHINSAMBI'  , '326983ea-2f20-48a0-9428-a7ce5664cbaa')  ,
  ('42026f73-05e5-4a3b-afe3-287e56b04b95' , 'epro'             , 'a08d7ef3-65d8-48e2-9497-c4271702b940')  ,
  ('3d9218e8-70b7-4dd5-9a16-427c665a8fcc' , 'Appolo'           , '326983ea-2f20-48a0-9428-a7ce5664cbaa')  ,
  ('04b0dabd-8f91-4fa5-af68-4d7ddb57c986' , 'Appolo'           , '326983ea-2f20-48a0-9428-a7ce5664cbaa')  ,
  ('b7c5cca1-056f-4647-b562-5a588299b0e8' , 'telecom'          , '8e254037-720d-49f0-b14b-d7bd88d8ac0d')  ,
  ('a2409afd-6da0-48d8-9638-3a9542dacdbc' , 'kalumentumba'     , '8e254037-720d-49f0-b14b-d7bd88d8ac0d')  ,
  ('ce62ad47-75db-441d-aec9-4d4be927bb2c' , 'MALANDI'          , '326983ea-2f20-48a0-9428-a7ce5664cbaa')  ,
  ('a357257b-1619-4c3f-9fc7-951ae2f5690b' , 'BIANCKY'          , '326983ea-2f20-48a0-9428-a7ce5664cbaa')  ,
  ('3097268e-3734-42bb-a3cc-2efcb4fa2d36' , 'BIANCKY'          , '326983ea-2f20-48a0-9428-a7ce5664cbaa')  ,
  ('337f7ee7-990a-4955-94df-b0f5446b601c' , 'MATAMBA'          , '4312825c-24f7-430f-910d-05a6fac18dc6')  ,
  ('9d98c101-0020-45f2-a10b-7d4b60412acb' , 'LUIZA'            , '4312825c-24f7-430f-910d-05a6fac18dc6')  ,
  ('638b443f-f63d-41ad-9d77-95efbb1f861e' , 'BIANCKY'          , '326983ea-2f20-48a0-9428-a7ce5664cbaa')  ,
  ('d108cd11-7a63-4526-ba9a-188286b4561a' , 'BIANCKY'          , '326983ea-2f20-48a0-9428-a7ce5664cbaa')  ,
  ('4c7b743d-bf6b-455c-9d4e-6f426032a20b' , 'route kanyuka'    , '326983ea-2f20-48a0-9428-a7ce5664cbaa')  ,
  ('6eb63053-c9c2-47d9-a700-22f206f7ec03' , 'LUBI AMPATA'      , '8e254037-720d-49f0-b14b-d7bd88d8ac0d')  ,
  ('b610dc18-2f7d-4157-b1c7-6328ffa70ec9' , 'CAMP  SNCC'       , '326983ea-2f20-48a0-9428-a7ce5664cbaa')  ,
  ('aa009409-76ff-47b0-812f-bfeb6d9e0dd4' , 'TSHITUNTA'        , '8e254037-720d-49f0-b14b-d7bd88d8ac0d')  ,
  ('f221aca3-d0e1-4829-b0b4-50cf4be8d74c' , 'KOLE'             , '4312825c-24f7-430f-910d-05a6fac18dc6')  ,
  ('5276a1c7-061c-4bb6-a389-fe267b8e6551' , 'KAMAYI'           , '326983ea-2f20-48a0-9428-a7ce5664cbaa')  ,
  ('cdde344c-071b-4a4e-956b-441950a2d9b5' , 'BINCKY'           , '326983ea-2f20-48a0-9428-a7ce5664cbaa')  ,
  ('f147a034-e6b0-4cb3-bafe-2c9c604d1ef9' , 'KELE KELE'        , 'a08d7ef3-65d8-48e2-9497-c4271702b940')  ,
  ('c219c927-30f9-4f45-a6ae-1a5343d59aab' , 'DIBANDA'          , 'bd9c7625-1357-4904-9a2c-c3ccdf77ed46')  ,
  ('5f5fe2a1-c0c5-4622-a5c3-7aea9dd739c7' , 'PLATEAU'          , '326983ea-2f20-48a0-9428-a7ce5664cbaa')  ,
  ('7fdbf09c-75a5-47d5-b6ba-26309a77e682' , 'NGANZA NORD'      , '8e254037-720d-49f0-b14b-d7bd88d8ac0d')  ,
  ('a2b73fdd-ff1e-49f4-9c84-a21352ec23b7' , 'LUBUWA'           , '959c1449-41dc-4437-af72-6c71488e8d7f')  ,
  ('29195bc0-17a7-4319-879f-0fe834a00e9b' , 'BUMBA'            , '8e254037-720d-49f0-b14b-d7bd88d8ac0d')  ,
  ('d5a8decc-e6c0-4160-afeb-1ece53a1fee6' , 'KELEKELE'         , 'a08d7ef3-65d8-48e2-9497-c4271702b940')  ,
  ('646485a9-dbd5-48ec-8440-e539c0f7c16e' , 'NGANZA  SUD'      , '8e254037-720d-49f0-b14b-d7bd88d8ac0d')  ,
  ('d3f5b502-d99c-48a3-9d17-91bf747e7616' , 'katoka epro'      , 'a08d7ef3-65d8-48e2-9497-c4271702b940')  ,
  ('ed7ca87d-bc94-4313-a9b5-f3a3987bb614' , 'BUNKONDE'         , '326983ea-2f20-48a0-9428-a7ce5664cbaa')  ,
  ('55d948ca-61f4-4f75-8c11-b8f549ad455d' , 'NKONKO'           , '8e254037-720d-49f0-b14b-d7bd88d8ac0d')  ,
  ('9e27641d-6dd3-4666-8707-b880122bfaae' , 'CAMP  BOBOZO'     , '8e254037-720d-49f0-b14b-d7bd88d8ac0d')  ,
  ('79be9eba-8847-4ba4-adad-d5d4bc8ebf9e' , 'SNELi'            , '326983ea-2f20-48a0-9428-a7ce5664cbaa')  ,
  ('50b1a097-599f-4b49-9085-01e351396691' , 'DIBAYA'           , '326983ea-2f20-48a0-9428-a7ce5664cbaa');

-- System transactions (TODO seperate from Tshikaji?)
INSERT INTO `transaction_type` values 
  (1, 'cash'),
	(2, 'sale'),
	(3, 'purchase'),
  (4, 'journal'),
  (5, 'group_invoice'),
  (6, 'credit_note');

  -- Configure base currencies
INSERT INTO `currency` (`id`, `name`, `symbol`, `separator`, `decimal`, `min_monentary_unit`) values
  (1,'Congolese Francs','Fc', '.', ',', 50),
	(2,'United States Dollars','$', ',', '.', 0.01);

-- Configure enterprise
INSERT INTO `enterprise` (`id`, `name`, `abbr`, `phone`, `email`, `location_id`, `logo`, `currency_id`) values 
  (200, 'Hopital Bon Berger', 'GSH', '0825924377', 'cmk@tshikaji.cd', '7e58a7bf-40fd-4f46-989d-7f99bd98c7d0', '/assets/logos/tsh.jpg', 2);

INSERT INTO `fiscal_year` VALUES 
(200,1,11,'Tshikaji 2014',NULL,NULL,NULL,1,2014,NULL,0);
INSERT INTO `period` VALUES
(1,1,0,'2014-01-01','2014-01-01',0),(2,1,1,'2014-01-01','2014-01-31',0),(3,1,11,'2014-02-01','2014-02-28',0),(4,1,21,'2014-03-01','2014-03-31',0),(5,1,31,'2014-04-01','2014-04-30',0),(6,1,41,'2014-05-01','2014-05-31',0),(7,1,51,'2014-06-01','2014-06-30',0),(8,1,61,'2014-07-01','2014-07-31',0),(9,1,71,'2014-08-01','2014-08-31',0),(10,1,81,'2014-09-01','2014-09-30',0),(11,1,91,'2014-10-01','2014-10-31',0),(12,1,101,'2014-11-01','2014-11-30',0),(13,1,111,'2014-12-01','2014-12-31',0);

-- Configure base chart of accounts
INSERT INTO `account_type` values
  (1,'income/expense'),
  (2,'balance'),
  (3,'title');

-- Configure base inventory
INSERT INTO `inventory_unit` (`text`) values
  ('Act'), 
  ('Pallet'), 
  ('Pill'), 
  ('Box'), 
  ('Lot');

INSERT INTO `inventory_type` values
  (0,'Article'),
  (1,'Assembly'),
  (2,'Service'),
  (3,'Discount');
