--
-- Build a neutral schema for public demonstration
--

source bhima.sql;
use bhima;

--
-- Application Core Features
--

-- The modules the application supports
INSERT INTO unit VALUES
  (0,'Root','TREE.ROOT','The unseen root node',NULL,1,'/partials/index.html','/root'),
  (1,'Admin','TREE.ADMIN','The Administration Super-Category',0,1,'/partials/admin/index.html','/admin'),
  (2,'Enterprise','TREE.ENTERPRISE','Manage the registered enterprises from here',1,0,'/partials/enterprise/','/enterprise'),
  (4,'Users & Permissions','TREE.PERMISSION','Manage user privileges and permissions',1,0,'/partials/user_permission/','/permission'),
  (5,'Finance','TREE.FINANCE','The Finance Super-Category',0,1,'/partials/finance/','/finance'),
  (6,'Account','TREE.ACCOUNT','Chart of Accounts management',1,0,'/partials/accounts/create_account/','/create_account'),
  (8,'Budgeting','TREE.BUDGETING','Plan your next move',0,10,'/partials/budget/index.html','/budget'),
  (9,'Posting Journal','TREE.POSTING_JOURNAL','Daily Log',30,0,'/partials/journal/','/posting_journal'),
  (10,'Reports','TREE.REPORTS','Do stuff and tell people about it',0,1,'/partials/reports/summary/','reports/summary'),
  (11,'Inventory','TREE.INVENTORY','The Inventory Super-Category',0,1,'/partials/inventory/','/inv'),
  (12,'Hospital','TREE.HOSPITAL','The Hospital Super-Category',0,1,'/partials/hospital/index.html','/hospital'),
  (13,'Fiscal Year','TREE.FISCAL_YEAR','Fiscal year configuration page',1,0,'/partials/fiscal/','/fiscal'),
  (14,'Patient Registration','TREE.PATIENT_REG','Register patients',12,0,'/partials/patient_registration/','/patient'),
  (15,'Patient Search','TREE.PATIENT_SEARCH','Search for patient',12,0,'/partials/records/patient_records/','/patient_records/'),
  (16,'Sales','TREE.SALES','Create an invoice for a sale',5,0,'/partials/sales/','/sales/'),
  (17,'Sale Records','TREE.SALE_RECORDS','Search for a sale',5,0,'/partials/records/sales_records/','/sale_records/'),
  (18,'Cash Box','TREE.CASH','Pay invoices',5,0,'/partials/cash/','/cash'),
  (19,'Register Supplier','TREE.REGISTER_SUPPLIER','',11,0,'/partials/creditor/','/creditor'),
  -- (20,'Purchase Order Records','TREE.PURCHASE_ORDER_RECORDS','',5,0,'/partials/records/purchase_order_records','/purchase_records/'),
  (21,'Price List','TREE.PRICE_LIST','Configure price lists!',1,0,'/partials/price_list/','/inventory/price_list'),
  (22,'Exchange Rate','TREE.EXCHANGE','Set todays exchange rate!',1,0,'/partials/exchange_rate/','/exchange_rate'),
  (23,'Creditor Groups','TREE.CREDITOR_GRP','',1,0,'/partials/creditor/group/','/creditors/creditor_group'),
  (24,'Debitor Groups','TREE.DEBTOR_GRP','',1,0,'/partials/debtor/','/debtor/debtor_group'),
  (25,'General Ledger','TREE.GENERAL_LEDGER','',10,0,'/partials/reports/ledger/','/reports/ledger/general_ledger'),
  (26,'Location Manager','TREE.LOCATION','',1,0,'/partials/location/location.html','/location'),
  (27,'Chart of Accounts','TREE.CHART_OF_ACCOUNTS','',10,0,'/partials/reports/chart_of_accounts/','/reports/chart_of_accounts/'),
  (28,'Patient Group Assignment','TREE.PATIENT_GRP_ASSIGNMENT','',12,0,'/partials/patient_group_assignment/','/patient_group_assignment/'),
  (29,'Patient Group','TREE.PATIENT_GRP','',1,0,'/partials/patient_group/','/patient_group/'),
  (30,'Accounting','TREE.ACCOUNTING','',0,1,'/partials/accounting/index.html','/accounting/'),
  (31,'Cost Center Management','TREE.COST_CENTER_MGMT','',30,0,'/partials/cost_center/','/cost_center/'),
  (32,'Group Invoicing','TREE.GRP_INVOICING','',5,0,'/partials/group_invoice/','/group_invoice/'),
  (33,'Currency','TREE.CURRENCY','',1,0,'/partials/currency/','/currency'),
  (35,'Patient Registrations','TREE.PATIENT_REGISTRATION','',10,0,'/partials/reports/patient_registrations/','/reports/patient_registrations'),
  (36,'Change Patient Group','TREE.SWAP_DEBITOR','',12,0,'/partials/swap_debtor/','/swap_debtor/'),
  (37,'Cash Payments','TREE.CASH_PAYMENTS','',10,0,'/partials/reports/cash_payments/','/reports/cash_payments'),
  (38,'Transactions by Account','TREE.TRANSACTIONS_BY_ACCOUNT','',10,0,'/partials/reports/transactions/','/reports/transactions/account'),
  (39,'Caution','TREE.CAUTION','',5,0,'/partials/caution/','/caution'),
  (40,'Main Cash','TREE.MAIN_CASH','',5,0,'/partials/primary_cash/','/primary_cash'),
  (41,'Journal Voucher','TREE.JOURNAL_VOUCHER','',30,0,'/partials/journal_voucher/','/journal_voucher'),
  (42,'Project','TREE.PROJECT','',1,0,'/partials/projects/','/projects'),
  (43,'Patient Standing','TREE.PATIENT_STANDING','',10,0,'/partials/reports/patient_standing/','/reports/patient_standing'),
  (44,'Depot Management','TREE.DEPOT','',1,0,'/partials/inventory/depot/','inventory/depot'),
  (45,'Stock Management','TREE.STOCK_MANAGEMENT','',11,0,'partials/stock','/stock'),
  -- (47,'Stock Distribution','TREE.STOCK_DISTRIBUTION','',11,0,'/partials/inventory/distribution/','inventory/distribution'),
  (46,'Account Statement', 'TREE.ACCOUNT_STATEMENT', '', 10, 0, 'partials/reports/account_statement', '/reports/account_statement'),
  (48,'Service Management', 'TREE.SERVICE', '', 1, 0, 'partials/service/', '/service'),
  (49, 'Expiring Stock Report', 'TREE.EXPIRING', '', 10, 0, '/partials/reports/expiring_stock', '/reports/expiring'),
  (50,'Inventory Management', 'TREE.INVENTORY_MANAGEMENT', '', 11, 0, 'partials/inventory/', '/inventory/'),
  -- (52,'Purchase Order','TREE.PURCHASE_ORDER','Create a new Purchase Order',11,0,'/partials/purchase_order/','/inventory/purchase'),
  (51,'Budget by Account','TREE.BUDGET_BY_ACCOUNT','Budgeting by account',8,0,'/partials/budget/','/budgeting/'),
  (53,'Purchase Order Management', 'TREE.PURCHASE_ORDER_MANAGEMENT', '', 11, 0, 'partials/purchase_order/', '/purchase_menu/'),
  (54,'Profit center management', 'TREE.PROFIT_CENTER_MGMNT', '', 30, 0, 'partials/profit_center/', '/profit_center/'),
  (55,'Income Report','TREE.INCOME_REPORT','',10,0,'/partials/reports/primary_cash/income/','/reports/income_report/'),
  (56,'Expense Report','TREE.EXPENSE_REPORT','',10,0,'/partials/reports/primary_cash/expense/','/reports/expense_report/'),
  (57,'Payroll', 'TREE.PAYROLL', '', 0, 1, 'partials/payroll/', '/payroll/'),
  (58,'Payroll Multiple','TREE.MULTI_PAYROLL','',57,0,'partials/primary_cash/expense/','/primary_cash/expense/multi_payroll/'),
  (59,'Grade Employers','TREE.GRADE_EMPLOYERS','',57,0,'/partials/grade_employers/','/grade_employers/'),
  (60,'Fonction', 'TREE.FONCTION', 'Fonction management',57, 0, 'partials/fonction/', '/fonction'),
  (61,'Employee', 'TREE.EMPLOYEE', 'Employee management',57, 0, 'partials/employee/', '/employee'),
  (62,'Gestions des taxes','TREE.TAXE_MANAGEMENT','',57,0,'/partials/taxe/','/taxes_management/'),
  (63,'Rubriques Management','TREE.RUBRIC_MANAGEMENT','',57,0,'/partials/rubric/','/rubric_management/'),
  (64,'Gestions des jours ferries','TREE.OFFDAY_MANAGEMENT','',57,0,'/partials/offdays/','/offday_management/'),
  (65,'Gestion des vacances','TREE.HOLLYDAY_MANAGEMENT','',57,0,'/partials/hollydays/','/hollyday_management/'),
  (66,'Gestion des periodes','TREE.PAYMENT_PERIOD','',57,0,'/partials/payment_period/','/payment_period/'),
  (67,'Cotisation management','TREE.COTISATION_MANAGEMENT','',57,0,'/partials/cotisation/cotisation_management.html/','/cotisations_management/'),
  (68,'Configuration des comptes','TREE.CONFIG_ACCOUNTING','',57,0,'/partials/config_accounting/','/config_accounting/'),
  (69,'Canevas SNIS', 'Canevas SNIS', '', 0, 1, 'partials/snis/', '/canevas_snis/'),
  (70,'Rapports SNIS', 'Rapports SNIS', '', 69, 0, 'partials/snis/index.html', '/snis/'),
  (71,'Stock Dashboard','TREE.STOCK_DASHBOARD','',11,0,'/partials/stock/stock_dashboard/','/stock_dashboard/'),
  (72,'Daily consumption', 'TREE.DAILY_CONSUMPTION', '', 10, 0, '/partials/reports/daily_consumption', '/reports/daily_consumption/'),
  (73,'Paycheck', 'TREE.PAYROLL_REPORT', '', 10, 0, '/partials/reports/payroll_report', '/reports/payroll_report/'),
  (74,'Stock Status', 'TREE.STOCK_STATUS', '', 10, 0, '/partials/reports/stock_status', '/reports/stock_status/'),
  (75,'Operating account', 'TREE.OPERATING_ACCOUNT', '', 10, 0, '/partials/reports/operating_account', '/reports/operating_account/'),
  (76,'Exploitation Service', 'TREE.SERVICE_EXPLOITATION', '', 10, 0, '/partials/reports/service_exploitation/', '/reports/service_exploitation/'),
  (77,'All Transactions', 'TREE.GLOBAL_TRANSACTION', '', 10, 0, '/partials/reports/global_transaction/', '/reports/global_transaction/'),
  (78,'Employee Standing','TREE.EMPLOYEE_STANDING','',10,0,'/partials/reports/employee_standing/','/reports/employee_standing');

-- References i18n .json files
INSERT INTO language (id, name, `key`) VALUES
  (1, 'Francais', 'fr'),
  (2, 'English', 'en'),
  (3, 'Lingala', 'lg');

-- Supported Currencies
INSERT INTO currency (id, `name`, `symbol`, `note`, `separator`, `decimal`, `min_monentary_unit`) VALUES
  (1,'Congolese Francs','Fc',NULL,'.',',',50.00),
  (2,'United States Dollars','$',NULL,',','.',0.01);

--
-- Users and Permissions
--

INSERT INTO user (id, username, password, first, last, email, logged_in) VALUES
  (1, 'demo','demo','Joe', 'Administrator','demo@bhi.ma',0);

INSERT INTO permission (id, unit_id, user_id) VALUES
  (1,0,1),
  (2,1,1),
  (3,4,1);

--
-- Location configuration
--

INSERT INTO country VALUES ('00d5dd74-3cc4-4e16-a902-54fcd053cb4c',492,'Monaco','Monaco'),('0152ea79-55ed-46bc-8bee-4fac55bb2b8e',336,'Vatican City State','Saint-Siège (état de la Cité du Vatican)'),('0273f5ca-d34c-481c-8e66-f93d13959ceb',586,'Pakistan','Pakistan'),('03d398fa-c25f-46b0-a1ec-2d058a259bb3',191,'Croatia','Croatie'),('04ff7801-5712-47a0-898b-2d8dfa808485',756,'Switzerland','Suisse'),('05c3fee7-eea3-4737-b35e-827bc2e71b82',214,'Dominican Republic','République Dominicaine'),('065f75dc-4ff7-4e92-b0b4-7cff9e4d98cf',100,'Bulgaria','Bulgarie'),('067a7001-a141-43a8-9232-19d332a61746',60,'Bermuda','Bermudes'),('087a019c-ff83-4bda-a6f4-e2523e4a08b0',891,'Serbia and Montenegro','Serbie-et-Monténégro'),('08ab4e85-572a-46c7-9274-bca1e4d0d7b6',231,'Ethiopia','Éthiopie'),('08e57692-cdbf-473b-b7f3-672e05a09536',24,'Angola','Angola'),('0976a952-7f78-447e-bf34-a99c4a5fb58a',748,'Swaziland','Swaziland'),('0b925681-e102-4208-8575-046141c46d72',218,'Ecuador','Équateur'),('0ca6ff57-7481-4602-966e-8746b575a108',795,'Turkmenistan','Turkménistan'),('0f26f13b-0a82-4c09-8ac8-34a85b1123d9',72,'Botswana','Botswana'),('0f96b788-abe9-478b-b6f6-5a1f7b5f7995',162,'Christmas Island','Île Christmas'),('1200c07e-cc78-4838-bde6-5375a42d55b1',212,'Dominica','Dominique'),('1291646b-a032-4fe9-a54e-0a6f581ff381',246,'Finland','Finlande'),('138857e4-17af-4ec7-bd06-94f24115091c',148,'Chad','Tchad'),('13fecf7f-939f-4a9b-ab20-98456dcd56dd',226,'Equatorial Guinea','Guinée Équatoriale'),('1517bb9c-6255-4e5d-8590-be3c9ff5b65c',804,'Ukraine','Ukraine'),('153a9be1-fbdf-4f88-b4d9-a5843325c876',584,'Marshall Islands','Îles Marshall'),('1655b4bb-790f-48eb-a0a8-23de46355810',654,'Saint Helena','Sainte-Hélène'),('16c79f30-ed50-4cf7-a409-93d0b75f4b47',332,'Haiti','Haïti'),('16f69616-cc0a-41f5-8b69-880fb129d814',558,'Nicaragua','Nicaragua'),('172a722a-10da-49e6-88c8-c84ba0b2092e',574,'Norfolk Island','Île Norfolk'),('1aaa5406-64d5-454c-90cf-95d0436323f8',752,'Sweden','Suède'),('1b0b5e6e-0e64-42cd-afbf-1ec1d6c29669',292,'Gibraltar','Gibraltar'),('1b685444-0ae4-4acf-8b49-fd2e3cb7f464',64,'Bhutan','Bhoutan'),('1c8c2928-34fa-4a27-baf2-2eac8d28b1e8',158,'Taiwan','Taïwan'),('1d381f66-d8fc-4322-95ff-b4cc6520eb0c',204,'Benin','Bénin'),('1d76b765-3770-4394-b5f7-7290f3c5ab1c',583,'Federated States of Micronesia','États Fédérés de Micronésie'),('1f05a349-177f-4596-b842-0bdc0509710e',581,'United States Minor Outlying Islands','Îles Mineures Éloignées des États-Unis'),('1f27819c-8e85-47f5-8ad1-8c55c5a9c0ca',826,'United Kingdom','Royaume-Uni'),('1fdcf8e0-a1b8-44c6-81b8-5fb741fceb23',516,'Namibia','Namibie'),('1fe68f97-4140-4334-a33b-fe396f9cd524',862,'Venezuela','Venezuela'),('1ff78bb2-f1dd-4891-b3a8-801800903f95',894,'Zambia','Zambie'),('20a61c07-3d99-423c-a04a-5d2b49f6d024',48,'Bahrain','Bahreïn'),('213d1268-3651-48d3-b9ac-f2bdd3177aef',352,'Iceland','Islande'),('21d4ae6c-ada5-4279-b59e-39ad5987eab5',762,'Tajikistan','Tadjikistan'),('25e3c78b-e673-43ab-82e9-90854434191e',275,'Occupied Palestinian Territory','Territoire Palestinien Occupé'),('26680317-68d3-4fce-94f7-8ddf9b0acf7f',528,'Netherlands','country-Bas'),('26aa989d-4671-4191-9abe-eb3dca007172',196,'Cyprus','Chypre'),('26bab041-6567-4b88-bdc1-61b8074fbde8',474,'Martinique','Martinique'),('2722971a-25d7-4894-85f9-93aa1883b076',120,'Cameroon','Cameroun'),('2826f270-0f20-4d50-b944-239cfaf53800',108,'Burundi','Burundi'),('2af3372e-1fb4-4dbb-a6bd-55ec249597ea',760,'Syrian Arab Republic','République Arabe Syrienne'),('2af917aa-8b4b-46d8-93f8-9aaa34716b3c',462,'Maldives','Maldives'),('2c287c6d-956b-481e-a1f8-3e828e526f8b',724,'Spain','Espagne'),('2c838008-9081-4150-b280-5c6d206f7608',716,'Zimbabwe','Zimbabwe'),('2c90f3c8-4eb1-46d3-9a5c-da180d1430a5',4,'Afghanistan','Afghanistan'),('2ce78d86-bb57-4dd9-a159-9583df10447c',784,'United Arab Emirates','Émirats Arabes Unis'),('2daf4de0-77b4-4d7b-a8c3-bc48bde10d35',28,'Antigua and Barbuda','Antigua-et-Barbuda'),('2ee6885e-d5ab-4a60-af36-af8805eaab32',643,'Russian Federation','Fédération de Russie'),('2f050307-8397-4878-bcdf-c349dc463cfc',670,'Saint Vincent and the Grenadines','Saint-Vincent-et-les Grenadines'),('2f18b1dc-00c2-4e23-a73c-48b06e01df4b',646,'Rwanda','Rwanda'),('31c81b02-665f-4eaa-a571-05f4d929a897',372,'Ireland','Irlande'),('323d16ae-6a98-487d-9a0c-8b4e6623c1c1',674,'San Marino','Saint-Marin'),('327460a0-e62a-4d91-a421-b2f83fa33855',76,'Brazil','Brésil'),('333bf5d5-7f55-4279-a88e-8c54ae787b77',504,'Morocco','Maroc'),('33c4487c-928e-4101-80f2-59def08d9589',316,'Guam','Guam'),('3a7bd6f9-855a-4f0d-a2d7-2afd737fba9b',86,'British Indian Ocean Territory','Territoire Britannique de l\'Océan Indien'),('3a84530a-e8d8-48d5-9ab8-660579295d66',458,'Malaysia','Malaisie'),('3d228194-3a87-40ff-aeb1-0fe36c7a09b2',312,'Guadeloupe','Guadeloupe'),('3d2ecc46-c76a-4b11-b35c-e719193a5f36',702,'Singapore','Singapour'),('3e975cef-ecd4-4326-badd-d5668de60957',736,'Sudan','Soudan'),('408b06c6-d2f2-452e-86a1-7acb54bf328f',466,'Mali','Mali'),('4313363b-a86e-4e3f-b4fd-c9efb184dfae',16,'American Samoa','Samoa Américaines'),('447be4ae-9ac4-4b1d-94f0-5eeec4f546d0',876,'Wallis and Futuna','Wallis et Futuna'),('44f76a56-dc51-447a-8dab-3cabc1e3ca9d',90,'Solomon Islands','Îles Salomon'),('45062b2c-407b-43fc-a7a0-e60aba93badf',20,'Andorra','Andorre'),('47248724-a47d-4c1c-8b5e-7ff6da69e62a',422,'Lebanon','Liban'),('4779b9cf-db83-4d19-a016-5e5764015f24',262,'Djibouti','Djibouti'),('47f2b634-9a56-4e43-99b9-30e635bf43d0',288,'Ghana','Ghana'),('487a36a2-203e-410d-b888-5003fe50cbb8',334,'Heard Island and McDonald Islands','Îles Heard et Mcdonald'),('496430dd-69e3-4a3b-9e28-315d792cfeb9',533,'Aruba','Aruba'),('49e874a3-210e-4ffb-a408-4e26d19e75a9',276,'Germany','Allemagne'),('4a6ae68a-c741-4613-9cd1-77417683c555',208,'Denmark','Danemark'),('4c36c5ef-2ebf-4d68-9cc0-33469e465603',12,'Algeria','Algérie'),('4c678b13-f7bf-4bad-8a6c-82bd1ab82738',70,'Bosnia and Herzegovina','Bosnie-Herzégovine'),('4e2907de-0c7e-49f2-8109-284b63a16e37',659,'Saint Kitts and Nevis','Saint-Kitts-et-Nevis'),('4f3a2f45-4858-4156-bdc1-e95a7f2e7a8a',562,'Niger','Niger'),('4f4a4049-789d-498e-bf7c-6ad55081769b',52,'Barbados','Barbade'),('4fdad4fe-f5f5-420f-b5d3-d9bb63f5f6ab',788,'Tunisia','Tunisie'),('50adc72b-27db-4863-8a68-0e2ec8494a9f',796,'Turks and Caicos Islands','Îles Turks et Caïques'),('50ae28f1-42c4-4113-8258-13549f19e0ff',662,'Saint Lucia','Sainte-Lucie'),('50dab7a2-d4da-449b-b651-0a35f15d857e',308,'Grenada','Grenade'),('52955883-7afc-45e5-906a-0581bd27f3b1',440,'Lithuania','Lituanie'),('57dff794-dca5-46d4-b757-de58c6d56d30',634,'Qatar','Qatar'),('59950343-acaa-4bc1-b8d1-e3b5375f68c2',428,'Latvia','Lettonie'),('5da76516-8860-452b-91f6-54270ff5484d',368,'Iraq','Iraq'),('5ebb1601-67ae-4600-bc82-b7dc5b89eb17',324,'Guinea','Guinée'),('615efc71-92c8-4ceb-8214-af148e78ba5a',512,'Oman','Oman'),('6358a5ac-7e40-4281-bb6f-5bf4ca3dcaf7',74,'Bouvet Island','Île Bouvet'),('6381d19b-61eb-4559-b69d-183f182da319',566,'Nigeria','Nigéria'),('6381ed7c-81d3-400c-bf11-6f564f031241',585,'Palau','Palaos'),('67513318-87d8-4b7d-8a9c-3dc5966b47e9',140,'Central African','République Centrafricaine'),('67cd2b12-99ea-4058-8a90-0ad6da8f7d4c',32,'Argentina','Argentine'),('67e90179-575c-4529-bf98-81812010df94',392,'Japan','Japon'),('68b9b1a5-4b52-43d1-9408-aeeb6a77f561',616,'Poland','Pologne'),('69a63146-92fb-4b56-b7ed-61de5432901e',833,'Isle of Man','Île de Man'),('6a68174f-b3a5-4356-8ccb-1268e34ceecc',232,'Eritrea','Érythrée'),('6a87ccf9-bd02-42ef-b202-440480137f61',328,'Guyana','Guyana'),('6aee7bdd-05c3-4385-8ba0-a2172b3218a8',818,'Egypt','Égypte'),('6bcb9513-717c-4aa8-9079-683fb7b03541',417,'Kyrgyzstan','Kirghizistan'),('6e2dcdca-748d-41b8-830f-6ba3c4c48ebe',768,'Togo','Togo'),('70731745-5f9e-4835-8c79-6850f824253e',112,'Belarus','Bélarus'),('71777537-b696-4a57-998f-1d528c2a00ae',8,'Albania','Albanie'),('71a17e06-862f-4f24-891d-fe1c241bed14',800,'Uganda','Ouganda'),('71f80040-6ace-4896-832d-1495a7fac93a',540,'New Caledonia','Nouvelle-Calédonie'),('7271cdc3-6e0d-4124-87f8-2a0d73f9f5c4',666,'Saint-Pierre and Miquelon','Saint-Pierre-et-Miquelon'),('73b3b4b5-5510-441b-a166-f00d42ba4a33',304,'Greenland','Groenland'),('742a9c9f-0628-423f-8a2f-ce7b6c5a9773',524,'Nepal','Népal'),('75a80e1f-7f4a-479b-962c-a85ce06eb938',380,'Italy','Italie'),('7a50bcec-6e83-426f-9301-97663dba66ae',270,'Gambia','Gambie'),('7b640e10-aad4-4a28-a9e4-e4e6f3db6c74',152,'Chile','Chili'),('7bb64d6f-40f6-490a-8c43-fa47ac141790',438,'Liechtenstein','Liechtenstein'),('7eae3e04-7bac-4b6a-be50-b792d6966f53',484,'Mexico','Mexique'),('7f1199aa-1516-421c-8272-f9dffabf0d72',388,'Jamaica','Jamaïque'),('808c750a-7ab7-4e39-8d2e-7216b5dc8d23',694,'Sierra Leone','Sierra Leone'),('818f65d6-24d6-4991-9b35-2c65e1b830a8',410,'Republic of Korea','République de Corée'),('81b80bb8-841e-44c9-80dc-1171af0eebaa',136,'Cayman Islands','Îles Caïmanes'),('8314ed4b-92d2-4f0d-a391-29674a18afd9',446,'Macao','Macao'),('84693aef-78ee-42a8-ba5d-9fad7ce158fa',780,'Trinidad and Tobago','Trinité-et-Tobago'),('84d63ef8-c929-4b49-a56c-4caffb73cb7e',44,'Bahamas','Bahamas'),('84df3ef4-d1fc-4052-ae33-93c21bc3e84c',430,'Liberia','Libéria'),('85067179-98fe-4100-b56f-90645f281560',184,'Cook Islands','Îles Cook'),('872167ac-a93b-4ab4-95a9-ad396038fa15',496,'Mongolia','Mongolie'),('888b9b7e-0c94-49e5-9c04-b82694f0e8c2',678,'Sao Tome and Principe','Sao Tomé-et-Principe'),('8961c80f-9e7a-47dd-8c26-df720e725ae9',174,'Comoros','Comores'),('89811eac-9f69-43ae-b540-e2918a5884da',882,'Samoa','Samoa'),('8a3940d7-257f-4d28-9e88-c22a3f5039f2',268,'Georgia','Géorgie'),('8b8e3d18-2076-49e6-9c60-c72f908cb91d',548,'Vanuatu','Vanuatu'),('8d6b3fdd-2e29-4ef9-8637-186205288274',254,'French Guiana','Guyane Française'),('8e241563-a800-4a3b-bc2b-3c36919df644',578,'Norway','Norvège'),('8ec65736-81f0-47e8-acc5-3540c70beb8f',426,'Lesotho','Lesotho'),('8f2f864a-0fe9-4a4a-bb6e-4ab5cff18e16',340,'Honduras','Honduras'),('8fbc369f-aaf8-475c-964c-6b9eaceb17ff',858,'Uruguay','Uruguay'),('92a30449-36fe-43ab-9a88-e8ea426af58f',414,'Kuwait','Koweït'),('92a7cb27-cf23-41a9-bc51-aa5b4de0eacb',364,'Islamic Republic of Iran','République Islamique d\'Iran'),('939122be-4d1d-478f-a6da-817511c6107c',266,'Gabon','Gabon'),('94f83d46-84fb-4043-84cb-244c8faa9470',132,'Cape Verde','Cap-vert'),('955ffafc-f3e0-4445-8090-999a2874c64f',238,'Falkland Islands','Îles (malvinas) Falkland'),('9588691a-fcfd-4290-b9c7-bffa330dbf76',233,'Estonia','Estonie'),('95a34e3e-de74-4749-9d9e-eada7c480a28',740,'Suriname','Suriname'),('993aaf05-0981-4108-a1b2-28df36043a3f',68,'Bolivia','Bolivie'),('9a5be8c5-080b-4ac0-94e6-da9872df6b47',250,'France','France'),('9ab05b15-5fb7-483e-a76f-a60facedff9b',398,'Kazakhstan','Kazakhstan'),('9c47bee6-4e31-4b75-b7db-2621ee0510ba',498,'Republic of Moldova','République de Moldova'),('9c50d86f-1f7d-425a-8ee9-6df3d93b9a06',454,'Malawi','Malawi'),('9c7519c1-29ec-409d-af50-23a69ca23f0a',887,'Yemen','Yémen'),('9f2c20c3-ac01-4e2a-83b5-ee9a3dc0e5e3',175,'Mayotte','Mayotte'),('a18f943a-ead1-446c-849f-6ef97dcbe634',570,'Niue','Niué'),('a4b52a4b-b240-4ab6-932a-fb0aa5f7dd68',92,'British Virgin Islands','Îles Vierges Britanniques'),('a4b57bf7-072e-41b8-a078-5400478f0708',591,'Panama','Panama'),('a5e84834-20ba-4b9a-a5fb-42ca248d6e41',704,'Vietnam','Viet Nam'),('a610f780-5af8-447c-965a-88d6204034e6',860,'Uzbekistan','Ouzbékistan'),('a7d8cf15-0a55-441a-82ea-069e7a4ac7a0',104,'Myanmar','Myanmar'),('a8dc730f-069d-4731-b66e-1ad7aba36006',170,'Colombia','Colombie'),('a8f2c8db-11c8-4e9f-a6fd-675c297a67ec',682,'Saudi Arabia','Arabie Saoudite'),('a9adee77-365f-47a4-9436-510a06136e4b',530,'Netherlands Antilles','Antilles Néerlandaises'),('aa0010db-1dd1-42ab-b09d-e256f98e5edd',500,'Montserrat','Montserrat'),('acc41565-450c-4664-9643-719391be8cac',434,'Libyan Arab Jamahiriya','Jamahiriya Arabe Libyenne'),('ad09486d-697d-4e81-b479-2d0463301ecc',300,'Greece','Grèce'),('adce1ea6-910f-4f56-994b-d4842290a9d0',31,'Azerbaijan','Azerbaïdjan'),('ae5fd469-6ea8-4e37-850b-06fe8d6c4028',178,'Republic of the Congo','République du Congo'),('b0079dd8-bd73-442a-bbe6-1969431bf8b4',598,'Papua New Guinea','Papouasie-Nouvelle-Guinée'),('b0385034-e408-4cad-90aa-5b8e74cf0050',620,'Portugal','Portugal'),('b6431c90-44d1-4203-87b2-bfde91788569',203,'Czech Republic','République Tchèque'),('b69fc6eb-25e8-42f2-b718-92f0effdb09c',642,'Romania','Roumanie'),('b8c547c8-193f-4fba-8799-238809b0abb7',242,'Fiji','Fidji'),('b9ab0fe0-7c32-4c70-8fc2-a4c0ab7fc8b3',360,'Indonesia','Indonésie'),('bac5c332-3e18-4714-b4ad-a4e54ce5ae18',166,'Cocos (Keeling) Islands','Îles Cocos (Keeling)'),('bbd6e104-27a0-44a6-8139-ecf259e84cee',850,'U.S. Virgin Islands','Îles Vierges des États-Unis'),('bd8e14d7-3b2a-4bd1-8b65-574314469aaa',156,'China','Chine'),('bf8bfe0c-f4fc-4e99-8f6e-b5497333839c',478,'Mauritania','Mauritanie'),('c11ee3bd-792e-40cc-ad5e-1c5bb78ccf01',732,'Western Sahara','Sahara Occidental'),('c1fb84e8-fb7d-40b1-bd65-c9279559761a',296,'Kiribati','Kiribati'),('c22d25e0-b898-4175-bdd7-3ab62187fb44',404,'Kenya','Kenya'),('c48df392-7efd-435c-a284-5ff1eb793102',51,'Armenia','Arménie'),('c48f1359-2d45-4ae9-9326-27e4dac64b08',580,'Northern Mariana Islands','Îles Mariannes du Nord'),('c653cac3-85fb-4a10-b0a3-aec6f2d4fa9b',450,'Madagascar','Madagascar'),('c6ae56ea-c67e-4778-bc2d-b77e8af60342',442,'Luxembourg','Luxembourg'),('c6d53bc9-efd5-4d8a-a291-55c2a91faa96',222,'El Salvador','El Salvador'),('c6df29cf-9420-48af-a4d1-fe128ef873f8',356,'India','Inde'),('c8039893-4636-4b76-9dcc-2ca8e5218d5c',234,'Faroe Islands','Îles Féroé'),('c82af63e-362a-4ccd-a492-3592b9bf20d1',348,'Hungary','Hongrie'),('c85352b2-085d-4665-9f7c-5659674d5454',40,'Austria','Autriche'),('c87d16d4-a3fa-4854-8276-49d12ca740a8',188,'Costa Rica','Costa Rica'),('c9dc0d39-43d3-4b38-b386-6f3183a60440',258,'French Polynesia','Polynésie Française'),('c9ef746d-32bf-4284-94ad-e2788d86f523',776,'Tonga','Tonga'),('ca05a0b9-35e6-4141-90b3-6404ae211972',624,'Guinea-Bissau','Guinée-Bissau'),('ca85360f-8a4e-4c9e-8c71-886d3ffe5d1b',10,'Antarctica','Antarctique'),('cafe3ac2-5145-48cd-8cfa-60446eac73de',690,'Seychelles','Seychelles'),('cb108c71-39b7-47d4-82c5-5ca7868a8b81',840,'United States','États-Unis'),('cb8d9fab-58b7-4d14-992a-19086e93956c',608,'Philippines','Philippines'),('cc9ac3f1-6f81-42b1-bb71-7711739a07d8',520,'Nauru','Nauru'),('ccf2d499-a5ea-45b1-a5a4-dbde2d49134e',260,'French Southern Territories','Terres Australes Françaises'),('cd436150-15ff-47e4-8cf1-b7d94ff23d48',400,'Jordan','Jordanie'),('ce98d857-519a-45a6-b538-b06cf30614b1',744,'Svalbard and Jan Mayen','Svalbard etÎle Jan Mayen'),('d36ad7a5-31e0-4f88-b85b-c2122b6fe7df',710,'South Africa','Afrique du Sud'),('d40b8c36-9fc3-435b-877d-9f8e837f0feb',705,'Slovenia','Slovénie'),('d55d91dc-be7c-4e5c-92d7-6f2fb64a288d',56,'Belgium','Belgique'),('d7b069b4-1fee-4b4c-8ecc-dca26704a891',772,'Tokelau','Tokelau'),('d7c6c8bb-abc5-4825-93ac-a7fb89ff318e',638,'Réunion','Réunion'),('d959fc3d-71eb-4557-a3da-b94ced008b7b',84,'Belize','Belize'),('d96ec0f2-f88a-40d9-b50f-7b6065ccd86b',854,'Burkina Faso','Burkina Faso'),('d9866c64-9a15-4af9-b170-7af85af27803',408,'Democratic People\'s Republic of Korea','République Populaire Démocratique de Corée'),('dbb07160-861b-434d-bcda-de3851556a38',50,'Bangladesh','Bangladesh'),('dbe330b6-5cde-4830-8c30-dc00eccd1a5f',180,'The Democratic Republic Of The Congo','République Démocratique du Congo'),('dc0c70d6-6d84-4b56-9a64-552cc21cbd64',480,'Mauritius','Maurice'),('defa570e-d974-4bc7-998b-3da7c24ef8a3',116,'Cambodia','Cambodge'),('dfac333b-fd0a-4455-bd3c-2064c261947d',612,'Pitcairn','Pitcairn'),('e1bc4216-e3d6-4def-b381-f513a0ba4b64',604,'Peru','Pérou'),('e1c264a2-fe0a-456a-a577-5d406d536f90',706,'Somalia','Somalie'),('e20c4c28-b219-43f6-ae21-df3f42f5a5a3',248,'Åland Islands','Îles Åland'),('e238dbfa-a484-428a-a329-0216be8aa454',418,'Lao People\'s Democratic Republic','République Démocratique Populaire Lao'),('e34fe31f-1a32-4678-86ac-770cb0ce83cd',470,'Malta','Malte'),('e38d917b-01be-4def-8cee-010e5b8aae4d',798,'Tuvalu','Tuvalu'),('e6fb0216-1cef-4025-b660-a525eaba14f5',96,'Brunei Darussalam','Brunéi Darussalam'),('e751c871-1ca1-4592-be57-292c1a075841',344,'Hong Kong','Hong-Kong'),('e836a8e3-46e3-4e22-80c6-3cb34dbd0d0b',320,'Guatemala','Guatemala'),('e8a94d3a-db30-4d45-ba00-0515a524fb0d',807,'The Former Yugoslav Republic of Macedonia','L\'ex-République Yougoslave de Macédoine'),('ea0e9437-a94f-4517-b4ce-00cda4d34a42',239,'South Georgia and the South Sandwich Islands','Géorgie du Sud et les Îles Sandwich du Sud'),('eb0932d5-c0a0-4060-bbe1-2b9146b45faf',660,'Anguilla','Anguilla'),('ec317737-e0ab-445f-b03c-d6d62970e4b9',703,'Slovakia','Slovaquie'),('ecded130-80e6-442e-bfb8-60b64406e3e2',686,'Senegal','Sénégal'),('ed2c6fa7-b014-4da9-9451-3e9e3253339c',554,'New Zealand','Nouvelle-Zélande'),('ef454785-a7a6-422c-91a8-fe228fe915bf',764,'Thailand','Thaïlande'),('f1180efe-a32b-4a0a-bfb5-f169e5128208',834,'United Republic Of Tanzania','République-Unie de Tanzanie'),('f16822a5-edfe-4290-bf44-d2280e40c54c',792,'Turkey','Turquie'),('f2ef00e1-5c79-42be-a925-654b891fbdf3',124,'Canada','Canada'),('f3e37592-3082-48ef-b271-4e6925f32f38',630,'Puerto Rico','Porto Rico'),('f49db537-33d8-4f22-ae5b-e842db478665',384,'Côte d\'Ivoire','Côte d\'Ivoire'),('f5c2fa99-8720-4d99-be71-5a0feb8311b9',600,'Paraguay','Paraguay'),('f6fc2934-9b0d-4506-afbd-8d29eeb58b39',192,'Cuba','Cuba'),('f8bfd7db-0b45-4189-beb1-98880277af0f',626,'Timor-Leste','Timor-Leste'),('f906468a-dbf5-4d9f-8873-b37e5838b33c',36,'Australia','Australie'),('fad6d1a4-a7d1-4d30-ab89-8216957ea00e',144,'Sri Lanka','Sri Lanka'),('fb9026ed-8c1c-4652-ae2e-284d91d54980',376,'Israel','Israël'),('fb93c48c-6966-45fc-832d-4f831295dcb5',508,'Mozambique','Mozambique');
INSERT INTO province VALUES ('08d9469a-e29e-4af6-9493-842021c593a7','Kinshasa','dbe330b6-5cde-4830-8c30-dc00eccd1a5f'),('47927e29-2da0-4566-b6e5-a74a9670c4c5','Bandundu','dbe330b6-5cde-4830-8c30-dc00eccd1a5f'),('4abb1125-06fc-4214-b4b4-2eab12282a14','Nord Kivu','dbe330b6-5cde-4830-8c30-dc00eccd1a5f'),('5891deb5-e725-48b2-a720-cbfcb95da36b','Kasai Oriental','dbe330b6-5cde-4830-8c30-dc00eccd1a5f'),('5cf83463-2718-4a65-abdd-f9ad2fe4e195','Kasai Occidental','dbe330b6-5cde-4830-8c30-dc00eccd1a5f'),('63666f8a-08ca-4123-80a9-ba3d334d8529','Sud Kivu','dbe330b6-5cde-4830-8c30-dc00eccd1a5f'),('78aab064-6e10-4d88-b223-472bfe2eddc4','Province Oriental','dbe330b6-5cde-4830-8c30-dc00eccd1a5f'),('8593d394-5603-4a7e-9774-2ead4b6c3ddd','Maniema','dbe330b6-5cde-4830-8c30-dc00eccd1a5f'),('aedbaf79-a0a2-4e76-bdc7-451c4191b876','Equateur','dbe330b6-5cde-4830-8c30-dc00eccd1a5f'),('c659e154-51f5-46c6-8891-ebefb9d3ac5f','Katanga','dbe330b6-5cde-4830-8c30-dc00eccd1a5f'),('f6fc7469-7e58-45cb-b87c-f08af93edade','Bas Congo','dbe330b6-5cde-4830-8c30-dc00eccd1a5f');
INSERT INTO sector VALUES ('00161162-76b3-404d-8988-a65296c6ab89','Kamiji','f6fc7469-7e58-45cb-b87c-f08af93edade'),('0043f393-cc5f-461e-b6b6-265b321b6cb1','Nyunzu','f6fc7469-7e58-45cb-b87c-f08af93edade'),('00712a73-694f-463e-b111-995871395bc1','Lukonga','f6fc7469-7e58-45cb-b87c-f08af93edade'),('02ef7587-5daf-4681-845b-91df342f2b3e','Lubero','f6fc7469-7e58-45cb-b87c-f08af93edade'),('0404e9ea-ebd6-4f20-b1f8-6dc9f9313450','Tshikapa','f6fc7469-7e58-45cb-b87c-f08af93edade'),('046303c6-64b2-4e80-9604-0cd0cb662a32','Seke-Banza','f6fc7469-7e58-45cb-b87c-f08af93edade'),('06122185-4090-483b-b5fe-ea49066fd9a2','Rungu','f6fc7469-7e58-45cb-b87c-f08af93edade'),('08515b5c-b75b-4fd9-9351-253530b8a89a','Kanshi','f6fc7469-7e58-45cb-b87c-f08af93edade'),('0a74dabe-4b6e-433a-b823-6f28450d8b97','Ingende','f6fc7469-7e58-45cb-b87c-f08af93edade'),('0c4c8408-5d19-45d3-9d92-2fca121883fc','Bikoro','f6fc7469-7e58-45cb-b87c-f08af93edade'),('0f5bc1cc-43ee-4ed3-a619-27959e693c36','Dekese','f6fc7469-7e58-45cb-b87c-f08af93edade'),('0fc58c0a-fb13-4041-84cf-fb7ba9c2a9af','Katanda','f6fc7469-7e58-45cb-b87c-f08af93edade'),('0fdbe200-1f0f-4e36-9dae-399b802a7676','Lukemi','f6fc7469-7e58-45cb-b87c-f08af93edade'),('10433633-77b5-4793-a5f8-c08123babe2f','Ango','f6fc7469-7e58-45cb-b87c-f08af93edade'),('129b3cfc-dd5d-40d7-9e17-e15f3ebc44c2','Mushie','f6fc7469-7e58-45cb-b87c-f08af93edade'),('1411eadd-7141-4d33-a8a2-828a857975b8','Kasongo','f6fc7469-7e58-45cb-b87c-f08af93edade'),('15b4c660-ee2c-460e-ac76-4e18dce1cf11','Ilebo','f6fc7469-7e58-45cb-b87c-f08af93edade'),('163d97fd-ad7d-4ee5-8c09-6a797f418ef5','Mwene-Ditu','f6fc7469-7e58-45cb-b87c-f08af93edade'),('1660f5b7-7de1-42d9-b9ff-b04383776fa6','Yahuma','f6fc7469-7e58-45cb-b87c-f08af93edade'),('16e6bb51-fcb8-4664-96de-bcc3473d1951','Mobayi-Mbongo','f6fc7469-7e58-45cb-b87c-f08af93edade'),('18333c2c-f7f1-45a4-ae28-0e863e010ff0','Monkoto','f6fc7469-7e58-45cb-b87c-f08af93edade'),('18abe019-f0b4-4baa-a90d-2ca2155bcdd3','Lemba','f6fc7469-7e58-45cb-b87c-f08af93edade'),('18d9e23c-c724-4cd4-8d21-bc599aba6cf9','Irumu','f6fc7469-7e58-45cb-b87c-f08af93edade'),('1af03ec7-2b26-4683-a2bf-37bb407f78d2','Kaniama','f6fc7469-7e58-45cb-b87c-f08af93edade'),('1b689279-3387-4403-885c-0d1f87fc8ffa','Mahagi','f6fc7469-7e58-45cb-b87c-f08af93edade'),('1ee1b4ab-0adf-48e5-98c7-b006d2e9e0e9','Ngaba','f6fc7469-7e58-45cb-b87c-f08af93edade'),('1fdd8974-140a-4da2-a912-43bcc923d3db','Aketi','f6fc7469-7e58-45cb-b87c-f08af93edade'),('21c9c8f3-8487-4c9e-8adb-cd1d2527c73e','Ngandajika','f6fc7469-7e58-45cb-b87c-f08af93edade'),('23da4785-acac-4f82-a5b1-c95f6c170fbb','Nzadi','f6fc7469-7e58-45cb-b87c-f08af93edade'),('23f5bd5b-79d2-4d08-ad3e-39bfbe544a66','Kisangani','f6fc7469-7e58-45cb-b87c-f08af93edade'),('242e0a53-dbb6-4ffc-821f-1bf3622ea2a2','Kasongo Lunda','f6fc7469-7e58-45cb-b87c-f08af93edade'),('26127b70-9730-4c24-8a99-56eec91258ce','Maluku','f6fc7469-7e58-45cb-b87c-f08af93edade'),('26575a6d-965a-44c8-90f4-855a626c6549','Zongo','f6fc7469-7e58-45cb-b87c-f08af93edade'),('28117ca2-a30b-4d70-8fa6-f6ac17ba90c1','Mont-Ngafula','f6fc7469-7e58-45cb-b87c-f08af93edade'),('28a41072-0613-4f31-a55c-6abc3210cdc0','Bongandanga','f6fc7469-7e58-45cb-b87c-f08af93edade'),('28e3b62a-5fe5-4dd7-a147-7e9c712f1a6c','Boende','f6fc7469-7e58-45cb-b87c-f08af93edade'),('297686fb-c81e-4d39-9309-06974a821e5d','Matadi','f6fc7469-7e58-45cb-b87c-f08af93edade'),('2a0d4b64-f26e-4c5f-864f-9efec0fe1722','Djugu','f6fc7469-7e58-45cb-b87c-f08af93edade'),('2a40b008-2bcd-4bf6-af9a-fc0d86ecd121','Muya','f6fc7469-7e58-45cb-b87c-f08af93edade'),('2b8caccb-fe82-458a-8372-79eb2e658238','Walungu','f6fc7469-7e58-45cb-b87c-f08af93edade'),('2bdcbad7-6a58-4a7b-8cee-65709d301a97','Lukolela','f6fc7469-7e58-45cb-b87c-f08af93edade'),('2c8c86da-463d-450d-9545-1b4036fe8230','Dilolo','f6fc7469-7e58-45cb-b87c-f08af93edade'),('2d62908e-7df4-450e-ac44-5552c317b389','Sandoa','f6fc7469-7e58-45cb-b87c-f08af93edade'),('33ee6500-8d01-4216-8d96-90814e1ea929','Dibindi','f6fc7469-7e58-45cb-b87c-f08af93edade'),('34621292-a72b-40ee-a9ae-c9e84103ebb9','Pweto','f6fc7469-7e58-45cb-b87c-f08af93edade'),('35920a53-42b8-4a4d-92f7-9bb6955f6272','Kalemie','f6fc7469-7e58-45cb-b87c-f08af93edade'),('36b1b4b2-5115-4aeb-8f9d-2476d203e7bb','Kasa-Vubu','f6fc7469-7e58-45cb-b87c-f08af93edade'),('37923dae-6efd-4b0d-9c89-61f5841f3a0f','Bomongo','f6fc7469-7e58-45cb-b87c-f08af93edade'),('37e69026-9e4c-4ddb-9d61-a3e966fca7b7','Moba','f6fc7469-7e58-45cb-b87c-f08af93edade'),('3a68a0a2-4744-47d5-bb81-613209ec9c17','Masisi','f6fc7469-7e58-45cb-b87c-f08af93edade'),('3aa6a5c9-2239-4555-a131-3f1d726ddef3','Madimba','f6fc7469-7e58-45cb-b87c-f08af93edade'),('3c385f85-a734-4ec3-bb5a-4490bdb93130','Masi-Manimba','f6fc7469-7e58-45cb-b87c-f08af93edade'),('3c8005f6-2e45-4414-be91-a85c83f1a5e4','Bagata','f6fc7469-7e58-45cb-b87c-f08af93edade'),('3dc6f4d5-7a0c-4a61-bdc3-31fd99921674','Likasi','f6fc7469-7e58-45cb-b87c-f08af93edade'),('3f5f74d9-9c20-4426-9fab-911f2b0d25bd','Bambesa','f6fc7469-7e58-45cb-b87c-f08af93edade'),('3fa742ce-e47d-41f0-8f23-4c0c733d831e','Songololo','f6fc7469-7e58-45cb-b87c-f08af93edade'),('43b9e360-3760-49b8-899b-7a85b54e792c','Disasi','f6fc7469-7e58-45cb-b87c-f08af93edade'),('449f5802-f33c-4455-b90a-aedb993e3c63','Katoka','f6fc7469-7e58-45cb-b87c-f08af93edade'),('45e59132-dcd6-4966-9ebe-099c80d5022d','Kiri','f6fc7469-7e58-45cb-b87c-f08af93edade'),('45f509a7-789d-43f2-b629-fc538862d12b','Lomela','f6fc7469-7e58-45cb-b87c-f08af93edade'),('48f66fc1-909d-49a7-be89-733791568be4','Kabalo','f6fc7469-7e58-45cb-b87c-f08af93edade'),('4a6c03d9-389e-4e58-84f5-dce7b6d4ff30','Yakoma','f6fc7469-7e58-45cb-b87c-f08af93edade'),('4d745d18-4211-45f3-b559-704c0b36fa27','Businga','f6fc7469-7e58-45cb-b87c-f08af93edade'),('50553c00-f754-4d97-ae03-8a8e91f537df','Kahemba','f6fc7469-7e58-45cb-b87c-f08af93edade'),('5557cf30-1546-496e-9433-5f7d106d31dc','Matete','f6fc7469-7e58-45cb-b87c-f08af93edade'),('571f50ad-76c5-413f-b2bb-04d2c30bc020','Lupatapata','f6fc7469-7e58-45cb-b87c-f08af93edade'),('576341c1-c9a2-4f98-9406-67bc2c9f3903','Demba','f6fc7469-7e58-45cb-b87c-f08af93edade'),('5aecf8b7-d37e-4c42-83c4-0a77ae43f751','Tshilenge','f6fc7469-7e58-45cb-b87c-f08af93edade'),('5d7ccadc-ddf6-41eb-93f7-a505e3280558','Nganza','f6fc7469-7e58-45cb-b87c-f08af93edade'),('5f9a403b-8a51-44fa-b71a-84f716ed1a09','Kindu.Kailo','f6fc7469-7e58-45cb-b87c-f08af93edade'),('5fc11422-272b-4a76-abff-b67428b9efc0','Dimbelenge','f6fc7469-7e58-45cb-b87c-f08af93edade'),('613de3d0-cd59-454a-8dbc-6ca28435b237','Mankanza','f6fc7469-7e58-45cb-b87c-f08af93edade'),('61414179-25e1-494a-895b-90d44138491c','Dibaya','f6fc7469-7e58-45cb-b87c-f08af93edade'),('614b693e-722f-46a7-8df2-d6a945058fc9','Libenge','f6fc7469-7e58-45cb-b87c-f08af93edade'),('61b9f9ed-8c6c-4c29-90a5-ff1873c52ae8','Niangara','f6fc7469-7e58-45cb-b87c-f08af93edade'),('63e7114d-ad97-42ce-becc-d6470df4c65f','Poko','f6fc7469-7e58-45cb-b87c-f08af93edade'),('666cb4cf-dea7-441f-a171-0ed278e5b5f7','Lubudi','f6fc7469-7e58-45cb-b87c-f08af93edade'),('66f4ea8a-4fc0-4b96-b38e-da14cec82888','Budjala','f6fc7469-7e58-45cb-b87c-f08af93edade'),('66f6a8be-55f6-48e1-93ce-3f04e7a168e5','Kipushi','f6fc7469-7e58-45cb-b87c-f08af93edade'),('673b2ac0-e37b-4c0d-b7d9-67bf437899a6','Lusambo','f6fc7469-7e58-45cb-b87c-f08af93edade'),('6912ae18-c57f-444b-a3f1-47cf539d2b16','KAZUMBA','5cf83463-2718-4a65-abdd-f9ad2fe4e195'),('69b61f9d-a133-4b41-931c-a0ffb41eacf9','Kisenso','f6fc7469-7e58-45cb-b87c-f08af93edade'),('6a3273a7-2a28-4ea7-97c2-379b64dd453c','Ubundu','f6fc7469-7e58-45cb-b87c-f08af93edade'),('6ae5212b-7264-45ed-98e4-924da5e13e2c','Wangata','f6fc7469-7e58-45cb-b87c-f08af93edade'),('6e1182b4-e6db-41ca-a171-4b7082e73f91','Kabare','f6fc7469-7e58-45cb-b87c-f08af93edade'),('7011a027-78f3-41e0-9d81-8889974d9981','Luozi','f6fc7469-7e58-45cb-b87c-f08af93edade'),('709d8171-e321-4030-9b96-cc2854734b21','Gemena','f6fc7469-7e58-45cb-b87c-f08af93edade'),('70bcfa7d-192b-478b-abff-cc72b76c9771','Popokabaka','f6fc7469-7e58-45cb-b87c-f08af93edade'),('721d1770-a459-41cf-bb47-96c28f855fd1','Lingwala','f6fc7469-7e58-45cb-b87c-f08af93edade'),('739712ca-18aa-41ac-80b0-eefae0538e9d','Bukavu','f6fc7469-7e58-45cb-b87c-f08af93edade'),('74359b01-4dde-41a6-a1b1-dd0976bd135c','Bipemba','f6fc7469-7e58-45cb-b87c-f08af93edade'),('75f6181f-a221-4db5-bb44-f4a546813a9a','Kabongo','f6fc7469-7e58-45cb-b87c-f08af93edade'),('7657209c-fb01-4e1a-b353-9ae6451b6217','Isangi-Yanonge','f6fc7469-7e58-45cb-b87c-f08af93edade'),('7792b6e5-8489-4df2-9c6a-01645e8500ed','Pangi','f6fc7469-7e58-45cb-b87c-f08af93edade'),('779a7701-2e5d-4ffb-94a1-04dbc92e598f','Makala','f6fc7469-7e58-45cb-b87c-f08af93edade'),('77fbf335-901d-4ed9-ac61-3babea00c053','Oshwe','f6fc7469-7e58-45cb-b87c-f08af93edade'),('78d8a71f-bbc4-4582-b01d-a86eaa886af5','Kasangulu','f6fc7469-7e58-45cb-b87c-f08af93edade'),('7b1edc56-2b89-4e74-876e-45d03c824b90','Lodja','f6fc7469-7e58-45cb-b87c-f08af93edade'),('7b43db48-6f46-4132-ae8c-ccbaf3d515d8','Kamboye','f6fc7469-7e58-45cb-b87c-f08af93edade'),('7d2740c1-aac9-40dc-8469-b1f74916afee','LUKONGA','5cf83463-2718-4a65-abdd-f9ad2fe4e195'),('7e340b5d-7805-4ed5-975a-af3146c89f79','Lukula','f6fc7469-7e58-45cb-b87c-f08af93edade'),('809277d2-907d-42e6-97d9-bbc65296db2b','Bolobo','f6fc7469-7e58-45cb-b87c-f08af93edade'),('81d6c5cd-0790-4f23-95ae-d788a40a1751','Kazamba','f6fc7469-7e58-45cb-b87c-f08af93edade'),('847eb823-8304-4b75-a2eb-5398580aea13','Limete','f6fc7469-7e58-45cb-b87c-f08af93edade'),('87055ace-2f6f-4a8f-9c07-1743079f01e9','Dibaya','5cf83463-2718-4a65-abdd-f9ad2fe4e195'),('884dc747-3d22-4532-a791-4bbfe6dc6264','Mwenga','f6fc7469-7e58-45cb-b87c-f08af93edade'),('88d42b25-fa0c-4b3d-b9e5-3695a4e2b578','Mambasa','f6fc7469-7e58-45cb-b87c-f08af93edade'),('8a3dfa11-ffa5-47df-96c6-3a146c66810d','Djolu','f6fc7469-7e58-45cb-b87c-f08af93edade'),('8a75a37f-9015-4be8-ac86-48876491e556','Kutu','f6fc7469-7e58-45cb-b87c-f08af93edade'),('8c4df7cc-69a3-4406-a9d6-9a9d6909cdcf','Miabi','f6fc7469-7e58-45cb-b87c-f08af93edade'),('8df99c2b-7071-4619-9f79-80996c972f30','Diulu','f6fc7469-7e58-45cb-b87c-f08af93edade'),('8e2a40f8-842a-4e28-be7c-d51c38c638ab','Manono','f6fc7469-7e58-45cb-b87c-f08af93edade'),('9085be70-c133-4357-881c-310a1dfd8e20','Kitambo','f6fc7469-7e58-45cb-b87c-f08af93edade'),('92a450df-89d7-42b8-9206-70eb43c3cfed','Kamina','f6fc7469-7e58-45cb-b87c-f08af93edade'),('92b527f0-5138-4879-9449-b92101563ec1','Kinshasa','f6fc7469-7e58-45cb-b87c-f08af93edade'),('937f6daf-3f04-44ee-a95a-2809e67286f5','Lubefu','f6fc7469-7e58-45cb-b87c-f08af93edade'),('942b5043-b5ed-42b4-ad08-3956d007438f','Gombe','f6fc7469-7e58-45cb-b87c-f08af93edade'),('958e84c3-47b4-4b74-a83e-c0d36756f877','Bandalungwa','f6fc7469-7e58-45cb-b87c-f08af93edade'),('969d5e21-4355-4d35-b0e0-6c50180cfd43','Bondo','f6fc7469-7e58-45cb-b87c-f08af93edade'),('96f1ac9f-619e-43eb-a460-63dcf249ee71','Mitwaba','f6fc7469-7e58-45cb-b87c-f08af93edade'),('98c2a269-565d-4d4f-830d-7068ce954ada','Bukama','f6fc7469-7e58-45cb-b87c-f08af93edade'),('99666af5-bea4-447b-b520-eb8b2207b9bd','Lisala','f6fc7469-7e58-45cb-b87c-f08af93edade'),('9ab1a069-be59-419a-842c-2a3ad8c71e0d','Kazumba','f6fc7469-7e58-45cb-b87c-f08af93edade'),('9b2d2af3-29ad-4d63-bcbc-644cd792a849','Walikale','f6fc7469-7e58-45cb-b87c-f08af93edade'),('9c62cb16-a676-4e22-a7a0-44fcfede1f61','Uvira','f6fc7469-7e58-45cb-b87c-f08af93edade'),('9cf5a7f2-4199-4a87-905b-709c7a0df73f','Luebo','f6fc7469-7e58-45cb-b87c-f08af93edade'),('9f1d4551-2cc8-4093-a7db-c6f8466c5781','Libao','f6fc7469-7e58-45cb-b87c-f08af93edade'),('9fff0dda-7823-410b-9a6e-301de4abe5ca','Mbadaka','f6fc7469-7e58-45cb-b87c-f08af93edade'),('a12a6bb9-ea8b-4f04-89c2-2b935916272a','Tshela','f6fc7469-7e58-45cb-b87c-f08af93edade'),('a2911772-aa8a-4193-943e-f7e35b296935','Bumbu','f6fc7469-7e58-45cb-b87c-f08af93edade'),('a3005df8-eb72-4b7c-b6e8-e9ef13aac73b','Aru','f6fc7469-7e58-45cb-b87c-f08af93edade'),('a4c99d8f-8735-4430-b74f-0f1bfc4f6488','Dungu','f6fc7469-7e58-45cb-b87c-f08af93edade'),('a5387cd3-8ed2-4bbb-a675-db71681bf38a','Watsa','f6fc7469-7e58-45cb-b87c-f08af93edade'),('a5f957b8-b3f2-415d-b999-f8c0f288ce0b','Bagira','f6fc7469-7e58-45cb-b87c-f08af93edade'),('a65247ea-4dfe-4bdc-8e52-a0400d908b65','Sakania','f6fc7469-7e58-45cb-b87c-f08af93edade'),('a9cdd178-0a20-42cd-b271-e65d21f7b926','Kongolo','f6fc7469-7e58-45cb-b87c-f08af93edade'),('aa447d25-0e37-44a9-90d1-55f5f305e661','Mbanza-Ngungu','f6fc7469-7e58-45cb-b87c-f08af93edade'),('aa879d9c-f878-49d8-a32b-a09fdfc1760d','Kabambare','f6fc7469-7e58-45cb-b87c-f08af93edade'),('ab508f7c-7f3f-4b92-9923-b7ed443ec2f5','Banalia','f6fc7469-7e58-45cb-b87c-f08af93edade'),('ac313d70-1ae1-4c7d-ba97-b50770d7b7a3','Kalamu','f6fc7469-7e58-45cb-b87c-f08af93edade'),('afdf9174-e455-4f80-947b-a3b57a7a7d91','Basoko','f6fc7469-7e58-45cb-b87c-f08af93edade'),('b0d0cdd8-9ef7-4aff-b241-0efb040c59f2','Feshi','f6fc7469-7e58-45cb-b87c-f08af93edade'),('b28cfc07-f565-4537-9f74-7b82343722a4','Kwamouth','f6fc7469-7e58-45cb-b87c-f08af93edade'),('b2e279ac-a673-450d-b261-edff5f5bbc8b','Kabeya-Kamwanga','f6fc7469-7e58-45cb-b87c-f08af93edade'),('b58e49c6-e55f-4087-9e70-c39b4c63a5cb','Kole','f6fc7469-7e58-45cb-b87c-f08af93edade'),('b61e94b8-0574-43ab-be68-d33e8acb5852','Idjwi','f6fc7469-7e58-45cb-b87c-f08af93edade'),('b8884f4d-94bf-4af2-9464-f41fba6d1914','Mutshatsha','f6fc7469-7e58-45cb-b87c-f08af93edade'),('b9195720-9e74-45d4-b756-f6b32257a95d','Boso-Bolo','f6fc7469-7e58-45cb-b87c-f08af93edade'),('b942e785-cbfd-4133-8de0-9a0dbafe2406','Masina','f6fc7469-7e58-45cb-b87c-f08af93edade'),('b96b35b0-729b-4a3a-8406-cfd699445d4e','Fizi','f6fc7469-7e58-45cb-b87c-f08af93edade'),('bb0adda2-556a-4bb8-9fda-a85de7db8624','Kasenga','f6fc7469-7e58-45cb-b87c-f08af93edade'),('bb6fdcf1-c886-4262-b5de-e000ab09212d','Mvuzi','f6fc7469-7e58-45cb-b87c-f08af93edade'),('bcf866bc-adbd-4fdb-841c-e01c4526f1c0','Ikela','f6fc7469-7e58-45cb-b87c-f08af93edade'),('c04a403e-cca4-48c6-9cd4-38f188528199','Nzinda','f6fc7469-7e58-45cb-b87c-f08af93edade'),('c1548205-3004-4095-a94e-f9e7779ee1f6','Gbadolite','f6fc7469-7e58-45cb-b87c-f08af93edade'),('c209dd6a-31d0-47be-8fed-28450176e91e','Mweka','f6fc7469-7e58-45cb-b87c-f08af93edade'),('c23b1c57-4664-4f07-a8be-205fc02b2f19','Nsele','f6fc7469-7e58-45cb-b87c-f08af93edade'),('c2d209d6-2491-465c-a486-bb5099815629','Kimvula','f6fc7469-7e58-45cb-b87c-f08af93edade'),('c2eab5cb-bcf3-4c9c-a8ad-20edf6f9e254','Kindu','f6fc7469-7e58-45cb-b87c-f08af93edade'),('c30c0542-bf5e-4d13-b749-c2768597552d','Yumbi','f6fc7469-7e58-45cb-b87c-f08af93edade'),('c352def1-2a7e-4a2c-b51a-010668be53e6','Goma','f6fc7469-7e58-45cb-b87c-f08af93edade'),('c3fcf969-e86b-4cc4-b57d-a37294bd9a26','Rutshuru','f6fc7469-7e58-45cb-b87c-f08af93edade'),('c43d8e55-7a42-4fee-9378-a830c0f42b43','Ndesha','f6fc7469-7e58-45cb-b87c-f08af93edade'),('c5eda8b8-f7ff-487d-ae93-b6437e85a40f','Basankusu','f6fc7469-7e58-45cb-b87c-f08af93edade'),('c615b887-146f-4914-8235-cb9bdf3ae7e3','Musadi','f6fc7469-7e58-45cb-b87c-f08af93edade'),('c77d9a87-ea70-45d1-9077-4308ba1b0c85','Punia','f6fc7469-7e58-45cb-b87c-f08af93edade'),('c77fc24f-b801-4776-88e1-3fe72b6be356','Idiofa','f6fc7469-7e58-45cb-b87c-f08af93edade'),('c80afc8b-3355-4607-8efd-daceeac312fd','Gungu','f6fc7469-7e58-45cb-b87c-f08af93edade'),('c84c818a-cbb9-4bb5-b096-c5ec490bf476','Barumbu','f6fc7469-7e58-45cb-b87c-f08af93edade'),('c8cdc166-3800-4b3a-9094-362c76ec6565','Ndjili','f6fc7469-7e58-45cb-b87c-f08af93edade'),('c95a7655-f4fb-4350-9dae-aed223ec2f82','Katako-Kombe','f6fc7469-7e58-45cb-b87c-f08af93edade'),('ca0bfc4a-8978-4a83-8e6b-bcc6098f4673','Kalehe','f6fc7469-7e58-45cb-b87c-f08af93edade'),('cc1f6302-8c1f-4766-80ee-87bf872bbd45','Bokungu','f6fc7469-7e58-45cb-b87c-f08af93edade'),('ce0c76bf-5437-4c91-b4c2-4e1d434a31ce','Mayoyo','f6fc7469-7e58-45cb-b87c-f08af93edade'),('ce567d8c-ecab-4366-b537-af3371dfaf3a','Bafwasende','f6fc7469-7e58-45cb-b87c-f08af93edade'),('cf1d4fe6-1553-4732-b0ec-e4d7cf1c8edf','Selembao','f6fc7469-7e58-45cb-b87c-f08af93edade'),('d097365d-16a2-4825-a97f-313a65ecf4b8','Inongo','f6fc7469-7e58-45cb-b87c-f08af93edade'),('d33f546b-b1e6-4b56-99b9-512fa71f9db8','Lubumbashi','f6fc7469-7e58-45cb-b87c-f08af93edade'),('d6ba6a6e-0e72-4d16-87e1-798823694092','Beni','f6fc7469-7e58-45cb-b87c-f08af93edade'),('d892cb89-4249-4c69-a63e-099503689461','Ngiri-Ngiri','f6fc7469-7e58-45cb-b87c-f08af93edade'),('d96f7e9a-1917-493b-bce7-c55b601e98aa','NDESHA','5cf83463-2718-4a65-abdd-f9ad2fe4e195'),('da863c56-2545-4295-a47b-6e5ea872233a','Wamba','f6fc7469-7e58-45cb-b87c-f08af93edade'),('dd248048-b687-4fb6-a97c-81e73f95cb49','Luiza','f6fc7469-7e58-45cb-b87c-f08af93edade'),('df79532e-7beb-427e-be03-b6b3e6006674','Kungu','f6fc7469-7e58-45cb-b87c-f08af93edade'),('e2016756-76be-4ac9-a842-e39db81f251c','Nganza','5cf83463-2718-4a65-abdd-f9ad2fe4e195'),('e27ebffd-899b-4dd9-bfec-24bcd08f8ca9','Kabondo','f6fc7469-7e58-45cb-b87c-f08af93edade'),('e399eb67-2ac9-436f-882e-7062509309b6','Bumba','f6fc7469-7e58-45cb-b87c-f08af93edade'),('e3ce0933-988c-484d-ad8e-599ea421cdfc','Bulungu','f6fc7469-7e58-45cb-b87c-f08af93edade'),('e6fb5edb-3c4c-4d66-8c90-e27035f91492','Ibanda','f6fc7469-7e58-45cb-b87c-f08af93edade'),('eb36e83e-616a-494b-af9a-1c2244048cd1','Kimbaseke','f6fc7469-7e58-45cb-b87c-f08af93edade'),('ec5bd448-7e52-46e4-831f-d5df4cebb349','Kenge','f6fc7469-7e58-45cb-b87c-f08af93edade'),('ec71f274-6b6f-4e89-9f38-f7469c09b8e8','Ngaliema','f6fc7469-7e58-45cb-b87c-f08af93edade'),('ecd22221-88ad-49e2-84b2-c8161ad39f53','Kananga','5cf83463-2718-4a65-abdd-f9ad2fe4e195'),('eda46e79-d875-4a9f-954b-e26eb13203b1','Nkoko','5cf83463-2718-4a65-abdd-f9ad2fe4e195'),('ee483534-e56c-4411-8329-1005f98d2e1d','Kadutu','f6fc7469-7e58-45cb-b87c-f08af93edade'),('efcf78a0-8906-4a2c-8367-6925e4443c3d','Malemba-Nkulu','f6fc7469-7e58-45cb-b87c-f08af93edade'),('efd892ac-cc41-48d7-84bb-59984c655586','Kabinda','f6fc7469-7e58-45cb-b87c-f08af93edade'),('f17c2f58-a772-4e62-877e-d6175b2a879a','Opala','f6fc7469-7e58-45cb-b87c-f08af93edade'),('f57908bd-5338-44a3-ae2e-29a70f4ee988','Moanda','f6fc7469-7e58-45cb-b87c-f08af93edade'),('f751c676-2846-4f5c-85a4-2145f8ad03b4','Shabunda','f6fc7469-7e58-45cb-b87c-f08af93edade'),('f84c8975-3281-44c8-a5d2-bb89b61fd482','Nzanza','f6fc7469-7e58-45cb-b87c-f08af93edade'),('f8fdb306-e4ac-4472-ac1d-46815bb797aa','Befale','f6fc7469-7e58-45cb-b87c-f08af93edade'),('f9608a66-b425-4e90-878d-458174e392e1','KATOKA','5cf83463-2718-4a65-abdd-f9ad2fe4e195'),('fae6275b-3062-47dd-8d2f-1a27d76c30d7','Buta','f6fc7469-7e58-45cb-b87c-f08af93edade'),('ffe045bf-0200-4a5d-95cc-fd008de45809','Bolomba','f6fc7469-7e58-45cb-b87c-f08af93edade');
INSERT INTO village VALUES ('03b44338-a38b-4450-b12d-3acc4f3d3465','CAMP  BOBOZO','e2016756-76be-4ac9-a842-e39db81f251c'),('07d1793f-599c-46b2-af09-6358b50877c2','ABATOIR','7d2740c1-aac9-40dc-8469-b1f74916afee'),('0b8a9dde-55b9-49f7-8687-bfd06c10d6f9','katoka epro','f9608a66-b425-4e90-878d-458174e392e1'),('0e28cfc2-ed02-4751-84d9-edf12945ea61','LUEBOCITE','9cf5a7f2-4199-4a87-905b-709c7a0df73f'),('0eae809f-65ce-4c62-9251-5fca464a9654','LUSAMBO','ecd22221-88ad-49e2-84b2-c8161ad39f53'),('0f2d5a1b-9db7-49d3-9e83-9e26366c1871','MIABI','ecd22221-88ad-49e2-84b2-c8161ad39f53'),('1071074c-d2ed-4cb1-82db-a8aa373cd7d5','route kanyuka','ecd22221-88ad-49e2-84b2-c8161ad39f53'),('11375ae7-efe6-4c81-b4b1-96399b8371bb','CENTRE VILLE','ecd22221-88ad-49e2-84b2-c8161ad39f53'),('128f26ad-4d22-4919-ad17-8690e4d13062','TSHIBEMBA','ecd22221-88ad-49e2-84b2-c8161ad39f53'),('13eacd33-7051-473d-a672-c6d2119a38a6','NGANZA  SUD','e2016756-76be-4ac9-a842-e39db81f251c'),('15bc7df9-aa1e-4dd3-849c-750b579498a1','CAMP  SNCC','ecd22221-88ad-49e2-84b2-c8161ad39f53'),('1696a457-bb9e-4bdf-bd84-124dcfe60258','BIANCKY','ecd22221-88ad-49e2-84b2-c8161ad39f53'),('17e3d0a1-96a5-4d58-9faa-e21ce6b9343f','BANDUNDU','e2016756-76be-4ac9-a842-e39db81f251c'),('1c059a01-1365-4dc2-a4ed-7d5ed5a9c2a7','Vanga','10433633-77b5-4793-a5f8-c08123babe2f'),('1e2bebc8-5770-4361-8c0d-6deea10dd8b4','KANANGA2','ecd22221-88ad-49e2-84b2-c8161ad39f53'),('1e87572e-8828-42de-87a1-649dd485bc3e','NSELE','5d7ccadc-ddf6-41eb-93f7-a505e3280558'),('1fef2ed1-e7a1-44b7-9018-7a2d1c49741e','BIANCKY','ecd22221-88ad-49e2-84b2-c8161ad39f53'),('22e1a7de-e663-40ad-9cc8-1983422a6b51','KANDIBU','ecd22221-88ad-49e2-84b2-c8161ad39f53'),('25805de2-f4e6-4f5c-86b6-d00e5de5b026','KANAANGA2','ecd22221-88ad-49e2-84b2-c8161ad39f53'),('25dc35b3-1596-4756-9a58-6642b6a16abe','LUBUWA','d96f7e9a-1917-493b-bce7-c55b601e98aa'),('265d92fd-15b6-4939-a93b-89fffcc30e21','BILOMBA','ecd22221-88ad-49e2-84b2-c8161ad39f53'),('29b373a8-7830-4a8a-9cbd-617919c6153c','KAPANDA','f9608a66-b425-4e90-878d-458174e392e1'),('316cfb84-728f-410f-b9d1-e8edc65565b8','NTAMBUE SAINT B','e2016756-76be-4ac9-a842-e39db81f251c'),('352ae887-ea97-4f09-9761-72fca27e594a','NKONKO TSHIELA','e2016756-76be-4ac9-a842-e39db81f251c'),('3a38480f-7c28-4903-aedd-106177513133','MFUAMBA','87055ace-2f6f-4a8f-9c07-1743079f01e9'),('4087594a-fb0f-4954-a28e-e83008652ff7','MATAMBA','6912ae18-c57f-444b-a3f1-47cf539d2b16'),('42f22085-a5eb-4a08-9449-b2ac5ef2e50a','FOND','e2016756-76be-4ac9-a842-e39db81f251c'),('4478b5ea-85f6-4b55-81dc-6a3b7f249508','Tshikapa','0404e9ea-ebd6-4f20-b1f8-6dc9f9313450'),('4690478f-f386-4871-9cc4-37bc3bf8f8bb','KATUMBA','e2016756-76be-4ac9-a842-e39db81f251c'),('47bdd878-34a8-4929-995c-2007319d2d65','mutanda','5d7ccadc-ddf6-41eb-93f7-a505e3280558'),('47db851e-852a-47a7-83f0-cbdf4bbf6d47','kasangidi','ecd22221-88ad-49e2-84b2-c8161ad39f53'),('49089ea1-4d54-4439-a63f-c68c4fccca0d','telecom','e2016756-76be-4ac9-a842-e39db81f251c'),('494273e1-88e5-47d9-8e17-044d79f23b1e','LUNYEKA','ecd22221-88ad-49e2-84b2-c8161ad39f53'),('4e59f47c-4ba6-4852-af4b-ca32b269d1e2','KABEYAKAMUANGA','ecd22221-88ad-49e2-84b2-c8161ad39f53'),('4f4b9827-6f62-4f50-a2ee-066f0b872df7','QUARTIE MOBUTU','ecd22221-88ad-49e2-84b2-c8161ad39f53'),('50ff9ee8-03b4-4470-9136-a8f4993fae31','KELEKELE','f9608a66-b425-4e90-878d-458174e392e1'),('56eb4448-f59b-4ce4-925a-b5f15d72e9f6','KELE','ecd22221-88ad-49e2-84b2-c8161ad39f53'),('57cc5310-e1d0-4642-bfc6-82d5c25a23b9','KAKUMBA','6912ae18-c57f-444b-a3f1-47cf539d2b16'),('580547fd-64aa-411b-82d3-56f344c8ba28','Katoka I','449f5802-f33c-4455-b90a-aedb993e3c63'),('581e78e3-b0fa-497c-a6e5-9839b115482d','NOUVELLE VILLE','ecd22221-88ad-49e2-84b2-c8161ad39f53'),('58eb5624-1bba-4fe2-89d5-fc409adff9b1','TSHIBATA','6912ae18-c57f-444b-a3f1-47cf539d2b16'),('598bfcb4-d82e-45da-8cc0-c5af988a2023','BIANCKY','ecd22221-88ad-49e2-84b2-c8161ad39f53'),('5a06f690-8ed5-4a67-98a4-6c991aad2404','KAKUANGA','e2016756-76be-4ac9-a842-e39db81f251c'),('5c1eea01-c3d4-4e8c-b998-85561f21360c','TSHISAMBI','ecd22221-88ad-49e2-84b2-c8161ad39f53'),('5dbd6628-4058-4eb0-8d13-bfa4e2d93693','MBUMBA','e2016756-76be-4ac9-a842-e39db81f251c'),('60602145-f09b-4aa1-9769-10d79b0aaad6','BITANDA','87055ace-2f6f-4a8f-9c07-1743079f01e9'),('615a2e8c-09a1-48ff-869b-01ca41320872','KELE KELE','f9608a66-b425-4e90-878d-458174e392e1'),('63267121-3ab4-4080-8532-f70a777312bb','KATOKA III','f9608a66-b425-4e90-878d-458174e392e1'),('633e3fe8-c5dd-4055-a707-3517e50496f2','KONGOLOMOJI','6912ae18-c57f-444b-a3f1-47cf539d2b16'),('6533a26e-223d-48e6-818b-bd5a74b9e833','MBUNKONDE','e2016756-76be-4ac9-a842-e39db81f251c'),('67227b5c-42ae-4bca-a06f-59598cf2500e','KAMAYI PRISON','ecd22221-88ad-49e2-84b2-c8161ad39f53'),('67698835-f986-43bc-bcdf-44ac177810ed','BIANCKY','ecd22221-88ad-49e2-84b2-c8161ad39f53'),('676d5164-93d5-44ba-9d29-ed6ccca49f72','SNELi','ecd22221-88ad-49e2-84b2-c8161ad39f53'),('67879a36-119c-4347-8d08-459e7f9aa5b4','TUKOMBE','f9608a66-b425-4e90-878d-458174e392e1'),('6bd7b8d5-dbeb-4a16-9f87-d7adc5d2bb3c','kabanza','ecd22221-88ad-49e2-84b2-c8161ad39f53'),('6c5b6b00-1e11-4522-b553-7047fe7723fa','OASIS','ecd22221-88ad-49e2-84b2-c8161ad39f53'),('6ca88ab3-d819-408b-b576-8f6da9a4876a','KANANGA2','ecd22221-88ad-49e2-84b2-c8161ad39f53'),('6d31cf67-d13c-405a-8304-38c8cfd46bb5','biancky','ecd22221-88ad-49e2-84b2-c8161ad39f53'),('6e268675-bd9a-4704-9f05-115e376fee1f','Songo','1fdd8974-140a-4da2-a912-43bcc923d3db'),('761c8a60-48ea-461f-b2fb-41312b4eacc1','TSHIBANDABANDA','c43d8e55-7a42-4fee-9378-a830c0f42b43'),('7bc6adfe-8bd9-418a-b698-ac70b8cc67b8','BILOMBAA','6912ae18-c57f-444b-a3f1-47cf539d2b16'),('7d8e0e97-9f14-4b38-8ec5-a0c72e157264','kalumentumba','e2016756-76be-4ac9-a842-e39db81f251c'),('827082bb-7e3a-4966-8717-1cc5342548fd','BINCKY','ecd22221-88ad-49e2-84b2-c8161ad39f53'),('86f2ffea-c6ea-4280-87e8-0efaaf0654a5','TULUME','ecd22221-88ad-49e2-84b2-c8161ad39f53'),('87e93e4c-b2ee-4ec5-944b-758a45153c81','BENALEKA','6912ae18-c57f-444b-a3f1-47cf539d2b16'),('8cd2059b-b6db-42fb-8506-7893a09493af','NDESHA','d96f7e9a-1917-493b-bce7-c55b601e98aa'),('8f6cf551-b76e-43e5-add5-59997437baad','MUKANYA','6912ae18-c57f-444b-a3f1-47cf539d2b16'),('9058c080-1e35-4f57-ae45-7889a6b9424e','Appolo','ecd22221-88ad-49e2-84b2-c8161ad39f53'),('90cd5e3e-de9a-479d-a53e-42ac78a817e1','DIWELE','ecd22221-88ad-49e2-84b2-c8161ad39f53'),('92247f35-570e-4d34-8387-5a701bdff900','SALONGO MUIMBA','e2016756-76be-4ac9-a842-e39db81f251c'),('95ced117-87de-4db5-85f2-29c92a38d490','SNEL','ecd22221-88ad-49e2-84b2-c8161ad39f53'),('96c737b4-8777-46ac-8954-ec91cb93320b','Appolo','ecd22221-88ad-49e2-84b2-c8161ad39f53'),('978b7601-55d3-42cc-8f91-2e4ad32bc6ee','MPOKOLO','ecd22221-88ad-49e2-84b2-c8161ad39f53'),('97db06e3-b4bf-4699-85c1-b75a051827c0','NKONKO','e2016756-76be-4ac9-a842-e39db81f251c'),('9b73afa8-6dc1-4733-8cc4-c5c3db9b73ed','kamenga','c43d8e55-7a42-4fee-9378-a830c0f42b43'),('9cd116cc-695d-4fc6-811a-8fa8793d2183','MAYOMBO','e2016756-76be-4ac9-a842-e39db81f251c'),('a10b95aa-e448-4e19-a8e5-e3796e06f50e','MALANDI','ecd22221-88ad-49e2-84b2-c8161ad39f53'),('a1193c79-1ca4-4a5e-9d16-9e83d2ee8b6d','20 MAINS','ecd22221-88ad-49e2-84b2-c8161ad39f53'),('a65b96e4-e618-4a85-be32-fe173cfd6c27','MPOKOLO','f9608a66-b425-4e90-878d-458174e392e1'),('a965629b-f883-4626-9189-0294188a5d1f','PLATEAU','ecd22221-88ad-49e2-84b2-c8161ad39f53'),('a997bfb3-a1d4-4a67-a13b-1f7c2bb847f4','DEMBA','ecd22221-88ad-49e2-84b2-c8161ad39f53'),('ac6904ef-a283-4ded-aa51-39fd6022c389','KAMULUMBA','ecd22221-88ad-49e2-84b2-c8161ad39f53'),('ad8bb59d-7766-4133-b107-fb1167695127','MUAKELA','ecd22221-88ad-49e2-84b2-c8161ad39f53'),('aea7b09d-82c4-4b77-b38a-278d2cc41fad','BUNKONDE','ecd22221-88ad-49e2-84b2-c8161ad39f53'),('aeee239a-524f-4e6c-9303-21f900d4f853','KAMILABI','d96f7e9a-1917-493b-bce7-c55b601e98aa'),('b469f945-b547-437b-bb91-e9e0cf65d924','MPOKOLO','f9608a66-b425-4e90-878d-458174e392e1'),('b5ea7bb3-5c01-44be-a895-ca84a58e3348','AZDA TSHINSAMBI','ecd22221-88ad-49e2-84b2-c8161ad39f53'),('b6ba0675-fefd-4b5a-8917-ce4f5ef4f1a4','TSHIALABENYI','ecd22221-88ad-49e2-84b2-c8161ad39f53'),('bb96a5e5-d045-4e89-b705-37a11dcf6a9c','MPOKOLO','f9608a66-b425-4e90-878d-458174e392e1'),('bda70b4b-8143-47cf-a683-e4ea7ddd4cff','Tshikaji','ecd22221-88ad-49e2-84b2-c8161ad39f53'),('c02de658-bbd2-47b2-821a-f6d78f3fe37c','TSHITUNTA','e2016756-76be-4ac9-a842-e39db81f251c'),('c1a2587a-17c2-4fad-9913-173f88cead0a','MUIMBA','e2016756-76be-4ac9-a842-e39db81f251c'),('c4cec408-fb01-46d5-a96c-63b8b16f5c75','LUBI AMPATA','e2016756-76be-4ac9-a842-e39db81f251c'),('c77c3cb2-6c88-45af-bc12-29a23974360d','KATOKA','f9608a66-b425-4e90-878d-458174e392e1'),('c7c2e99b-a5e6-4e46-9c5f-4d0aca89b408','PLATAUX','ecd22221-88ad-49e2-84b2-c8161ad39f53'),('c8b5a6e0-cdbb-46ff-8874-7e69b872bb80','kabundi','5d7ccadc-ddf6-41eb-93f7-a505e3280558'),('cf3664e3-0929-4852-93da-2ce77de84817','DIBANDA','87055ace-2f6f-4a8f-9c07-1743079f01e9'),('cfaec5b8-55a8-4adc-9eba-87ef1fd477a9','MBUMBA','e2016756-76be-4ac9-a842-e39db81f251c'),('d0ae1271-224d-4bca-84ef-5a7afce551d5','KAMAYI','ecd22221-88ad-49e2-84b2-c8161ad39f53'),('d1497bf9-ebbd-47c4-9270-79705ccb5d97','LUIZA','6912ae18-c57f-444b-a3f1-47cf539d2b16'),('d329ebac-d176-468d-b6aa-a7c3376177bb','KAZUMBA','ecd22221-88ad-49e2-84b2-c8161ad39f53'),('d77cc12c-9c12-49da-9fae-16c0c432c73b','TSHIMBULU','ecd22221-88ad-49e2-84b2-c8161ad39f53'),('d9106570-80a2-4676-92aa-f496f2d4a841','BUMBA','e2016756-76be-4ac9-a842-e39db81f251c'),('d9f64f17-f4c7-4a13-ba82-1e4294a8b3f6','MUTONJI','ecd22221-88ad-49e2-84b2-c8161ad39f53'),('db0f0b0e-ce9a-4cca-9dd3-72d3831669e1','DIBANDISHA','87055ace-2f6f-4a8f-9c07-1743079f01e9'),('db62ac4a-801c-48ac-9a9e-5f11fd531df8','PLATAEU','ecd22221-88ad-49e2-84b2-c8161ad39f53'),('dd5eca0c-d5e4-4d56-bf14-5a53f988d3d1','quartie  hopital','ecd22221-88ad-49e2-84b2-c8161ad39f53'),('df4b97bd-076f-447e-b2f3-45e6d3ef4dcf','KAMENGA','e2016756-76be-4ac9-a842-e39db81f251c'),('dfcbd7cc-8a11-4c1a-9c12-d891f1453a8f','KOLE','6912ae18-c57f-444b-a3f1-47cf539d2b16'),('e4c5bbf4-761d-4a13-887d-fc43b0124969','DIBAYA','ecd22221-88ad-49e2-84b2-c8161ad39f53'),('e80f127a-2eba-46a5-93fa-fcf373fe5a9f','20MAI','ecd22221-88ad-49e2-84b2-c8161ad39f53'),('e89cf9d8-2ebd-40d4-a80d-92d7b230104f','Lusekele','1fdd8974-140a-4da2-a912-43bcc923d3db'),('e9ebdd35-9962-4a1f-9a27-9b88abcf14a6','MUKUNGA','e2016756-76be-4ac9-a842-e39db81f251c'),('eb81ee19-7cc5-4d96-9900-4c0eb14889c1','epro','f9608a66-b425-4e90-878d-458174e392e1'),('ed54605b-82e9-4888-a06b-b96e505bfbd5','CAMP BOBOZO','e2016756-76be-4ac9-a842-e39db81f251c'),('eefd626c-00a1-4427-8109-86832bb007fb','nganza','eda46e79-d875-4a9f-954b-e26eb13203b1'),('f1357164-68f4-4ddf-a044-484225f878b4','NGANZA NORD','e2016756-76be-4ac9-a842-e39db81f251c'),('f2e9b1aa-bd52-42c5-94dc-3d27a63b58b6','Bulungu','10433633-77b5-4793-a5f8-c08123babe2f'),('f54f6dc3-b4b3-4c0b-92a8-2ec71b1bbc06','Kananga','ecd22221-88ad-49e2-84b2-c8161ad39f53'),('f9d555de-434d-47ac-86bb-b0fcfd3bc75f','PLATEAU','ecd22221-88ad-49e2-84b2-c8161ad39f53'),('fc6f5cb5-fe72-4fff-bf8c-071c9ee43993','MABONDO','7d2740c1-aac9-40dc-8469-b1f74916afee'),('fe8f842e-8c0c-4b71-ae67-58e5d55efc92','NDIOKOMPUNDA','9cf5a7f2-4199-4a87-905b-709c7a0df73f'),('ff0b4caa-9a0a-4dbe-9242-1e5d4d916ee0','TsBENELEKA','6912ae18-c57f-444b-a3f1-47cf539d2b16'),('ffe563ef-781c-4551-a080-7cec135351ff','KATOKA II','f9608a66-b425-4e90-878d-458174e392e1');

--
-- Enterprises and Projects
--

INSERT INTO enterprise VALUES
  (1,'Hospital','HOSP','243 81 604 0540','hospital@bhi.ma','bda70b4b-8143-47cf-a683-e4ea7ddd4cff','/assets/logos/generic.jpg', 2);

INSERT INTO project VALUES
  (1,'First Project','FPJ',1);

INSERT INTO project_permission (id, user_id, project_id) VALUES
  (1,1,1);

--
-- Chart of Accounts
--

INSERT INTO account_type VALUES (1,'income/expense'),(2,'balance'),(3,'title');

INSERT INTO account (id, account_type_id, enterprise_id, account_number, account_txt, parent, fixed, locked, cc_id, created) VALUES
  (1, 3, 1, 10, 'COMPTES DES FONDS PROPRES ET EMPRUNTS A PLUS D''UN AN', 0, 0, 0, NULL, '2014-07-10 10:13:00'),
  (2, 2, 1, 10011000, 'CAPITAL PROPRE', 10, 0, 0, NULL, '2014-07-10 10:13:00'),
  (3, 2, 1, 12001000, 'BENEFICE REPORTE', 0, 0, 0, NULL, '2014-07-10 10:13:00'),
  (4, 2, 1, 13001000, 'RESULTAT NET DE L''EXERCICE', 0, 0, 0, NULL, '2014-07-10 10:13:00'),
  (5, 2, 1, 14001000, 'PLUS-VALUE DE REEVALUATION', 0, 0, 0, NULL, '2014-07-10 10:13:00'),
  (6, 3, 1, 15, 'SUBVENTIONS D''EQUIPEMENT', 0, 0, 0, NULL, '2014-07-10 10:13:00'),
  (7, 3, 1, 1533, 'MBF SUBVENTIONS D''EQUIPEMENT', 15, 0, 0, NULL, '2014-07-10 10:13:00'),
  (8, 2, 1, 15330101, 'HYDROELECTRIC SYSTEME', 1533, 0, 0, NULL, '2014-07-10 10:13:00'),
  (9, 2, 1, 15330102, 'BICYCLES', 1533, 0, 0, NULL, '2014-07-10 10:13:00'),
  (10, 2, 1, 15330103, 'MBF MAINT/EQUIPEMENT', 1533, 0, 0, NULL, '2014-07-10 10:13:00'),
  (11, 2, 1, 15330104, 'RENOVATION OF THE HYDROELECTRIC', 1533, 0, 0, NULL, '2014-07-10 10:13:00'),
  (12, 2, 1, 15330105, 'WASHING MACHINE AND LANDING', 1533, 0, 0, NULL, '2014-07-10 10:13:00'),
  (13, 2, 1, 15330106, 'MBF ULTRASOND MACHINE', 1533, 0, 0, NULL, '2014-07-10 10:13:00'),
  (14, 2, 1, 15330107, 'VEHICULES', 1533, 0, 0, NULL, '2014-07-10 10:13:00'),
  (15, 2, 1, 15330108, 'MBF FOR BED', 1533, 0, 0, NULL, '2014-07-10 10:13:00'),
  (16, 2, 1, 15330109, 'MFR SPECTROPHOTOMETRE', 1533, 0, 0, NULL, '2014-07-10 10:13:00'),
  (17, 2, 1, 15330110, 'SUBVENTIONS D''EQUIPEMENT CSBB', 1533, 0, 0, NULL, '2014-07-10 10:13:00'),
  (18, 2, 1, 15330111, 'SUBVENTIONS D''EQUIPEMENT PLCK', 1533, 0, 0, NULL, '2014-07-10 10:13:00'),
  (19, 3, 1, 1532, 'PCUSA SUBVENTIONS D''EQUIPEMENT', 15, 0, 0, NULL, '2014-07-10 10:13:00'),
  (20, 2, 1, 15320100, 'SUBVENTIONS D''EQUIPEMENT HOSP', 1532, 0, 0, NULL, '2014-07-10 10:13:00'),
  (21, 2, 1, 15320101, 'SUBVENTIONS D''EQUIPEMENT OPHTALMOLOGIE', 1532, 0, 0, NULL, '2014-07-10 10:13:00'),
  (22, 3, 1, 1534, 'SUBVENTIONS D''EQUIPEMENT ETAT', 15, 0, 0, NULL, '2014-07-10 10:13:00'),
  (23, 2, 1, 15340100, 'SUBVENTIONS D''EQUIPEMENT MORQUE', 1534, 0, 0, NULL, '2014-07-10 10:13:00'),
  (24, 2, 1, 18001000, 'PROVISIONS POUR LITIGES', 0, 0, 0, NULL, '2014-07-10 10:13:00'),
  (25, 3, 1, 2, 'COMPTES DES VALEURS IMMOBILISEES', 0, 0, 0, NULL, '2014-07-10 10:13:00'),
  (26, 3, 1, 21, 'IMMOBILISATIONS CORPORELLES', 2, 0, 0, NULL, '2014-07-10 10:13:00'),
  (27, 2, 1, 21001000, 'TERRAIN', 21, 0, 0, NULL, '2014-07-10 10:13:00'),
  (28, 3, 1, 22, 'AUTRES IMMOBILISATIONS CORPORELLES', 2, 0, 0, NULL, '2014-07-10 10:13:00'),
  (29, 3, 1, 221, 'IMMEUBLES NON RESIDENTIELS', 22, 0, 0, NULL, '2014-07-10 10:13:00'),
  (30, 2, 1, 22101000, 'MORQUE', 221, 0, 0, NULL, '2014-07-10 10:13:00'),
  (31, 2, 1, 22101001, 'BATIMENT CME (25 ANS)', 221, 0, 0, NULL, '2014-07-10 10:13:00'),
  (32, 2, 1, 22101002, 'HOSPICE TSHITUDILU (25 ANS)', 221, 0, 0, NULL, '2014-07-10 10:13:00'),
  (33, 2, 1, 22101003, 'DORTOIR CME (25 ANS)', 221, 0, 0, NULL, '2014-07-10 10:13:00'),
  (34, 2, 1, 22101004, 'BATIMENT HOPITAL (25 ANS)', 221, 0, 0, NULL, '2014-07-10 10:13:00'),
  (35, 2, 1, 22101005, 'BUREAU ECOLE', 221, 0, 0, NULL, '2014-07-10 10:13:00'),
  (36, 2, 1, 22101006, 'DEPOT CHANTIER', 221, 0, 0, NULL, '2014-07-10 10:13:00'),
  (37, 2, 1, 22101010, 'E.P. BON BERGER LATRINE ET BATIMENT', 221, 0, 0, NULL, '2014-07-10 10:13:00'),
  (38, 3, 1, 222, 'IMMEUBLES RESIDENTIELS', 22, 0, 0, NULL, '2014-07-10 10:13:00'),
  (39, 2, 1, 22201000, 'LOGEMENT DU PERSONNEL', 222, 0, 0, NULL, '2014-07-10 10:13:00'),
  (40, 2, 1, 22201001, 'MAISONS MEDECINS RESIDENTS', 222, 0, 0, NULL, '2014-07-10 10:13:00'),
  (41, 3, 1, 223, 'MATERIELS ET MOBILIERS', 22, 0, 0, NULL, '2014-07-10 10:13:00'),
  (42, 3, 1, 2231, 'MATERIELS DE TRANSPORT', 223, 0, 0, NULL, '2014-07-10 10:13:00'),
  (43, 2, 1, 22310101, 'VEHICULES', 2231, 0, 0, NULL, '2014-07-10 10:13:00'),
  (44, 2, 1, 22310102, 'BICYCLES', 2231, 0, 0, NULL, '2014-07-10 10:13:00'),
  (45, 2, 1, 22310103, 'MOTOCYCLES', 2231, 0, 0, NULL, '2014-07-10 10:13:00'),
  (46, 3, 1, 2232, 'MOBILIERS', 223, 0, 0, NULL, '2014-07-10 10:13:00'),
  (47, 2, 1, 22320100, 'MOBILIERS HABITATIONS PERSONNEL', 2232, 0, 0, NULL, '2014-07-10 10:13:00'),
  (48, 2, 1, 22320101, 'MOBILIERS OPHTALMOLOGIE', 2232, 0, 0, NULL, '2014-07-10 10:13:00'),
  (49, 2, 1, 22320102, 'MOBILIERS CLINIC', 2232, 0, 0, NULL, '2014-07-10 10:13:00'),
  (50, 2, 1, 22320103, 'MOBILIERS CME', 2232, 0, 0, NULL, '2014-07-10 10:13:00'),
  (51, 2, 1, 22320104, 'MOBILIERS HOPITAL', 2232, 0, 0, NULL, '2014-07-10 10:13:00'),
  (52, 2, 1, 22320105, 'MOBILIERS ITM', 2232, 0, 0, NULL, '2014-07-10 10:13:00'),
  (53, 2, 1, 22320106, 'MOBILIERS DENTAIRES', 2232, 0, 0, NULL, '2014-07-10 10:13:00'),
  (54, 2, 1, 22320107, 'MOBILIERS GUEST HOUSE', 2232, 0, 0, NULL, '2014-07-10 10:13:00'),
  (55, 3, 1, 2233, 'MATERIELS ET EQUIPEMENTS', 223, 0, 0, NULL, '2014-07-10 10:13:00'),
  (56, 2, 1, 22330101, 'MATERIELS ET EQUIPEMENTS OPHTA', 2233, 0, 0, NULL, '2014-07-10 10:13:00'),
  (57, 2, 1, 22330102, 'MATERIELS ET EQUIPEMENTS  HOPITAL', 2233, 0, 0, NULL, '2014-07-10 10:13:00'),
  (58, 2, 1, 22330103, 'MATERIELS ET EQUIPEMENTS CLINIC', 2233, 0, 0, NULL, '2014-07-10 10:13:00'),
  (59, 2, 1, 22330104, 'MATERIELS ET EQUIPEMENTS CENTRE MEDICAL D''ETUDES', 2233, 0, 0, NULL, '2014-07-10 10:13:00'),
  (60, 2, 1, 22330105, 'MATERIELS ET EQUIPEMENT ITM', 2233, 0, 0, NULL, '2014-07-10 10:13:00'),
  (61, 2, 1, 22330106, 'MATERIELS ET EQUIPEMENTS DENTAIRES', 2233, 0, 0, NULL, '2014-07-10 10:13:00'),
  (62, 2, 1, 22330107, 'MATERIELS ET EQUIPEMENTS GH', 2233, 0, 0, NULL, '2014-07-10 10:13:00'),
  (63, 2, 1, 22330108, 'MATERIELS ET EQUIPEMENTS ISTM', 2233, 0, 0, NULL, '2014-07-10 10:13:00'),
  (64, 3, 1, 224, 'AUTRES IMMOBILISATIONS', 22, 0, 0, NULL, '2014-07-10 10:13:00'),
  (65, 2, 1, 22401000, 'SYSTEME SOLAIRE', 224, 0, 0, NULL, '2014-07-10 10:13:00'),
  (66, 3, 1, 225, 'MACHINES ET AUTRES BIENS D''EQUIPEMENT', 22, 0, 0, NULL, '2014-07-10 10:13:00'),
  (67, 2, 1, 22501000, 'GROUPE ELECTROGENE CLINIC', 225, 0, 0, NULL, '2014-07-10 10:13:00'),
  (68, 2, 1, 22501001, 'GROUPE ELECTROGENE CLINIC 2', 225, 0, 0, NULL, '2014-07-10 10:13:00'),
  (69, 2, 1, 22501002, 'GROUPE ELECTROGENE HOSP', 225, 0, 0, NULL, '2014-07-10 10:13:00'),
  (70, 3, 1, 226, 'MATERIELS HYDRO', 22, 0, 0, NULL, '2014-07-10 10:13:00'),
  (71, 2, 1, 22601000, 'BARRAGE ET AUTRES', 226, 0, 0, NULL, '2014-07-10 10:13:00'),
  (72, 3, 1, 227, 'MATERIELS E-MAIL', 22, 0, 0, NULL, '2014-07-10 10:13:00'),
  (73, 2, 1, 22701000, 'E-MAIL ET ACCESSOIRES', 227, 0, 0, NULL, '2014-07-10 10:13:00'),
  (74, 3, 1, 23, 'IMMOBILISATIONS CORPORELLES ENCOURS', 2, 0, 0, NULL, '2014-07-10 10:13:00'),
  (75, 3, 1, 231, 'IMMEUBLES NON RESIDENTIELS ENCOURS', 23, 0, 0, NULL, '2014-07-10 10:13:00'),
  (76, 2, 1, 23101003, 'CONSTRUCTION REFECTOIRE CME', 231, 0, 0, NULL, '2014-07-10 10:13:00'),
  (77, 3, 1, 232, 'IMMEUBLES  RESIDENTIELS ENCOURS', 23, 0, 0, NULL, '2014-07-10 10:13:00'),
  (78, 2, 1, 23201000, 'CONSTRUCTION MAISONS DU PERSONNEL', 232, 0, 0, NULL, '2014-07-10 10:13:00'),
  (79, 3, 1, 28, 'AMORTISSEMENTS ET PROVISIONS', 2, 0, 0, NULL, '2014-07-10 10:13:00'),
  (80, 3, 1, 281, 'AMORTISSEMENTS', 28, 0, 0, NULL, '2014-07-10 10:13:00'),
  (81, 2, 1, 28101000, 'AMORTISSEMENT BATIMENTS', 281, 0, 0, NULL, '2014-07-10 10:13:00'),
  (82, 2, 1, 28101001, 'AMORTISSEMENTS EQUIPEMENTS', 281, 0, 0, NULL, '2014-07-10 10:13:00'),
  (83, 2, 1, 28101002, 'AMORTISSEMENTS MATERIELS', 281, 0, 0, NULL, '2014-07-10 10:13:00'),
  (84, 2, 1, 28101003, 'AMORTISSEMENTS MOBILIERS', 281, 0, 0, NULL, '2014-07-10 10:13:00'),
  (85, 3, 1, 282, 'PROVISIONS', 28, 0, 0, NULL, '2014-07-10 10:13:00'),
  (86, 2, 1, 28210100, 'PROVISIONS POUR DEPRECIATION TERRAIN', 282, 0, 0, NULL, '2014-07-10 10:13:00'),
  (87, 2, 1, 28201001, 'PROVISIONS POUR DEPRECIATION DES AUTRES IMMOBILISATIONS CORPORELLES', 282, 0, 0, NULL, '2014-07-10 10:13:00'),
  (88, 2, 1, 29001000, 'IMMOBILISATIONS A REGULARISER', 2, 0, 0, NULL, '2014-07-10 10:13:00'),
  (89, 3, 1, 3, 'COMPTES DES STOCKS', 0, 0, 0, NULL, '2014-07-10 10:13:00'),
  (90, 3, 1, 3001, 'STOCKS  MEDICAMENTS', 3, 0, 0, NULL, '2014-07-10 10:13:00'),
  (91, 2, 1, 30011100, 'ANTIDOTE', 3001, 0, 0, NULL, '2014-07-10 10:13:00'),
  (92, 2, 1, 30011101, 'TENSION ARTÉRIELLE', 3001, 0, 0, NULL, '2014-07-10 10:13:00'),
  (93, 2, 1, 30011102, 'DIURÉTIQUES', 3001, 0, 0, NULL, '2014-07-10 10:13:00'),
  (94, 2, 1, 30011103, 'SYSTÈME CARDIOVASCULAIRE', 3001, 0, 0, NULL, '2014-07-10 10:13:00'),
  (95, 2, 1, 30011104, 'MÉDICAMENTS HÉMATOLOGIQUES', 3001, 0, 0, NULL, '2014-07-10 10:13:00'),
  (96, 2, 1, 30011105, 'MALADIES MÉTABOLIQUES', 3001, 0, 0, NULL, '2014-07-10 10:13:00'),
  (97, 2, 1, 30011106, 'SYSTÈME GASTRO-INTESTINAL', 3001, 0, 0, NULL, '2014-07-10 10:13:00'),
  (98, 2, 1, 30011107, 'SPASMOLYTIQUES', 3001, 0, 0, NULL, '2014-07-10 10:13:00'),
  (99, 2, 1, 30011108, 'MÉDICAMENTS POUR LE FOIE LA VÉSICULE ET LE PANCRÉAS', 3001, 0, 0, NULL, '2014-07-10 10:13:00'),
  (100, 2, 1, 30011109, 'ANTIÉMETIQUES LAXATIFS ET ANTI DIARRHÉIQUES', 3001, 0, 0, NULL, '2014-07-10 10:13:00'),
  (101, 2, 1, 30011110, 'SYSTÈME URO-GÉNITAL', 3001, 0, 0, NULL, '2014-07-10 10:13:00'),
  (102, 2, 1, 30011111, 'SYSTÈME RESPIRATOIRE', 3001, 0, 0, NULL, '2014-07-10 10:13:00'),
  (103, 2, 1, 30011112, 'ANALGÉSIQUES  - ANTIPYRÉTIQUES -AINS', 3001, 0, 0, NULL, '2014-07-10 10:13:00'),
  (104, 2, 1, 30011113, 'ANALGÉSIQUES MORPHINIQUES ET  STUPEFIANTS (NT) (PT)', 3001, 0, 0, NULL, '2014-07-10 10:13:00'),
  (105, 2, 1, 30011114, 'PSYCHOTROPES HYPNOTIQUES SÉDATIFS ANXIOLYTIQUES', 3001, 0, 0, NULL, '2014-07-10 10:13:00'),
  (106, 2, 1, 30011115, 'ANTIÉPILEPTIQUES ET ANTICOPARILSIVANTS', 3001, 0, 0, NULL, '2014-07-10 10:13:00'),
  (107, 2, 1, 30011116, 'ANTIALLERGIQUES', 3001, 0, 0, NULL, '2014-07-10 10:13:00'),
  (108, 2, 1, 30011117, 'GLUCOCORTICOIDES', 3001, 0, 0, NULL, '2014-07-10 10:13:00'),
  (109, 2, 1, 30011118, 'MÉDICAMENTS DE LA THYROÏDE', 3001, 0, 0, NULL, '2014-07-10 10:13:00'),
  (110, 2, 1, 30011119, 'HORMONES SEXUELLES ET CONTRACEPTIONS', 3001, 0, 0, NULL, '2014-07-10 10:13:00'),
  (111, 2, 1, 30011120, 'MÉDICAMENTS DU DIABÈTE', 3001, 0, 0, NULL, '2014-07-10 10:13:00'),
  (112, 2, 1, 30011121, 'MÉDICAMENTS ANTI-MALARIA', 3001, 0, 0, NULL, '2014-07-10 10:13:00'),
  (113, 2, 1, 30011122, 'ANTIBIOTIQUES BETA-LACTAMES', 3001, 0, 0, NULL, '2014-07-10 10:13:00'),
  (114, 2, 1, 30011123, 'ANTIBIOTIQUES NON BETA-LACTAMES', 3001, 0, 0, NULL, '2014-07-10 10:13:00'),
  (115, 2, 1, 30011124, 'ANTITUBERCULEUX-ANTILEPREUX', 3001, 0, 0, NULL, '2014-07-10 10:13:00'),
  (116, 2, 1, 30011125, 'MÉDICAMENTS ANTIMYCOSIQUES', 3001, 0, 0, NULL, '2014-07-10 10:13:00'),
  (117, 2, 1, 30011126, 'MÉDICAMENTS ANTIHELMINTHIQUES TILAIRES', 3001, 0, 0, NULL, '2014-07-10 10:13:00'),
  (118, 2, 1, 30011127, 'MÉDICAMENTS ANTIVIRAUX', 3001, 0, 0, NULL, '2014-07-10 10:13:00'),
  (119, 2, 1, 30011128, 'VACCINS IMMUNOGLOBULINES ET SÉRUMS', 3001, 0, 0, NULL, '2014-07-10 10:13:00'),
  (120, 2, 1, 30011129, 'MÉDICAMENTS ANTITUMORAUX ET IMMUNODÉPRESSEURS', 3001, 0, 0, NULL, '2014-07-10 10:13:00'),
  (121, 2, 1, 30011130, 'MINÉRAUX VITAMINES ET TONIQUES', 3001, 0, 0, NULL, '2014-07-10 10:13:00'),
  (122, 2, 1, 30011131, 'MÉDICAMENTS À USAGE DERMATOLOGIQUE', 3001, 0, 0, NULL, '2014-07-10 10:13:00'),
  (123, 2, 1, 30011132, 'MÉDICAMENTS À USAGE OPHTALMIQUE', 3001, 0, 0, NULL, '2014-07-10 10:13:00'),
  (124, 2, 1, 30011133, 'MÉDICAMENTS À USAGE OTIQUE', 3001, 0, 0, NULL, '2014-07-10 10:13:00'),
  (125, 2, 1, 30011134, 'MÉDICAMENTS DES AFFECTIONS BUCCO-PHARYNGÉES', 3001, 0, 0, NULL, '2014-07-10 10:13:00'),
  (126, 2, 1, 30011135, 'MÉDICAMENTS DES AFFECTIONS VULVO-VAGINALES', 3001, 0, 0, NULL, '2014-07-10 10:13:00'),
  (127, 2, 1, 30011136, 'ANESTHÉSIQUES LOCAUX', 3001, 0, 0, NULL, '2014-07-10 10:13:00'),
  (128, 2, 1, 30011137, 'ANESTHÉSIQUES GÉNÉRAUX ET MÉDICAMENTS PRÉOPÉRATOIRES', 3001, 0, 0, NULL, '2014-07-10 10:13:00'),
  (129, 2, 1, 30011138, 'MÉDICAMENTS AGISSANT SUR LA MUSCULATURE UTÉRINE', 3001, 0, 0, NULL, '2014-07-10 10:13:00'),
  (130, 2, 1, 30011139, 'FLUIDES IV ET SUBSTITUTS DU PLASMA', 3001, 0, 0, NULL, '2014-07-10 10:13:00'),
  (131, 2, 1, 30011140, 'TESTS DIAGNOSTIQUES ET BANDELETTES DIAGNOSTIQUES', 3001, 0, 0, NULL, '2014-07-10 10:13:00'),
  (132, 2, 1, 30011159, 'CONSOMMABLES D''UROLOGIE', 3001, 0, 0, NULL, '2014-07-10 10:13:00'),
  (133, 2, 1, 30011170, 'MATÉRIEL DE SOINS', 3001, 0, 0, NULL, '2014-07-10 10:13:00'),
  (134, 2, 1, 30011171, 'MÉDICAMENTS EN POUDRE', 3001, 0, 0, NULL, '2014-07-10 10:13:00'),
  (135, 2, 1, 30011172, 'GANTS', 3001, 0, 0, NULL, '2014-07-10 10:13:00'),
  (136, 2, 1, 30011174, 'PLATRE', 3001, 0, 0, NULL, '2014-07-10 10:13:00'),
  (137, 2, 1, 30011175, 'INJECTABLE', 3001, 0, 0, NULL, '2014-07-10 10:13:00'),
  (138, 2, 1, 30011176, 'TUBES ENDOTRACHEAUX ASPIRATION ALIMENTATIONS ET DRAINS THORACIQUES', 3001, 0, 0, NULL, '2014-07-10 10:13:00'),
  (139, 2, 1, 30011180, 'MATÉRIEL ET ÉQUIPEMENT DE DIAGNOSTIC', 3001, 0, 0, NULL, '2014-07-10 10:13:00'),
  (140, 2, 1, 30011181, 'MATÉRIEL DE TRAITEMENT ET DE PROCEDURES OPERATOIRES', 3001, 0, 0, NULL, '2014-07-10 10:13:00'),
  (141, 2, 1, 30011184, 'KITS', 3001, 0, 0, NULL, '2014-07-10 10:13:00'),
  (142, 2, 1, 30011185, 'MATÉRIEL DE PHARMACIE', 3001, 0, 0, NULL, '2014-07-10 10:13:00'),
  (143, 2, 1, 30011186, 'CONSOMMABLES DE PHARMACIE', 3001, 0, 0, NULL, '2014-07-10 10:13:00'),
  (144, 2, 1, 30011187, 'MATÉRIEL D''ANESTHÉSIE ET DE RÉANIMATION', 3001, 0, 0, NULL, '2014-07-10 10:13:00'),
  (145, 2, 1, 30011188, 'MATERIEL DE TRAUMATOLOGIE', 3001, 0, 0, NULL, '2014-07-10 10:13:00'),
  (146, 2, 1, 30011189, 'CONSOMMABLES DE TRAUMATOLOGIE', 3001, 0, 0, NULL, '2014-07-10 10:13:00'),
  (147, 3, 1, 31, 'MATIÈRES ET FOURNITURES CONSOMMÉES', 3, 0, 0, NULL, '2014-07-10 10:13:00'),
  (148, 3, 1, 311, 'CONSOMMATIONS FOURNITURES MEDICALES', 31, 0, 0, NULL, '2014-07-10 10:13:00'),
  (149, 2, 1, 31111136, 'ANESTHÉSIQUES LOCAUX', 311, 0, 0, NULL, '2014-07-10 10:13:00'),
  (150, 2, 1, 31111137, 'ANESTHÉSIQUES GÉNÉRAUX ET MÉDICAMENTS PRÉOPÉRATOIRES', 311, 0, 0, NULL, '2014-07-10 10:13:00'),
  (151, 2, 1, 31111141, 'TESTS DIAGNOSTIQUES ET BANDELETTES DIAGNOSTIQUES', 311, 0, 0, NULL, '2014-07-10 10:13:00'),
  (152, 2, 1, 31111142, 'MATERIEL ET EQUIPEMENT DE LABORATOIRE', 311, 0, 0, NULL, '2014-07-10 10:13:00'),
  (153, 2, 1, 31111143, 'RÉACTIFS DE LABORATOIRE', 311, 0, 0, NULL, '2014-07-10 10:13:00'),
  (154, 2, 1, 31111144, 'CONSOMMABLE DE LABORATOIRE', 311, 0, 0, NULL, '2014-07-10 10:13:00'),
  (155, 2, 1, 31111145, 'BACTÉRIOLOGIE : COLORATION', 311, 0, 0, NULL, '2014-07-10 10:13:00'),
  (156, 2, 1, 31111146, 'CHAINE DE FROID', 311, 0, 0, NULL, '2014-07-10 10:13:00'),
  (157, 2, 1, 31111147, 'MATÉRIEL ET ÉQUIPEMENT DE MICROSCOPE', 311, 0, 0, NULL, '2014-07-10 10:13:00'),
  (158, 2, 1, 31111148, 'CONSOMMABLES DE MICROSCOPIE', 311, 0, 0, NULL, '2014-07-10 10:13:00'),
  (159, 2, 1, 31111149, 'BACTÉRIOLOGIE : MILIEUX DE CULTURE', 311, 0, 0, NULL, '2014-07-10 10:13:00'),
  (160, 2, 1, 31111152, 'VETEMENTS PROFESSIONNELS', 311, 0, 0, NULL, '2014-07-10 10:13:00'),
  (161, 2, 1, 31111158, 'MATÉRIEL ET ÉQUIPEMENT D''UROLOGIE', 311, 0, 0, NULL, '2014-07-10 10:13:00'),
  (162, 2, 1, 31111160, 'MATÉRIEL ET ÉQUIPEMENT DE STÉRILISATION', 311, 0, 0, NULL, '2014-07-10 10:13:00'),
  (163, 2, 1, 31111161, 'CONSOMMABLES DE STÉRILISATION', 311, 0, 0, NULL, '2014-07-10 10:13:00'),
  (164, 2, 1, 31111165, 'MATÉRIELS ET ÉQUIPEMENT D''IMAGERIE MÉDICALE ET ECG', 311, 0, 0, NULL, '2014-07-10 10:13:00'),
  (165, 2, 1, 31111166, 'CONSOMMABLES D''IMAGERIE MÉDICALE ET ECG SERVICE', 311, 0, 0, NULL, '2014-07-10 10:13:00'),
  (166, 2, 1, 31111170, 'MATÉRIEL ET ÉQUIPEMENT DE SOINS', 311, 0, 0, NULL, '2014-07-10 10:13:00'),
  (167, 2, 1, 31111173, 'GANTS NON STÉRILES', 311, 0, 0, NULL, '2014-07-10 10:13:00'),
  (168, 2, 1, 31111180, 'MATÉRIELS ET ÉQUIPEMENT GÉNÉRAUX DE DIAGNOSTIC', 311, 0, 0, NULL, '2014-07-10 10:13:00'),
  (169, 2, 1, 31111181, 'MATÉRIEL ET ÉQUIPEMENT DE TRAITEMENT ET DE PROCÉDURES OPÉRATOIRES', 311, 0, 0, NULL, '2014-07-10 10:13:00'),
  (170, 2, 1, 31111183, 'DÉSINFECTANTS ANTISEPTIQUES ET PURIFICATION DE L''EAU', 311, 0, 0, NULL, '2014-07-10 10:13:00'),
  (171, 2, 1, 31111184, 'KITS', 311, 0, 0, NULL, '2014-07-10 10:13:00'),
  (172, 2, 1, 31111185, 'MATÉRIEL ET ÉQUIPEMENT DE PHARMACIE', 311, 0, 0, NULL, '2014-07-10 10:13:00'),
  (173, 2, 1, 31111186, 'CONSOMMABLES DE PHARMACIE', 311, 0, 0, NULL, '2014-07-10 10:13:00'),
  (174, 2, 1, 31111187, 'MATÉRIEL ET ÉQUIPEMENT D''ANESTHÉSIE ET DE RÉANIMATION', 311, 0, 0, NULL, '2014-07-10 10:13:00'),
  (175, 2, 1, 31111188, 'MATÉRIEL ET ÉQUIPEMENT DE TRAUMATOLOGIE', 311, 0, 0, NULL, '2014-07-10 10:13:00'),
  (176, 2, 1, 31311150, 'MATÉRIEL ET ÉQUIPEMENT ADMINISTRATIF', 31, 0, 0, NULL, '2014-07-10 10:13:00'),
  (177, 2, 1, 31311151, 'CONSOMMABLES ADMINISTRATIFS', 31, 0, 0, NULL, '2014-07-10 10:13:00'),
  (178, 2, 1, 31601182, 'CONSOMMABLES ET MATÉRIEL D''ENTRETIEN  HOSPITALIER', 31, 0, 0, NULL, '2014-07-10 10:13:00'),
  (179, 2, 1, 32011000, 'EMBALLAGES COMMERCIAUX', 3, 0, 0, NULL, '2014-07-10 10:13:00'),
  (180, 2, 1, 34011100, 'PRODUITS OPHTALMOLOGIE (PRODUCTION LOCALE)', 3, 0, 0, NULL, '2014-07-10 10:13:00'),
  (181, 2, 1, 34011200, 'PERFUSIONS', 3, 0, 0, NULL, '2014-07-10 10:13:00'),
  (182, 2, 1, 36011100, 'STOCKS À L''EXTÉRIEUR', 3, 0, 0, NULL, '2014-07-10 10:13:00'),
  (183, 2, 1, 38011100, 'PROVISIONS POUR DÉPRÉCIATION DES STOCKS', 3, 0, 0, NULL, '2014-07-10 10:13:00'),
  (184, 3, 1, 4, 'COMPTES DE TIERS ET A REGULARISER', 0, 0, 0, NULL, '2014-07-10 10:13:00'),
  (185, 3, 1, 40, 'FOURNISSEURS', 4, 0, 0, NULL, '2014-07-10 10:13:00'),
  (186, 2, 1, 40001160, 'SNEL', 40, 0, 0, NULL, '2014-07-10 10:13:00'),
  (187, 2, 1, 40001170, 'AUTRES FOURNISSEURS', 40, 0, 0, NULL, '2014-07-10 10:13:00'),
  (188, 2, 1, 40001180, 'REGIDESO', 40, 0, 0, NULL, '2014-07-10 10:13:00'),
  (189, 2, 1, 40001210, 'IMPROKA', 40, 0, 0, NULL, '2014-07-10 10:13:00'),
  (190, 2, 1, 40001250, 'BTR ET CLTD BIAYA ROBERT', 40, 0, 0, NULL, '2014-07-10 10:13:00'),
  (191, 2, 1, 40001260, 'ROFFE PHARMA', 40, 0, 0, NULL, '2014-07-10 10:13:00'),
  (192, 2, 1, 40001270, 'CADIMEK', 40, 0, 0, NULL, '2014-07-10 10:13:00'),
  (193, 2, 1, 40001280, 'TAKAS', 40, 0, 0, NULL, '2014-07-10 10:13:00'),
  (194, 2, 1, 40001290, 'COALEX MEDICAL KIN', 40, 0, 0, NULL, '2014-07-10 10:13:00'),
  (195, 2, 1, 40002160, 'BADY PHARMACIE', 40, 0, 0, NULL, '2014-07-10 10:13:00'),
  (196, 2, 1, 40001240, 'CADMEKO/MBM', 40, 0, 0, NULL, '2014-07-10 10:13:00'),
  (197, 3, 1, 41, 'CLIENTS', 4, 0, 0, NULL, '2014-07-10 10:13:00'),
  (198, 2, 1, 41001130, 'ASS. PROV. KASAI OCCIDENTAL', 41, 0, 0, NULL, '2014-07-10 10:13:00'),
  (199, 2, 1, 41001180, 'BANQUE DU CONGO', 41, 0, 0, NULL, '2014-07-10 10:13:00'),
  (200, 2, 1, 41001520, 'GOUVERNORAT', 41, 0, 0, NULL, '2014-07-10 10:13:00'),
  (201, 2, 1, 41001590, 'HOTEL DE VILLE', 41, 0, 0, NULL, '2014-07-10 10:13:00'),
  (202, 2, 1, 41001770, 'MAISON PROVINCIALE', 41, 0, 0, NULL, '2014-07-10 10:13:00'),
  (203, 2, 1, 41001970, 'MISS. CATH NTAMBUE', 41, 0, 0, NULL, '2014-07-10 10:13:00'),
  (204, 2, 1, 41011010, 'ONPTZ', 41, 0, 0, NULL, '2014-07-10 10:13:00'),
  (205, 2, 1, 41011020, 'OCC', 41, 0, 0, NULL, '2014-07-10 10:13:00'),
  (206, 2, 1, 41011040, 'OFF. DES ROUTES UAR', 41, 0, 0, NULL, '2014-07-10 10:13:00'),
  (207, 2, 1, 41011060, 'OFIDA', 41, 0, 0, NULL, '2014-07-10 10:13:00'),
  (208, 2, 1, 41011260, 'SNEL', 41, 0, 0, NULL, '2014-07-10 10:13:00'),
  (209, 2, 1, 41011460, 'SONAS', 41, 0, 0, NULL, '2014-07-10 10:13:00'),
  (210, 2, 1, 41011560, 'SEP CONGO', 41, 0, 0, NULL, '2014-07-10 10:13:00'),
  (211, 2, 1, 41011630, 'DIR. DES CONTRIBUTIONS', 41, 0, 0, NULL, '2014-07-10 10:13:00'),
  (213, 2, 1, 41011680, 'UNICEF', 41, 0, 0, NULL, '2014-07-10 10:13:00'),
  (214, 2, 1, 41011730, 'HEWA BORA AIRWAYS (HBA)', 41, 0, 0, NULL, '2014-07-10 10:13:00'),
  (215, 2, 1, 41011750, 'FORCES ARMEES CONGOLAISES', 41, 0, 0, NULL, '2014-07-10 10:13:00'),
  (216, 2, 1, 41011760, 'MISSION GREC ORTHODOXE', 41, 0, 0, NULL, '2014-07-10 10:13:00'),
  (217, 2, 1, 41011770, 'IRC', 41, 0, 0, NULL, '2014-07-10 10:13:00'),
  (218, 2, 1, 41011870, 'CISP', 41, 0, 0, NULL, '2014-07-10 10:13:00'),
  (219, 2, 1, 41011880, 'GTM KANANGA', 41, 0, 0, NULL, '2014-07-10 10:13:00'),
  (220, 2, 1, 41011890, 'BANQUE CONGOLAISE SPRL', 41, 0, 0, NULL, '2014-07-10 10:13:00'),
  (221, 2, 1, 41011910, 'FASS', 41, 0, 0, NULL, '2014-07-10 10:13:00'),
  (222, 2, 1, 41011920, 'MEDECINS DU MONDE-BELGIQUE', 41, 0, 0, NULL, '2014-07-10 10:13:00'),
  (223, 2, 1, 41011930, 'PAIDECO (CTB)', 41, 0, 0, NULL, '2014-07-10 10:13:00'),
  (224, 2, 1, 41011940, 'ETS JEAN ASSAKA', 41, 0, 0, NULL, '2014-07-10 10:13:00'),
  (225, 2, 1, 41011950, 'PNMLS', 41, 0, 0, NULL, '2014-07-10 10:13:00'),
  (226, 2, 1, 41201020, 'CPCO TRESORERIE GENERALE', 41, 0, 0, NULL, '2014-07-10 10:13:00'),
  (227, 2, 1, 41201060, 'CMCO MENNONITE', 41, 0, 0, NULL, '2014-07-10 10:13:00'),
  (228, 2, 1, 41201070, 'COORDIN. PROTESTANTE', 41, 0, 0, NULL, '2014-07-10 10:13:00'),
  (229, 2, 1, 41201090, 'UPRECO', 41, 0, 0, NULL, '2014-07-10 10:13:00'),
  (230, 2, 1, 41201120, 'HOPITAL BULAPE', 41, 0, 0, NULL, '2014-07-10 10:13:00'),
  (231, 2, 1, 41201145, 'PAROISSE BIKUKU', 41, 0, 0, NULL, '2014-07-10 10:13:00'),
  (232, 2, 1, 41201150, 'HOPITAL MUTOTO', 41, 0, 0, NULL, '2014-07-10 10:13:00'),
  (233, 2, 1, 41201160, 'IMPROKA', 41, 0, 0, NULL, '2014-07-10 10:13:00'),
  (234, 2, 1, 41201180, 'JUKAYI', 41, 0, 0, NULL, '2014-07-10 10:13:00'),
  (235, 2, 1, 41201200, 'CPZA KATOKA SUD', 41, 0, 0, NULL, '2014-07-10 10:13:00'),
  (236, 2, 1, 41201240, 'PAROISSE NDESHA', 41, 0, 0, NULL, '2014-07-10 10:13:00'),
  (237, 2, 1, 41201250, 'PAROISSE OEUCUMENIQUE', 41, 0, 0, NULL, '2014-07-10 10:13:00'),
  (238, 2, 1, 41201350, 'DENTAL CLINIC', 41, 0, 0, NULL, '2014-07-10 10:13:00'),
  (239, 2, 1, 41201360, 'SOCIETE BIBLIQUE', 41, 0, 0, NULL, '2014-07-10 10:13:00'),
  (240, 2, 1, 41201410, '31ÈME CPC/SEC. GENERAL', 41, 0, 0, NULL, '2014-07-10 10:13:00'),
  (241, 2, 1, 41201420, 'CENTRE MPOKOLO WA MOYO', 41, 0, 0, NULL, '2014-07-10 10:13:00'),
  (242, 2, 1, 41201440, 'ONG BUTOKE', 41, 0, 0, NULL, '2014-07-10 10:13:00'),
  (243, 2, 1, 41201450, 'PAROISSE BIKUKU', 41, 0, 0, NULL, '2014-07-10 10:13:00'),
  (244, 2, 1, 41201460, 'MONUC', 41, 0, 0, NULL, '2014-07-10 10:13:00'),
  (245, 2, 1, 41201470, 'OMS', 41, 0, 0, NULL, '2014-07-10 10:13:00'),
  (246, 2, 1, 41201490, 'HOPITAL LUEBO', 41, 0, 0, NULL, '2014-07-10 10:13:00'),
  (247, 2, 1, 41201510, 'DGRAD', 41, 0, 0, NULL, '2014-07-10 10:13:00'),
  (248, 2, 1, 41211460, 'CPC LUNGANDU', 41, 0, 0, NULL, '2014-07-10 10:13:00'),
  (249, 2, 1, 41301000, 'CAUTIONS RECUES', 41, 0, 0, NULL, '2014-07-10 10:13:00'),
  (250, 2, 1, 41331000, 'CAUTIONS SALLE D''URGENCE CLINIC', 41, 0, 0, NULL, '2014-07-10 10:13:00'),
  (251, 2, 1, 41314000, 'CAUTIONS RECUES OPHTA', 41, 0, 0, NULL, '2014-07-10 10:13:00'),
  (252, 2, 1, 41331500, 'CAUTIONS HOSP CLINIC', 41, 0, 0, NULL, '2014-07-10 10:13:00'),
  (253, 2, 1, 41701000, 'IMPAYES', 41, 0, 0, NULL, '2014-07-10 10:13:00'),
  (254, 2, 1, 41711000, 'IMPAYES OPHTA', 41, 0, 0, NULL, '2014-07-10 10:13:00'),
  (255, 2, 1, 41771100, 'CLIENTS DOUTEUX', 41, 0, 0, NULL, '2014-07-10 10:13:00'),
  (256, 3, 1, 42, 'PERSONNEL', 4, 0, 0, NULL, '2014-07-10 10:13:00'),
  (390, 2, 1, 42201000, 'SALAIRES NETS A PAYER', 42, 0, 0, NULL, '2014-07-10 10:13:00'),
  (391, 2, 1, 42201010, 'RESTAU ET TRANSP. A PAYER', 42, 0, 0, NULL, '2014-07-10 10:13:00'),
  (392, 2, 1, 42201020, 'PRIME D''INTERIM A PAYER', 42, 0, 0, NULL, '2014-07-10 10:13:00'),
  (393, 2, 1, 42201030, 'PRIMES SUPPL TRANSP. A PAYER', 42, 0, 0, NULL, '2014-07-10 10:13:00'),
  (394, 2, 1, 42201040, 'PRIMES D''ENCOURAGEMENT A PAYER', 42, 0, 0, NULL, '2014-07-10 10:13:00'),
  (395, 2, 1, 42201050, 'PRIMES DE FIDELITE A PAYER', 42, 0, 0, NULL, '2014-07-10 10:13:00'),
  (396, 2, 1, 42201060, 'PRIMES DE FIN CARRIERE A PAYER', 42, 0, 0, NULL, '2014-07-10 10:13:00'),
  (397, 3, 1, 43, 'ETAT', 4, 0, 0, NULL, '2014-07-10 10:13:00'),
  (398, 2, 1, 43001000, 'CPR A PAYER', 43, 0, 0, NULL, '2014-07-10 10:13:00'),
  (399, 3, 1, 462, 'DEBITEURS ET CREDITEURS DIVERS', 4, 0, 0, NULL, '2014-07-10 10:13:00'),
  (400, 2, 1, 46201010, 'ZSR', 462, 0, 0, NULL, '2014-07-10 10:13:00'),
  (401, 2, 1, 46201120, 'CSBB (ECOLE PRIMAIRE)', 462, 0, 0, NULL, '2014-07-10 10:13:00'),
  (402, 2, 1, 46201140, 'GUEST DEPARTMENT', 462, 0, 0, NULL, '2014-07-10 10:13:00'),
  (403, 2, 1, 46201330, 'PAROISSE', 462, 0, 0, NULL, '2014-07-10 10:13:00'),
  (404, 3, 1, 463, 'COMPTES DES PROJETS', 4, 0, 0, NULL, '2014-07-10 10:13:00'),
  (405, 3, 1, 4631, 'ECOH', 463, 0, 0, NULL, '2014-07-10 10:13:00'),
  (406, 2, 1, 46311121, 'ECHO MORINGA TREE', 4631, 0, 0, NULL, '2014-07-10 10:13:00'),
  (407, 2, 1, 46311122, 'ECHO WOMEN''S DEVELOPMENT', 4631, 0, 0, NULL, '2014-07-10 10:13:00'),
  (408, 2, 1, 46311123, 'ECOH AGRICULTURAL DEVELOPMENT', 4631, 0, 0, NULL, '2014-07-10 10:13:00'),
  (409, 2, 1, 46311124, 'ECOH NUTRITION REAB. (CN)', 4631, 0, 0, NULL, '2014-07-10 10:13:00'),
  (410, 2, 1, 46311125, 'ECOH INDIGENT CARE PROJECT', 4631, 0, 0, NULL, '2014-07-10 10:13:00'),
  (411, 2, 1, 46311126, 'ECOH HEALTH CENTER', 4631, 0, 0, NULL, '2014-07-10 10:13:00'),
  (412, 2, 1, 46311127, 'ECOH ORPHAN SCHOR EDUC PROJECT', 4631, 0, 0, NULL, '2014-07-10 10:13:00'),
  (413, 2, 1, 46311128, 'ECOH HMHC', 4631, 0, 0, NULL, '2014-07-10 10:13:00'),
  (414, 2, 1, 46311130, 'ECOH CERVICAL CANCER', 4631, 0, 0, NULL, '2014-07-10 10:13:00'),
  (415, 2, 1, 46311131, 'ECOH BCZS COM. HEALTH PROGRAM', 4631, 0, 0, NULL, '2014-07-10 10:13:00'),
  (417, 3, 1, 4632, 'ECO', 463, 0, 0, NULL, '2014-07-10 10:13:00'),
  (418, 2, 1, 46321100, 'ECO MISSIONNARY HOUSING', 4632, 0, 0, NULL, '2014-07-10 10:13:00'),
  (419, 2, 1, 46321270, 'ECO CHARITY FUNDS', 4632, 0, 0, NULL, '2014-07-10 10:13:00'),
  (420, 2, 1, 46321400, 'ECO 320902 ITM', 4632, 0, 0, NULL, '2014-07-10 10:13:00'),
  (421, 2, 1, 46321510, 'ECO 320202/402 GENERAL N.D.', 4632, 0, 0, NULL, '2014-07-10 10:13:00'),
  (422, 2, 1, 46321490, 'ECO KAJIDI JONATHAN SCHOLARSHIP', 4632, 0, 0, NULL, '2014-07-10 10:13:00'),
  (423, 3, 1, 4633, 'MBF PROJECTS', 463, 0, 0, NULL, '2014-07-10 10:13:00'),
  (424, 2, 1, 46331121, 'MBF MORINGA TREE', 4633, 0, 0, NULL, '2014-07-10 10:13:00'),
  (425, 2, 1, 46331122, 'MBF WOMEN DEVELOPMENT', 4633, 0, 0, NULL, '2014-07-10 10:13:00'),
  (426, 2, 1, 46331127, 'MBF ORPHAN SCHOLARSHIP', 4633, 0, 0, NULL, '2014-07-10 10:13:00'),
  (427, 2, 1, 46331128, 'MBF MOTHER CARE BABY CARE', 4633, 0, 0, NULL, '2014-07-10 10:13:00'),
  (428, 2, 1, 46331129, 'MBF C-GSH FISTULA REPAIR', 4633, 0, 0, NULL, '2014-07-10 10:13:00'),
  (429, 2, 1, 46331350, 'MBF TOYOTA LAND C. 0448AA-15', 4633, 0, 0, NULL, '2014-07-10 10:13:00'),
  (430, 2, 1, 46331400, 'MBF ITM', 4633, 0, 0, NULL, '2014-07-10 10:13:00'),
  (431, 2, 1, 46331401, 'MBF ISTM', 4633, 0, 0, NULL, '2014-07-10 10:13:00'),
  (432, 2, 1, 46331510, 'MBF GENERAL NON DESIGNE', 4633, 0, 0, NULL, '2014-07-10 10:13:00'),
  (433, 2, 1, 46331540, 'MBF HYDRO ENTRETIEN', 4633, 0, 0, NULL, '2014-07-10 10:13:00'),
  (434, 2, 1, 46341400, 'ROW ITM', 463, 0, 0, NULL, '2014-07-10 10:13:00'),
  (435, 3, 1, 464, 'AUTRES DEBITEURS ET CREDITEURS DIVERS', 4, 0, 0, NULL, '2014-07-10 10:13:00'),
  (436, 2, 1, 46401000, 'SONAS', 464, 0, 0, NULL, '2014-07-10 10:13:00'),
  (437, 2, 1, 46411000, 'COTISATIONS INSS', 464, 0, 0, NULL, '2014-07-10 10:13:00'),
  (438, 2, 1, 46421000, 'COTISATIONS INPP', 464, 0, 0, NULL, '2014-07-10 10:13:00'),
  (439, 2, 1, 46421100, 'COTISATION SYNDICALE', 464, 0, 0, NULL, '2014-07-10 10:13:00'),
  (440, 2, 1, 46620202, 'ECOH/FISTULE', 4, 0, 0, NULL, '2014-07-10 10:13:00'),
  (441, 2, 1, 46641000, 'LOYERS HABITATIONS', 4, 0, 0, NULL, '2014-07-10 10:13:00'),
  (442, 2, 1, 46641100, 'CENTRE DE NUTRITION', 4, 0, 0, NULL, '2014-07-10 10:13:00'),
  (443, 2, 1, 46641200, 'GUEST HOUSE', 4, 0, 0, NULL, '2014-07-10 10:13:00'),
  (444, 2, 1, 46651130, 'CLINIQUE DENTAIRE', 4, 0, 0, NULL, '2014-07-10 10:13:00'),
  (445, 2, 1, 46651140, 'CNE (COMM. NAT. DE L''ENERGIE)', 4, 0, 0, NULL, '2014-07-10 10:13:00'),
  (446, 2, 1, 46651250, 'TABITHA MARIE MULANGA DORCAS', 4, 0, 0, NULL, '2014-07-10 10:13:00'),
  (447, 2, 1, 46661260, 'ECOLE', 4, 0, 0, NULL, '2014-07-10 10:13:00'),
  (448, 2, 1, 46661280, 'GBH', 4, 0, 0, NULL, '2014-07-10 10:13:00'),
  (449, 2, 1, 46661290, 'RENOVATION HYDROELECTRIC SYSTEM', 4, 0, 0, NULL, '2014-07-10 10:13:00'),
  (450, 2, 1, 46661310, 'LUKENGU NGALAMULUME', 4, 0, 0, NULL, '2014-07-10 10:13:00'),
  (451, 2, 1, 46661450, 'IMPROKA', 4, 0, 0, NULL, '2014-07-10 10:13:00'),
  (452, 2, 1, 46661520, 'BOURSES RESIDENTS', 4, 0, 0, NULL, '2014-07-10 10:13:00'),
  (453, 2, 1, 46661590, 'ISTM', 4, 0, 0, NULL, '2014-07-10 10:13:00'),
  (454, 2, 1, 46661610, 'CACOSME ACTION SOCIALE', 4, 0, 0, NULL, '2014-07-10 10:13:00'),
  (455, 2, 1, 46661620, 'FRS PERFECTIONNEMENT', 4, 0, 0, NULL, '2014-07-10 10:13:00'),
  (456, 2, 1, 46661640, 'BOURSE KAJIDI TSHIBUABUA', 4, 0, 0, NULL, '2014-07-10 10:13:00'),
  (457, 2, 1, 46661800, 'CENTRE MEDICAL D''ETUDES', 4, 0, 0, NULL, '2014-07-10 10:13:00'),
  (458, 2, 1, 46661830, 'DEPARTEMENT MEDICAL', 4, 0, 0, NULL, '2014-07-10 10:13:00'),
  (459, 2, 1, 46661860, 'MORQUE', 4, 0, 0, NULL, '2014-07-10 10:13:00'),
  (460, 2, 1, 46661870, 'REFECTOIRE CME (LOYER)', 4, 0, 0, NULL, '2014-07-10 10:13:00'),
  (461, 2, 1, 46661880, 'BICYCLES', 4, 0, 0, NULL, '2014-07-10 10:13:00'),
  (462, 2, 1, 46661890, 'PROJET REPARATION HYDRO', 4, 0, 0, NULL, '2014-07-10 10:13:00'),
  (463, 3, 1, 47, 'COMPTES DE REGULARISATION', 4, 0, 0, NULL, '2014-07-10 10:13:00'),
  (464, 2, 1, 47001000, 'REGULARISATION DE PASSIF', 47, 0, 0, NULL, '2014-07-10 10:13:00'),
  (465, 2, 1, 47101000, 'REGULARISATION D''ACTIF', 47, 0, 0, NULL, '2014-07-10 10:13:00'),
  (466, 2, 1, 47121000, 'CHARGES COMPTABILISES D''AVANCE', 47, 0, 0, NULL, '2014-07-10 10:13:00'),
  (467, 2, 1, 47201000, 'CHARGES A PAYER', 47, 0, 0, NULL, '2014-07-10 10:13:00'),
  (468, 2, 1, 48101000, 'PROVISIONS POUR IMPAYES MALADES', 4, 0, 0, NULL, '2014-07-10 10:13:00'),
  (469, 2, 1, 48111000, 'PROV. POUR DEPRECIATIONS DES CREANCES DOUTEUSES', 4, 0, 0, NULL, '2014-07-10 10:13:00'),
  (470, 2, 1, 49001000, 'COMPTE D''ATTENTE (ACTIF)', 4, 0, 0, NULL, '2014-07-10 10:13:00'),
  (471, 2, 1, 49101000, 'COMPTE D''ATTENTE (PASSIF)', 4, 0, 0, NULL, '2014-07-10 10:13:00'),
  (472, 2, 1, 49001100, 'AVANCE S/ACHAT A JUSTIFIER', 4, 0, 0, NULL, '2014-07-10 10:13:00'),
  (473, 3, 1, 5, 'COMPTES FINANCIERS', 0, 0, 0, NULL, '2014-07-10 10:13:00'),
  (474, 3, 1, 56, 'BANQUE', 5, 0, 0, NULL, '2014-07-10 10:13:00'),
  (475, 2, 1, 56001000, 'OPERATING GENERAL', 56, 0, 0, NULL, '2014-07-10 10:13:00'),
  (476, 2, 1, 56011000, 'BCZ', 56, 0, 0, NULL, '2014-07-10 10:13:00'),
  (477, 2, 1, 56011001, 'BCDC/USD', 56, 0, 0, NULL, '2014-07-10 10:13:00'),
  (478, 2, 1, 56031000, 'WOCHOVIA BANK', 56, 0, 0, NULL, '2014-07-10 10:13:00'),
  (479, 2, 1, 56041000, 'CITY BANK OPHTALMOLOGY', 56, 0, 0, NULL, '2014-07-10 10:13:00'),
  (480, 2, 1, 56051000, 'RESERVES', 56, 0, 0, NULL, '2014-07-10 10:13:00'),
  (482, 2, 1, 56201000, 'MBF', 56, 0, 0, NULL, '2014-07-10 10:13:00'),
  (483, 2, 1, 56701000, 'PNCBANK', 56, 0, 0, NULL, '2014-07-10 10:13:00'),
  (484, 2, 1, 56771100, 'PNCBANK-COMPTE BLOQUE', 56, 0, 0, NULL, '2014-07-10 10:13:00'),
  (485, 3, 1, 57, 'CAISSE', 5, 0, 0, NULL, '2014-07-10 10:13:00'),
  (486, 2, 1, 57101010, 'CAISSE PPLE HOSP FC', 57, 0, 0, NULL, '2014-07-10 10:13:00'),
  (487, 2, 1, 57101020, 'CAISSE PPLE HOSP $', 57, 0, 0, NULL, '2014-07-10 10:13:00'),
  (488, 2, 1, 57201010, 'CAISSE AUX CLINIC FC', 57, 0, 0, NULL, '2014-07-10 10:13:00'),
  (489, 2, 1, 57301000, 'GRAND COFFRE $', 57, 0, 0, NULL, '2014-07-10 10:13:00'),
  (490, 3, 1, 573, 'COMPTES DES FONDS', 57, 0, 0, NULL, '2014-07-10 10:13:00'),
  (491, 3, 1, 5731, 'ECOH', 573, 0, 0, NULL, '2014-07-10 10:13:00'),
  (492, 2, 1, 57311121, 'ECHO MORINGA TREE', 5731, 0, 0, NULL, '2014-07-10 10:13:00'),
  (493, 2, 1, 57311122, 'ECHO WOMEN''S DEVELOPMENT', 5731, 0, 0, NULL, '2014-07-10 10:13:00'),
  (494, 2, 1, 57311123, 'ECOH AGRICULTURAL DEVELOPMENT', 5731, 0, 0, NULL, '2014-07-10 10:13:00'),
  (495, 2, 1, 57311124, 'ECOH NUTRITION REAB. (CN)', 5731, 0, 0, NULL, '2014-07-10 10:13:00'),
  (496, 2, 1, 57311125, 'ECOH INDIGENT CARE PROJECT', 5731, 0, 0, NULL, '2014-07-10 10:13:00'),
  (497, 2, 1, 57311126, 'ECOH HEALTH CENTER', 5731, 0, 0, NULL, '2014-07-10 10:13:00'),
  (498, 2, 1, 57311127, 'ECOH ORPHAN SCHOR EDUC PROJECT', 5731, 0, 0, NULL, '2014-07-10 10:13:00'),
  (499, 2, 1, 57311128, 'ECOH HMHC', 5731, 0, 0, NULL, '2014-07-10 10:13:00'),
  (500, 2, 1, 57311129, 'ECOH FISTULA PROJECT', 5731, 0, 0, NULL, '2014-07-10 10:13:00'),
  (501, 2, 1, 57311130, 'ECOH CERVICAL CANCER', 5731, 0, 0, NULL, '2014-07-10 10:13:00'),
  (502, 2, 1, 57311131, 'ECOH BCZS COM. HEALTH PROGRAM', 5731, 0, 0, NULL, '2014-07-10 10:13:00'),
  (504, 3, 1, 5732, 'ECO', 573, 0, 0, NULL, '2014-07-10 10:13:00'),
  (505, 2, 1, 57321100, 'ECO MISSIONNARY HOUSING', 5732, 0, 0, NULL, '2014-07-10 10:13:00'),
  (506, 2, 1, 57321270, 'ECO CHARITY FUNDS', 5732, 0, 0, NULL, '2014-07-10 10:13:00'),
  (507, 2, 1, 57321510, 'ECO 320202/402 GENERAL N.D.', 5732, 0, 0, NULL, '2014-07-10 10:13:00'),
  (508, 2, 1, 57321400, 'ECO 320902 ITM', 5732, 0, 0, NULL, '2014-07-10 10:13:00'),
  (509, 2, 1, 57321490, 'ECO KAJIDI JONATHAN SCHOLARSHIP', 5732, 0, 0, NULL, '2014-07-10 10:13:00'),
  (510, 3, 1, 5733, 'MBF', 573, 0, 0, NULL, '2014-07-10 10:13:00'),
  (511, 2, 1, 57331121, 'MBF MORINGA TREE', 5733, 0, 0, NULL, '2014-07-10 10:13:00'),
  (512, 2, 1, 57331122, 'MBF WOMEN DEVELOPMENT', 5733, 0, 0, NULL, '2014-07-10 10:13:00'),
  (513, 2, 1, 57331127, 'MBF ORPHAN SCHOLARSHIP', 5733, 0, 0, NULL, '2014-07-10 10:13:00'),
  (514, 2, 1, 57331128, 'MBF MOTHER CARE BABY CARE', 5733, 0, 0, NULL, '2014-07-10 10:13:00'),
  (515, 2, 1, 57331129, 'MBF C-GSH FISTULA REPAIR', 5733, 0, 0, NULL, '2014-07-10 10:13:00'),
  (516, 2, 1, 57331350, 'MBF TOYOTA LAND C. 0448AA-15', 5733, 0, 0, NULL, '2014-07-10 10:13:00'),
  (517, 2, 1, 57331400, 'MBF ITM', 5733, 0, 0, NULL, '2014-07-10 10:13:00'),
  (518, 2, 1, 57331401, 'MBF ISTM', 5733, 0, 0, NULL, '2014-07-10 10:13:00'),
  (519, 2, 1, 57331510, 'MBF GENERAL NON DESIGNE', 5733, 0, 0, NULL, '2014-07-10 10:13:00'),
  (520, 2, 1, 57331540, 'MBF HYDRO ENTRETIEN', 5733, 0, 0, NULL, '2014-07-10 10:13:00'),
  (521, 2, 1, 57341400, 'ROW ITM', 573, 0, 0, NULL, '2014-07-10 10:13:00'),
  (522, 2, 1, 57351129, 'FISTULE UNICEF', 573, 0, 0, NULL, '2014-07-10 10:13:00'),
  (523, 3, 1, 59, 'COMPTES DE VIREMENT INTERNE', 5, 0, 0, NULL, '2014-07-10 10:13:00'),
  (524, 2, 1, 59001000, 'TRANSFERT FTR-CAISSE PPLE', 59, 0, 0, NULL, '2014-07-10 10:13:00'),
  (525, 2, 1, 59051600, 'TRANSFERT FTR-FONDS DIVERS', 59, 0, 0, NULL, '2014-07-10 10:13:00'),
  (526, 2, 1, 59071000, 'TRF GRAND COFFRE CSSE PPLE', 59, 0, 0, NULL, '2014-07-10 10:13:00'),
  (527, 2, 1, 59101000, 'TRANSFERT BCZ-CAISSE PPLE', 59, 0, 0, NULL, '2014-07-10 10:13:00'),
  (528, 2, 1, 59101001, 'TFT BCDC USD - CAISSE PPLE', 59, 0, 0, NULL, '2014-07-10 10:13:00'),
  (529, 2, 1, 59131200, 'VIREMENT CAISSE CLINIC-BCDC', 59, 0, 0, NULL, '2014-07-10 10:13:00'),
  (530, 2, 1, 59131300, 'VIREMENT CAISSE HOSP-BCDC', 59, 0, 0, NULL, '2014-07-10 10:13:00'),
  (531, 2, 1, 59201000, 'TRANSFERT CLINIC-CAISSE PPLE FC', 59, 0, 0, NULL, '2014-07-10 10:13:00'),
  (532, 2, 1, 59501000, 'TRANSFERT CLINIQUE DENTAIRE-CAISSE PPLE FC', 59, 0, 0, NULL, '2014-07-10 10:13:00'),
  (533, 2, 1, 59501001, 'TRANSFERT CLINIQUE DENTAIRE-CAISSE PPLE $', 59, 0, 0, NULL, '2014-07-10 10:13:00'),
  (534, 2, 1, 59901000, 'OPERATION DE CHANGE', 59, 0, 0, NULL, '2014-07-10 10:13:00'),
  (535, 3, 1, 6, 'COMPTES DES CHARGES ET PERTES PAR NATURE', 0, 0, 0, NULL, '2014-07-10 10:13:00'),
  (536, 3, 1, 60, 'STOCKS VENDUS', 6, 0, 0, NULL, '2014-07-10 10:13:00'),
  (537, 1, 1, 60011100, 'ANTIDOTE', 60, 0, 0, NULL, '2014-07-10 10:13:00'),
  (538, 1, 1, 60011101, 'TENSION ARTÉRIELLE', 60, 0, 0, NULL, '2014-07-10 10:13:00'),
  (539, 1, 1, 60011102, 'DIURÉTIQUES', 60, 0, 0, NULL, '2014-07-10 10:13:00'),
  (540, 1, 1, 60011103, 'SYSTÈME CARDIOVASCULAIRE', 60, 0, 0, NULL, '2014-07-10 10:13:00'),
  (541, 1, 1, 60011104, 'MÉDICAMENTS HÉMATOLOGIQUES', 60, 0, 0, NULL, '2014-07-10 10:13:00'),
  (542, 1, 1, 60011105, 'MALADIES MÉTABOLIQUES', 60, 0, 0, NULL, '2014-07-10 10:13:00'),
  (543, 1, 1, 60011106, 'SYSTÈME GASTRO-INTESTINAL', 60, 0, 0, NULL, '2014-07-10 10:13:00'),
  (544, 1, 1, 60011107, 'SPASMOLYTIQUES', 60, 0, 0, NULL, '2014-07-10 10:13:00'),
  (545, 1, 1, 60011108, 'MÉDICAMENTS POUR LE FOIE LA VÉSICULE ET LE PANCRÉAS', 60, 0, 0, NULL, '2014-07-10 10:13:00'),
  (546, 1, 1, 60011109, 'ANTIÉMETIQUES LAXATIFS ET ANTI DIARRHÉIQUES', 60, 0, 0, NULL, '2014-07-10 10:13:00'),
  (547, 1, 1, 60011110, 'SYSTÈME URO-GÉNITAL', 60, 0, 0, NULL, '2014-07-10 10:13:00'),
  (548, 1, 1, 60011111, 'SYSTÈME RESPIRATOIRE', 60, 0, 0, NULL, '2014-07-10 10:13:00'),
  (549, 1, 1, 60011112, 'ANALGÉSIQUES  - ANTIPYRÉTIQUES -AINS', 60, 0, 0, NULL, '2014-07-10 10:13:00'),
  (550, 1, 1, 60011113, 'ANALGÉSIQUES MORPHINIQUES ET  STUPEFIANTS (NT) (PT)', 60, 0, 0, NULL, '2014-07-10 10:13:00'),
  (551, 1, 1, 60011114, 'PSYCHOTROPES HYPNOTIQUES SÉDATIFS ANXIOLYTIQUES', 60, 0, 0, NULL, '2014-07-10 10:13:00'),
  (552, 1, 1, 60011115, 'ANTIÉPILEPTIQUES ET ANTICOPARILSIVANTS', 60, 0, 0, NULL, '2014-07-10 10:13:00'),
  (553, 1, 1, 60011116, 'ANTIALLERGIQUES', 60, 0, 0, NULL, '2014-07-10 10:13:00'),
  (554, 1, 1, 60011117, 'GLUCOCORTICOIDES', 60, 0, 0, NULL, '2014-07-10 10:13:00'),
  (555, 1, 1, 60011118, 'MÉDICAMENTS DE LA THYROÏDE', 60, 0, 0, NULL, '2014-07-10 10:13:00'),
  (556, 1, 1, 60011119, 'HORMONES SEXUELLES ET CONTRACEPTIONS', 60, 0, 0, NULL, '2014-07-10 10:13:00'),
  (557, 1, 1, 60011120, 'MÉDICAMENTS DU DIABÈTE', 60, 0, 0, NULL, '2014-07-10 10:13:00'),
  (558, 1, 1, 60011121, 'MÉDICAMENTS ANTI-MALARIA', 60, 0, 0, NULL, '2014-07-10 10:13:00'),
  (559, 1, 1, 60011122, 'ANTIBIOTIQUES BETA-LACTAMES', 60, 0, 0, NULL, '2014-07-10 10:13:00'),
  (560, 1, 1, 60011123, 'ANTIBIOTIQUES NON BETA-LACTAMES', 60, 0, 0, NULL, '2014-07-10 10:13:00'),
  (561, 1, 1, 60011124, 'ANTITUBERCULEUX-ANTILEPREUX', 60, 0, 0, NULL, '2014-07-10 10:13:00'),
  (562, 1, 1, 60011125, 'MÉDICAMENTS ANTIMYCOSIQUES', 60, 0, 0, NULL, '2014-07-10 10:13:00'),
  (563, 1, 1, 60011126, 'MÉDICAMENTS ANTIHELMINTHIQUES TILAIRES', 60, 0, 0, NULL, '2014-07-10 10:13:00'),
  (564, 1, 1, 60011127, 'MÉDICAMENTS ANTIVIRAUX', 60, 0, 0, NULL, '2014-07-10 10:13:00'),
  (565, 1, 1, 60011128, 'VACCINS IMMUNOGLOBULINES ET SÉRUMS', 60, 0, 0, NULL, '2014-07-10 10:13:00'),
  (566, 1, 1, 60011129, 'MÉDICAMENTS ANTITUMORAUX ET IMMUNODÉPRESSEURS', 60, 0, 0, NULL, '2014-07-10 10:13:00'),
  (567, 1, 1, 60011130, 'MINÉRAUX VITAMINES ET TONIQUES', 60, 0, 0, NULL, '2014-07-10 10:13:00'),
  (568, 1, 1, 60011131, 'MÉDICAMENTS À USAGE DERMATOLOGIQUE', 60, 0, 0, NULL, '2014-07-10 10:13:00'),
  (569, 1, 1, 60011132, 'MÉDICAMENTS À USAGE OPHTALMIQUE', 60, 0, 0, NULL, '2014-07-10 10:13:00'),
  (570, 1, 1, 60011133, 'MÉDICAMENTS À USAGE OTIQUE', 60, 0, 0, NULL, '2014-07-10 10:13:00'),
  (571, 1, 1, 60011134, 'MÉDICAMENTS DES AFFECTIONS BUCCO-PHARYNGÉES', 60, 0, 0, NULL, '2014-07-10 10:13:00');

INSERT INTO account (id, account_type_id, enterprise_id, account_number, account_txt, parent, fixed, locked, cc_id, created) VALUES
  (572, 1, 1, 60011135, 'MÉDICAMENTS DES AFFECTIONS VULVO-VAGINALES', 60, 0, 0, NULL, '2014-07-10 10:13:00'),
  (573, 1, 1, 60011138, 'MÉDICAMENTS AGISSANT SUR LA MUSCULATURE UTÉRINE', 60, 0, 0, NULL, '2014-07-10 10:13:00'),
  (574, 1, 1, 60011139, 'FLUIDES IV ET SUBSTITUTS DU PLASMA', 60, 0, 0, NULL, '2014-07-10 10:13:00'),
  (575, 1, 1, 60011140, 'TESTS DIAGNOSTIQUES ET BANDELETTES DIAGNOSTIQUES', 60, 0, 0, NULL, '2014-07-10 10:13:00'),
  (576, 1, 1, 60011159, 'CONSOMMABLES D''UROLOGIE', 60, 0, 0, NULL, '2014-07-10 10:13:00'),
  (577, 1, 1, 60011171, 'MÉDICAMENTS EN POUDRE', 60, 0, 0, NULL, '2014-07-10 10:13:00'),
  (578, 1, 1, 60011172, 'GANTS', 60, 0, 0, NULL, '2014-07-10 10:13:00'),
  (579, 1, 1, 60011174, 'CONSOMMABLES DE SUTURE', 60, 0, 0, NULL, '2014-07-10 10:13:00'),
  (580, 1, 1, 60011175, 'SÉRINGUES AIGUILLES CATHETERS ET SET', 60, 0, 0, NULL, '2014-07-10 10:13:00'),
  (581, 1, 1, 60011176, 'TUBES ENDOTRACHEAUX ASPIRATION ALIMENTATIONS ET DRAINS THORACIQUES', 60, 0, 0, NULL, '2014-07-10 10:13:00'),
  (582, 1, 1, 60011189, 'CONSOMMABLES DE TRAUMATOLOGIE', 60, 0, 0, NULL, '2014-07-10 10:13:00'),
  (583, 3, 1, 611, 'CONSOMMATIONS FOURNITURES', 6, 0, 0, NULL, '2014-07-10 10:13:00'),
  (584, 1, 1, 61111129, 'REPAS MALADES FISTULEUSES', 611, 0, 0, NULL, '2014-07-10 10:13:00'),
  (585, 1, 1, 61112170, 'PRODUITS ALIMENTAIRES', 611, 0, 0, NULL, '2014-07-10 10:13:00'),
  (586, 1, 1, 61111136, 'ANESTHÉSIQUES LOCAUX', 611, 0, 0, NULL, '2014-07-10 10:13:00'),
  (587, 1, 1, 61112180, 'PRODUITS ALIMENTAIRES GUEST HOUSE', 611, 0, 0, NULL, '2014-07-10 10:13:00'),
  (588, 1, 1, 61111137, 'ANESTHÉSIQUES GÉNÉRAUX ET MÉDICAMENTS PRÉOPÉRATOIRES', 611, 0, 0, NULL, '2014-07-10 10:13:00'),
  (589, 1, 1, 61111141, 'TESTS DIAGNOSTIQUES ET BANDELETTES DIAGNOSTIQUES', 611, 0, 0, NULL, '2014-07-10 10:13:00'),
  (590, 1, 1, 61111142, 'MATERIEL ET EQUIPEMENT DE LABORATOIRE', 611, 0, 0, NULL, '2014-07-10 10:13:00'),
  (591, 1, 1, 61111143, 'RÉACTIFS DE LABORATOIRE', 611, 0, 0, NULL, '2014-07-10 10:13:00'),
  (592, 1, 1, 61111144, 'CONSOMMABLE DE LABORATOIRE', 611, 0, 0, NULL, '2014-07-10 10:13:00'),
  (593, 1, 1, 61111145, 'BACTÉRIOLOGIE : COLORATION', 611, 0, 0, NULL, '2014-07-10 10:13:00'),
  (594, 1, 1, 61111146, 'CHAINE DE FROID', 611, 0, 0, NULL, '2014-07-10 10:13:00'),
  (595, 1, 1, 61111147, 'MATÉRIEL ET ÉQUIPEMENT DE MICROSCOPE', 611, 0, 0, NULL, '2014-07-10 10:13:00'),
  (596, 1, 1, 61111148, 'CONSOMMABLES DE MICROSCOPIE', 611, 0, 0, NULL, '2014-07-10 10:13:00'),
  (597, 1, 1, 61111149, 'BACTÉRIOLOGIE : MILIEUX DE CULTURE', 611, 0, 0, NULL, '2014-07-10 10:13:00'),
  (598, 1, 1, 61111152, 'VETEMENTS PROFESSIONNELS', 611, 0, 0, NULL, '2014-07-10 10:13:00'),
  (599, 1, 1, 61111158, 'MATÉRIEL ET ÉQUIPEMENT D''UROLOGIE', 611, 0, 0, NULL, '2014-07-10 10:13:00'),
  (600, 1, 1, 61111160, 'MATÉRIEL ET ÉQUIPEMENT DE STÉRILISATION', 611, 0, 0, NULL, '2014-07-10 10:13:00'),
  (601, 1, 1, 61111161, 'CONSOMMABLES DE STÉRILISATION', 611, 0, 0, NULL, '2014-07-10 10:13:00'),
  (602, 1, 1, 61111165, 'MATÉRIELS ET ÉQUIPEMENT D''IMAGERIE MÉDICALE ET ECG', 611, 0, 0, NULL, '2014-07-10 10:13:00'),
  (603, 1, 1, 61111166, 'CONSOMMABLES D''IMAGERIE MÉDICALE ET ECG SERVICE', 611, 0, 0, NULL, '2014-07-10 10:13:00'),
  (604, 1, 1, 61111170, 'MATÉRIEL ET ÉQUIPEMENT DE SOINS', 611, 0, 0, NULL, '2014-07-10 10:13:00'),
  (605, 1, 1, 61111173, 'GANTS NON STERILES', 611, 0, 0, NULL, '2014-07-10 10:13:00'),
  (606, 1, 1, 61111180, 'MATÉRIEL ET ÉQUIPEMENT DE DIAGNOSTIC', 611, 0, 0, NULL, '2014-07-10 10:13:00'),
  (607, 1, 1, 61111181, 'MATÉRIEL DE TRAITEMENT ET DE PROCEDURES OPERATOIRES', 611, 0, 0, NULL, '2014-07-10 10:13:00'),
  (608, 1, 1, 61111183, 'DÉSINFECTANTS ANTISEPTIQUES ET PURIFICATION DE L''EAU', 611, 0, 0, NULL, '2014-07-10 10:13:00'),
  (609, 1, 1, 61111184, 'KITS', 611, 0, 0, NULL, '2014-07-10 10:13:00'),
  (610, 1, 1, 61111185, 'MATÉRIEL DE PHARMACIE', 611, 0, 0, NULL, '2014-07-10 10:13:00'),
  (611, 1, 1, 61111186, 'CONSOMMABLES DE PHARMACIE', 611, 0, 0, NULL, '2014-07-10 10:13:00'),
  (612, 1, 1, 61111187, 'MATÉRIEL D''ANESTHÉSIE ET DE RÉANIMATION', 611, 0, 0, NULL, '2014-07-10 10:13:00'),
  (613, 1, 1, 61111188, 'MATERIEL DE TRAUMATOLOGIE', 611, 0, 0, NULL, '2014-07-10 10:13:00'),
  (614, 1, 1, 61112180, 'PRODUITS ALIMENTAIRES GUEST HOUSE', 611, 0, 0, NULL, '2014-07-10 10:13:00'),
  (615, 1, 1, 61311150, 'MATÉRIEL ET ÉQUIPEMENT ADMINISTRATIF', 6, 0, 0, NULL, '2014-07-10 10:13:00'),
  (616, 1, 1, 61311151, 'CONSOMMABLES ADMINISTRATIFS', 6, 0, 0, NULL, '2014-07-10 10:13:00'),
  (617, 3, 1, 614, 'CARBURANT ET LUBRIFIANT', 6, 0, 0, NULL, '2014-07-10 10:13:00'),
  (618, 3, 1, 6141, '', 614, 0, 0, NULL, '2014-07-10 10:13:00'),
  (619, 1, 1, 61411000, 'CARBURANT', 6141, 0, 0, NULL, '2014-07-10 10:13:00'),
  (620, 1, 1, 61411100, 'LUBRIFIANT', 6141, 0, 0, NULL, '2014-07-10 10:13:00'),
  (621, 1, 1, 61411200, 'MOTO RECOUVREMENT', 6141, 0, 0, NULL, '2014-07-10 10:13:00'),
  (624, 3, 1, 615, 'EAU ET ELECTRICITE', 6, 0, 0, NULL, '2014-07-10 10:13:00'),
  (626, 1, 1, 61561000, 'EAU', 6156, 0, 0, NULL, '2014-07-10 10:13:00'),
  (627, 1, 1, 61561100, 'ELECTRICITÉ', 6156, 0, 0, NULL, '2014-07-10 10:13:00'),
  (628, 1, 1, 61601182, 'CONSOMMABLE ET MATÉRIEL D''ENTRETIEN HOSPITALIER', 6, 0, 0, NULL, '2014-07-10 10:13:00'),
  (629, 3, 1, 618, 'PIECES DE RECHANGE', 6, 0, 0, NULL, '2014-07-10 10:13:00'),
  (632, 1, 1, 61871000, 'PIÈCES DE RECHANGE LC', 618, 0, 0, NULL, '2014-07-10 10:13:00'),
  (633, 1, 1, 61871100, 'GROUPE ÉLECTROGÈNE', 618, 0, 0, NULL, '2014-07-10 10:13:00'),
  (634, 1, 1, 61871200, 'MOTO RECOUVREMENT', 618, 0, 0, NULL, '2014-07-10 10:13:00'),
  (635, 1, 1, 61871300, 'HYDRO', 618, 0, 0, NULL, '2014-07-10 10:13:00'),
  (636, 1, 1, 61900100, 'AUTRES FOURNITURES', 6, 0, 0, NULL, '2014-07-10 10:13:00'),
  (637, 1, 1, 61901000, 'PETIT MATERIEL ET MOBILIER', 6, 0, 0, NULL, '2014-07-10 10:13:00'),
  (638, 3, 1, 621, 'TRANSPORT CONSOMME', 6, 0, 0, NULL, '2014-07-10 10:13:00'),
  (639, 1, 1, 62101000, 'TRANSPORT PERSONNEL', 621, 0, 0, NULL, '2014-07-10 10:13:00'),
  (640, 1, 1, 62111129, 'TRANSPORT MALADES FISTULEUSES', 621, 0, 0, NULL, '2014-07-10 10:13:00'),
  (641, 3, 1, 623, 'AUTRES FRAIS DE TRANSPORT', 6, 0, 0, NULL, '2014-07-10 10:13:00'),
  (642, 1, 1, 62301000, 'DÉPLACEMENTS ET VOYAGES', 623, 0, 0, NULL, '2014-07-10 10:13:00'),
  (643, 1, 1, 62801000, 'DIVERS FRAIS DE VOYAGE', 6, 0, 0, NULL, '2014-07-10 10:13:00'),
  (644, 3, 1, 63, 'AUTRES SERVICES CONSOMMES', 6, 0, 0, NULL, '2014-07-10 10:13:00'),
  (645, 3, 1, 630, '', 63, 0, 0, NULL, '2014-07-10 10:13:00'),
  (646, 1, 1, 63001000, 'LOYER ET CHARGES LOCATIVES', 630, 0, 0, NULL, '2014-07-10 10:13:00'),
  (647, 3, 1, 631, 'FRAIS D''ENTRETIEN', 63, 0, 0, NULL, '2014-07-10 10:13:00'),
  (648, 1, 1, 63121000, 'ENTRETIEN TERRAIN', 631, 0, 0, NULL, '2014-07-10 10:13:00'),
  (649, 1, 1, 63151000, 'ENTRETIEN MAT. DE TRANSPORT', 631, 0, 0, NULL, '2014-07-10 10:13:00'),
  (650, 1, 1, 63161350, 'ENTRETIEN LC MOBILITY', 631, 0, 0, NULL, '2014-07-10 10:13:00'),
  (651, 1, 1, 63171100, 'ENTRETIEN GROUPE ÉLECTROGÈNE', 631, 0, 0, NULL, '2014-07-10 10:13:00'),
  (652, 3, 1, 632, 'FRAIS FIDICIAIRES', 63, 0, 0, NULL, '2014-07-10 10:13:00'),
  (653, 1, 1, 63201000, 'FRAIS D''ACTE NOTARIAL', 632, 0, 0, NULL, '2014-07-10 10:13:00'),
  (654, 1, 1, 63201010, 'HONORAIRES AVOCAT', 632, 0, 0, NULL, '2014-07-10 10:13:00'),
  (655, 1, 1, 63201030, 'HONORAIRES AUDITEURS', 632, 0, 0, NULL, '2014-07-10 10:13:00'),
  (656, 1, 1, 63211100, 'FIDICIAIRE KAPUKU MUAMBA ALIDOR', 632, 0, 0, NULL, '2014-07-10 10:13:00'),
  (657, 1, 1, 63211129, 'HONORAIRES S/OPERATIONS FISTULEUSES', 632, 0, 0, NULL, '2014-07-10 10:13:00'),
  (658, 1, 1, 63221000, 'AVOCAT BEYA MARCEL', 632, 0, 0, NULL, '2014-07-10 10:13:00'),
  (659, 1, 1, 63221100, 'AVOCAT MUBALU KANKOLONGO', 632, 0, 0, NULL, '2014-07-10 10:13:00'),
  (660, 3, 1, 633, 'FRAIS BANCAIRES', 63, 0, 0, NULL, '2014-07-10 10:13:00'),
  (661, 3, 1, 6330, '', 633, 0, 0, NULL, '2014-07-10 10:13:00'),
  (662, 1, 1, 63301000, 'FRAIS BANCAIRES PNC BANK', 6330, 0, 0, NULL, '2014-07-10 10:13:00'),
  (663, 1, 1, 63301001, 'FRAIS BANCAIRES WELLS FARGO / WACHOVIA', 6330, 0, 0, NULL, '2014-07-10 10:13:00'),
  (664, 1, 1, 63301002, 'FRAIS BANCAIRES CITI BANK', 6330, 0, 0, NULL, '2014-07-10 10:13:00'),
  (665, 1, 1, 63301003, 'FRAIS BANCAIRES BCDC', 6330, 0, 0, NULL, '2014-07-10 10:13:00'),
  (666, 1, 1, 63301004, 'FRAIS BANCAIRES FT', 6330, 0, 0, NULL, '2014-07-10 10:13:00'),
  (667, 1, 1, 63301200, 'FRAIS D''HOTEL RESTAURANT', 6330, 0, 0, NULL, '2014-07-10 10:13:00'),
  (668, 1, 1, 63301300, 'FRAIS POSTES ET TELECOMMUNICATION', 6330, 0, 0, NULL, '2014-07-10 10:13:00'),
  (669, 1, 1, 63301400, 'AUTRES SERVICES EXTERIEURS', 6330, 0, 0, NULL, '2014-07-10 10:13:00'),
  (670, 3, 1, 6331, 'ECOH', 633, 0, 0, NULL, '2014-07-10 10:13:00'),
  (671, 1, 1, 63311121, 'ECOH MORINGA TREE', 6331, 0, 0, NULL, '2014-07-10 10:13:00'),
  (672, 1, 1, 63311122, 'ECOH WOMENS DEVELOPMENT', 6331, 0, 0, NULL, '2014-07-10 10:13:00'),
  (673, 1, 1, 63311123, 'ECOH AGRICULTURAL DEVELOPMENT', 6331, 0, 0, NULL, '2014-07-10 10:13:00'),
  (674, 1, 1, 63311124, 'ECOH NUTRITION REAB. (CN)', 6331, 0, 0, NULL, '2014-07-10 10:13:00'),
  (675, 1, 1, 63311125, 'ECOH INDIGENT CARE PROJECT', 6331, 0, 0, NULL, '2014-07-10 10:13:00'),
  (676, 1, 1, 63311126, 'ECOH HEALTH CENTER', 6331, 0, 0, NULL, '2014-07-10 10:13:00'),
  (677, 1, 1, 63311127, 'ECOH ORPHAN SCHOR EDUC PROJECT', 6331, 0, 0, NULL, '2014-07-10 10:13:00'),
  (678, 1, 1, 63311128, 'ECOH HMHC', 6331, 0, 0, NULL, '2014-07-10 10:13:00'),
  (679, 1, 1, 63311129, 'ECOH FISTULA PROJECT', 6331, 0, 0, NULL, '2014-07-10 10:13:00'),
  (680, 1, 1, 63311130, 'ECOH CERVICAL CANCER', 6331, 0, 0, NULL, '2014-07-10 10:13:00'),
  (681, 1, 1, 63311131, 'ECOH HEALTH PROGRAM', 6331, 0, 0, NULL, '2014-07-10 10:13:00'),
  (683, 3, 1, 6332, 'ECO', 633, 0, 0, NULL, '2014-07-10 10:13:00'),
  (684, 1, 1, 63321100, 'ECO MISSIONNARY HOUSING', 6332, 0, 0, NULL, '2014-07-10 10:13:00'),
  (685, 1, 1, 63321270, 'ECO CHARITY FUNDS', 6332, 0, 0, NULL, '2014-07-10 10:13:00'),
  (686, 1, 1, 63321400, 'ECO 320902 ITM', 6332, 0, 0, NULL, '2014-07-10 10:13:00'),
  (687, 1, 1, 63321510, 'ECO 320202/402 GENERAL N.D.', 6332, 0, 0, NULL, '2014-07-10 10:13:00'),
  (689, 3, 1, 6333, 'MBF PROJECTS', 633, 0, 0, NULL, '2014-07-10 10:13:00'),
  (690, 1, 1, 63331121, 'MBF MORINGA TREE', 6333, 0, 0, NULL, '2014-07-10 10:13:00'),
  (691, 1, 1, 63331122, 'MBF WOMEN DEVELOPMENT', 6333, 0, 0, NULL, '2014-07-10 10:13:00'),
  (692, 1, 1, 63331127, 'MBF ORPHAN SCHOLARSHIP', 6333, 0, 0, NULL, '2014-07-10 10:13:00'),
  (693, 1, 1, 63331128, 'MBF MOTHER CARE BABY CARE', 6333, 0, 0, NULL, '2014-07-10 10:13:00'),
  (694, 1, 1, 63331129, 'MBF FISTULA REPAIR', 6333, 0, 0, NULL, '2014-07-10 10:13:00'),
  (695, 1, 1, 63331350, 'MBF TOYOTA LAND C.0448AA-15', 6333, 0, 0, NULL, '2014-07-10 10:13:00'),
  (696, 1, 1, 63331400, 'MBF ITM', 6333, 0, 0, NULL, '2014-07-10 10:13:00'),
  (697, 1, 1, 63331401, 'MBF ISTM', 6333, 0, 0, NULL, '2014-07-10 10:13:00'),
  (698, 1, 1, 63331510, 'MBF GENERAL NON DESIGNE', 6333, 0, 0, NULL, '2014-07-10 10:13:00'),
  (699, 1, 1, 63331540, 'MBF HYDRO ENTRETIEN', 6333, 0, 0, NULL, '2014-07-10 10:13:00'),
  (700, 1, 1, 63341400, 'ROW ITM', 633, 0, 0, NULL, '2014-07-10 10:13:00'),
  (701, 3, 1, 64, 'CHARGES ET PERTES DIVERSES', 6, 0, 0, NULL, '2014-07-10 10:13:00'),
  (702, 3, 1, 640, 'ASSURANCES', 64, 0, 0, NULL, '2014-07-10 10:13:00'),
  (703, 1, 1, 64071000, 'ASSURANCES VEHICULES', 640, 0, 0, NULL, '2014-07-10 10:13:00'),
  (704, 1, 1, 64071100, 'ASSURANCES MOTOS', 640, 0, 0, NULL, '2014-07-10 10:13:00'),
  (705, 3, 1, 645, 'COTISATIONS ET AUTRES', 64, 0, 0, NULL, '2014-07-10 10:13:00'),
  (706, 1, 1, 64511000, 'ASSISTANCES AU PERSONNEL', 645, 0, 0, NULL, '2014-07-10 10:13:00'),
  (707, 1, 1, 64521000, 'COTISATIONS', 645, 0, 0, NULL, '2014-07-10 10:13:00'),
  (708, 1, 1, 64521100, 'DONS', 645, 0, 0, NULL, '2014-07-10 10:13:00'),
  (709, 1, 1, 64521110, 'REPRESENTATION DES TRAVAILLEURS AUX DEFILES', 645, 0, 0, NULL, '2014-07-10 10:13:00'),
  (710, 1, 1, 64521120, 'REPRESENTATION A L''EPN', 645, 0, 0, NULL, '2014-07-10 10:13:00'),
  (711, 1, 1, 64601000, 'DIFFERENCE DE CHANGE', 64, 0, 0, NULL, '2014-07-10 10:13:00'),
  (712, 1, 1, 64601100, 'PERTE DE L''INVENTAIRE', 64, 0, 0, NULL, '2014-07-10 10:13:00'),
  (713, 1, 1, 64701000, 'SOINS GRATUITS (CHARITE)', 64, 0, 0, NULL, '2014-07-10 10:13:00'),
  (714, 1, 1, 64701100, 'CREANCES IRRECOUVRABLES', 64, 0, 0, NULL, '2014-07-10 10:13:00'),
  (715, 1, 1, 64801000, 'AMENDES PENALES', 64, 0, 0, NULL, '2014-07-10 10:13:00'),
  (716, 1, 1, 64901000, 'CONSEIL D''ADMINISTRATION', 64, 0, 0, NULL, '2014-07-10 10:13:00'),
  (717, 1, 1, 64931000, 'PERTES S/EXERCICES ANTERIEURS', 64, 0, 0, NULL, '2014-07-10 10:13:00'),
  (718, 1, 1, 64961000, 'CHARGES ET PERTES DIVERSES', 64, 0, 0, NULL, '2014-07-10 10:13:00'),
  (719, 3, 1, 65, 'CHARGES DU PERSONNEL', 6, 0, 0, NULL, '2014-07-10 10:13:00'),
  (720, 3, 1, 651, 'SALAIRES ET PRIMES', 65, 0, 0, NULL, '2014-07-10 10:13:00'),
  (721, 1, 1, 65111000, 'SALAIRES BRUTS ET PRIMES', 651, 0, 0, NULL, '2014-07-10 10:13:00'),
  (722, 1, 1, 65111129, 'PRIME S/OPERATIONS FISTULES', 651, 0, 0, NULL, '2014-07-10 10:13:00'),
  (764, 1, 1, 65141000, 'ALLOCATIONS FAMILIALES LEGALES', 651, 0, 0, NULL, '2014-07-10 10:13:00'),
  (874, 3, 1, 652, 'AUTRES CHARGES DU PERSONNEL', 65, 0, 0, NULL, '2014-07-10 10:13:00'),
  (875, 1, 1, 65211000, 'CHARGES SOCIALES DIVERSES', 652, 0, 0, NULL, '2014-07-10 10:13:00'),
  (876, 1, 1, 65301000, 'INDEMNITES DIVERSES', 65, 0, 0, NULL, '2014-07-10 10:13:00'),
  (877, 1, 1, 65321000, 'FRS PHARMACEUTIQUES CASH', 65, 0, 0, NULL, '2014-07-10 10:13:00'),
  (878, 1, 1, 65321100, 'FRAIS FUNERAIRES', 65, 0, 0, NULL, '2014-07-10 10:13:00'),
  (879, 1, 1, 65321200, 'SOINS MEDICAUX EN NATURE', 65, 0, 0, NULL, '2014-07-10 10:13:00'),
  (880, 1, 1, 65331000, 'INDEMNITES DE TRANSPORT', 65, 0, 0, NULL, '2014-07-10 10:13:00'),
  (881, 1, 1, 65341000, 'INDEMNITES DE LOGEMENT', 65, 0, 0, NULL, '2014-07-10 10:13:00'),
  (882, 1, 1, 65351000, 'INDEMNITE DE FIN CARRIERE', 65, 0, 0, NULL, '2014-07-10 10:13:00'),
  (883, 3, 1, 66, 'CONTRIBUTIONS ET TAXES', 6, 0, 0, NULL, '2014-07-10 10:13:00'),
  (884, 1, 1, 66141000, 'AMENDES ET PENALITES FISCALES', 66, 0, 0, NULL, '2014-07-10 10:13:00'),
  (885, 1, 1, 66201000, 'CONTRÔLE TECHNIQUE', 66, 0, 0, NULL, '2014-07-10 10:13:00'),
  (886, 1, 1, 66301000, 'TAXES DIVERSES', 66, 0, 0, NULL, '2014-07-10 10:13:00'),
  (887, 1, 1, 68001000, 'DOTATIONS AUX AMORTISSEMENTS ET PROVISIONS', 6, 0, 0, NULL, '2014-07-10 10:13:00'),
  (888, 3, 1, 7, 'COMPTES DE PRODUITS', 0, 0, 0, NULL, '2014-07-10 10:13:00'),
  (889, 3, 1, 700, 'VENTE MEDICAMENTS', 7, 0, 0, NULL, '2014-07-10 10:13:00'),
  (890, 2, 1, 70011100, 'DON COMPRIMES MEDICAMENT', 700, 0, 0, NULL, '2014-07-10 10:13:00'),
  (891, 2, 1, 70011101, 'TENSION ARTÉRIELLE', 700, 0, 0, NULL, '2014-07-10 10:13:00'),
  (892, 2, 1, 70011102, 'DIURÉTIQUES', 700, 0, 0, NULL, '2014-07-10 10:13:00'),
  (893, 2, 1, 70011103, 'SYSTÈME CARDIOVASCULAIRE', 700, 0, 0, NULL, '2014-07-10 10:13:00'),
  (894, 2, 1, 70011104, 'MÉDICAMENTS HÉMATOLOGIQUES', 700, 0, 0, NULL, '2014-07-10 10:13:00'),
  (895, 2, 1, 70011105, 'MALADIES MÉTABOLIQUES', 700, 0, 0, NULL, '2014-07-10 10:13:00'),
  (896, 2, 1, 70011106, 'SYSTÈME GASTRO-INTESTINAL', 700, 0, 0, NULL, '2014-07-10 10:13:00'),
  (897, 2, 1, 70011107, 'SPASMOLYTIQUES', 700, 0, 0, NULL, '2014-07-10 10:13:00'),
  (898, 2, 1, 70011108, 'MÉDICAMENTS POUR LE FOIE LA VÉSICULE ET LE PANCRÉAS', 700, 0, 0, NULL, '2014-07-10 10:13:00'),
  (899, 2, 1, 70011109, 'ANTIÉMETIQUES LAXATIFS ET ANTI DIARRHÉIQUES', 700, 0, 0, NULL, '2014-07-10 10:13:00'),
  (900, 2, 1, 70011110, 'SYSTÈME URO-GÉNITAL', 700, 0, 0, NULL, '2014-07-10 10:13:00'),
  (901, 2, 1, 70011111, 'SYSTÈME RESPIRATOIRE', 700, 0, 0, NULL, '2014-07-10 10:13:00'),
  (902, 2, 1, 70011112, 'ANALGÉSIQUES  - ANTIPYRÉTIQUES -AINS', 700, 0, 0, NULL, '2014-07-10 10:13:00'),
  (903, 2, 1, 70011113, 'ANALGÉSIQUES MORPHINIQUES ET  STUPEFIANTS (NT) (PT)', 700, 0, 0, NULL, '2014-07-10 10:13:00'),
  (904, 2, 1, 70011114, 'PSYCHOTROPES HYPNOTIQUES SÉDATIFS ANXIOLYTIQUES', 700, 0, 0, NULL, '2014-07-10 10:13:00'),
  (905, 2, 1, 70011115, 'ANTIÉPILEPTIQUES ET ANTICOPARILSIVANTS', 700, 0, 0, NULL, '2014-07-10 10:13:00'),
  (906, 2, 1, 70011116, 'ANTIALLERGIQUES', 700, 0, 0, NULL, '2014-07-10 10:13:00'),
  (907, 2, 1, 70011117, 'GLUCOCORTICOIDES', 700, 0, 0, NULL, '2014-07-10 10:13:00'),
  (908, 2, 1, 70011118, 'MÉDICAMENTS DE LA THYROÏDE', 700, 0, 0, NULL, '2014-07-10 10:13:00'),
  (909, 2, 1, 70011119, 'HORMONES SEXUELLES ET CONTRACEPTIONS', 700, 0, 0, NULL, '2014-07-10 10:13:00'),
  (910, 2, 1, 70011120, 'MÉDICAMENTS DU DIABÈTE', 700, 0, 0, NULL, '2014-07-10 10:13:00'),
  (911, 2, 1, 70011121, 'MÉDICAMENTS ANTI-MALARIA', 700, 0, 0, NULL, '2014-07-10 10:13:00'),
  (912, 2, 1, 70011122, 'ANTIBIOTIQUES BETA-LACTAMES', 700, 0, 0, NULL, '2014-07-10 10:13:00'),
  (913, 2, 1, 70011123, 'ANTIBIOTIQUES NON BETA-LACTAMES', 700, 0, 0, NULL, '2014-07-10 10:13:00'),
  (914, 2, 1, 70011124, 'ANTITUBERCULEUX-ANTILEPREUX', 700, 0, 0, NULL, '2014-07-10 10:13:00'),
  (915, 2, 1, 70011125, 'MÉDICAMENTS ANTIMYCOSIQUES', 700, 0, 0, NULL, '2014-07-10 10:13:00'),
  (916, 2, 1, 70011126, 'MÉDICAMENTS ANTIHELMINTHIQUES TILAIRES', 700, 0, 0, NULL, '2014-07-10 10:13:00'),
  (917, 2, 1, 70011127, 'MÉDICAMENTS ANTIVIRAUX', 700, 0, 0, NULL, '2014-07-10 10:13:00'),
  (918, 2, 1, 70011128, 'VACCINS IMMUNOGLOBULINES ET SÉRUMS', 700, 0, 0, NULL, '2014-07-10 10:13:00'),
  (919, 2, 1, 70011129, 'MÉDICAMENTS ANTITUMORAUX ET IMMUNODÉPRESSEURS', 700, 0, 0, NULL, '2014-07-10 10:13:00'),
  (920, 2, 1, 70011130, 'MINÉRAUX VITAMINES ET TONIQUES', 700, 0, 0, NULL, '2014-07-10 10:13:00'),
  (921, 2, 1, 70011131, 'MÉDICAMENTS À USAGE DERMATOLOGIQUE', 700, 0, 0, NULL, '2014-07-10 10:13:00'),
  (922, 2, 1, 70011132, 'MÉDICAMENTS À USAGE OPHTALMIQUE', 700, 0, 0, NULL, '2014-07-10 10:13:00'),
  (923, 2, 1, 70011133, 'MÉDICAMENTS À USAGE OTIQUE', 700, 0, 0, NULL, '2014-07-10 10:13:00'),
  (924, 2, 1, 70011134, 'MÉDICAMENTS DES AFFECTIONS BUCCO-PHARYNGÉES', 700, 0, 0, NULL, '2014-07-10 10:13:00'),
  (925, 2, 1, 70011135, 'MÉDICAMENTS DES AFFECTIONS VULVO-VAGINALES', 700, 0, 0, NULL, '2014-07-10 10:13:00'),
  (926, 2, 1, 70011138, 'MÉDICAMENTS AGISSANT SUR LA MUSCULATURE UTÉRINE', 700, 0, 0, NULL, '2014-07-10 10:13:00'),
  (927, 2, 1, 70011139, 'FLUIDES IV ET SUBSTITUTS DU PLASMA', 700, 0, 0, NULL, '2014-07-10 10:13:00'),
  (928, 2, 1, 70011140, 'TESTS DIAGNOSTIQUES ET BANDELETTES DIAGNOSTIQUES', 700, 0, 0, NULL, '2014-07-10 10:13:00'),
  (929, 2, 1, 70011159, 'CONSOMMABLES D''UROLOGIE', 700, 0, 0, NULL, '2014-07-10 10:13:00'),
  (930, 2, 1, 70011171, 'MÉDICAMENTS EN POUDRE', 700, 0, 0, NULL, '2014-07-10 10:13:00'),
  (931, 2, 1, 70011172, 'GANTS', 700, 0, 0, NULL, '2014-07-10 10:13:00'),
  (932, 2, 1, 70011174, 'CONSOMMABLES DE SUTURE', 700, 0, 0, NULL, '2014-07-10 10:13:00'),
  (933, 2, 1, 70011175, 'SÉRINGUES AIGUILLES CATHETERS ET SET', 700, 0, 0, NULL, '2014-07-10 10:13:00'),
  (934, 2, 1, 70011176, 'TUBES ENDOTRACHEAUX ASPIRATION ALIMENTATIONS ET DRAINS THORACIQUES', 700, 0, 0, NULL, '2014-07-10 10:13:00'),
  (935, 2, 1, 70011189, 'CONSOMMABLES DE TRAUMATOLOGIE', 700, 0, 0, NULL, '2014-07-10 10:13:00'),
  (936, 3, 1, 710, 'ACTES/PRODUCTIONS VENDUES', 7, 0, 0, NULL, '2014-07-10 10:13:00'),
  (937, 2, 1, 71011001, 'ANESTHÉSIE', 710, 0, 0, NULL, '2014-07-10 10:13:00'),
  (938, 2, 1, 71011002, 'BIOPSIE', 710, 0, 0, NULL, '2014-07-10 10:13:00'),
  (939, 2, 1, 71011003, 'BRULURES', 710, 0, 0, NULL, '2014-07-10 10:13:00'),
  (940, 2, 1, 71011004, 'CERTIFICATS ET AUTRES FRAIS ADMINISTRATIFS', 710, 0, 0, NULL, '2014-07-10 10:13:00'),
  (941, 2, 1, 71011005, 'CHIRURGIE TUBE DIGESTIF', 710, 0, 0, NULL, '2014-07-10 10:13:00'),
  (942, 2, 1, 71011006, 'CONSULTATION', 710, 0, 0, NULL, '2014-07-10 10:13:00'),
  (943, 2, 1, 71011007, 'CORPS ÉTRANGERS', 710, 0, 0, NULL, '2014-07-10 10:13:00'),
  (944, 2, 1, 71011008, 'EXAMEN COMPLÉMENTAIRE', 710, 0, 0, NULL, '2014-07-10 10:13:00'),
  (945, 2, 1, 71011009, 'EXCISIONS', 710, 0, 0, NULL, '2014-07-10 10:13:00'),
  (946, 2, 1, 71011010, 'GREFFES DERMO-ÉPIDERMIQUES', 710, 0, 0, NULL, '2014-07-10 10:13:00'),
  (947, 2, 1, 71011011, 'GYNÉCOLOGIE', 710, 0, 0, NULL, '2014-07-10 10:13:00'),
  (948, 2, 1, 71011012, 'HERNIES', 710, 0, 0, NULL, '2014-07-10 10:13:00'),
  (949, 2, 1, 71011013, 'HOSPITALISATION', 710, 0, 0, NULL, '2014-07-10 10:13:00'),
  (950, 2, 1, 71011014, 'INCISIONS', 710, 0, 0, NULL, '2014-07-10 10:13:00'),
  (951, 2, 1, 71011015, 'INJECTIONS', 710, 0, 0, NULL, '2014-07-10 10:13:00'),
  (952, 2, 1, 71011016, 'LABORATOIRE', 710, 0, 0, NULL, '2014-07-10 10:13:00'),
  (953, 2, 1, 71011017, 'ACCOUCHEMENT CLINIC', 710, 0, 0, NULL, '2014-07-10 10:13:00'),
  (954, 2, 1, 71011018, 'COMPRIMES MEDICAM', 710, 0, 0, NULL, '2014-07-10 10:13:00'),
  (955, 2, 1, 71011019, 'PERFUSION', 710, 0, 0, NULL, '2014-07-10 10:13:00'),
  (956, 2, 1, 71011020, 'CAUTION/IMPAYE', 710, 0, 0, NULL, '2014-07-10 10:13:00'),
  (957, 2, 1, 71011021, 'PRODUCTION LOCALE', 710, 0, 0, NULL, '2014-07-10 10:13:00'),
  (958, 2, 1, 71011022, 'EXTERNE', 710, 0, 0, NULL, '2014-07-10 10:13:00'),
  (959, 2, 1, 71011023, 'FRAIS (FRIGO)', 710, 0, 0, NULL, '2014-07-10 10:13:00'),
  (960, 2, 1, 71011024, 'LAPARATOMIE', 710, 0, 0, NULL, '2014-07-10 10:13:00'),
  (961, 2, 1, 71011025, 'OBSTÉTRIQUE', 710, 0, 0, NULL, '2014-07-10 10:13:00'),
  (962, 2, 1, 71011026, 'OPHTALMOLOGIE', 710, 0, 0, NULL, '2014-07-10 10:13:00'),
  (963, 2, 1, 71011027, 'ORTHOPÉDIE', 710, 0, 0, NULL, '2014-07-10 10:13:00'),
  (964, 2, 1, 71011028, 'TRAUMATOLOGIE FRACTURES FERMÉES', 710, 0, 0, NULL, '2014-07-10 10:13:00'),
  (965, 2, 1, 71011029, 'TRAUMATOLOGIES FRACTURES OUVERTES', 710, 0, 0, NULL, '2014-07-10 10:13:00'),
  (966, 2, 1, 71011030, 'TRAUMATOLOGIE LUXATION', 710, 0, 0, NULL, '2014-07-10 10:13:00'),
  (967, 2, 1, 71011031, 'PLATRES', 710, 0, 0, NULL, '2014-07-10 10:13:00'),
  (968, 2, 1, 71011032, 'PONCTIONS', 710, 0, 0, NULL, '2014-07-10 10:13:00'),
  (969, 2, 1, 71011033, 'IMAGERIE MÉDICALE', 710, 0, 0, NULL, '2014-07-10 10:13:00'),
  (970, 2, 1, 71011034, 'ENDOSCOPIE', 710, 0, 0, NULL, '2014-07-10 10:13:00'),
  (971, 2, 1, 71011035, 'SOINS INFIRMIERS AMBULATOIRES', 710, 0, 0, NULL, '2014-07-10 10:13:00'),
  (972, 2, 1, 71011036, 'PETITE CHIRURGIE SUTURES', 710, 0, 0, NULL, '2014-07-10 10:13:00'),
  (973, 2, 1, 71011037, 'UROLOGIE', 710, 0, 0, NULL, '2014-07-10 10:13:00'),
  (974, 2, 1, 71011038, 'STOMATOLOGIE', 710, 0, 0, NULL, '2014-07-10 10:13:00'),
  (975, 2, 1, 71011039, 'O.R.L.', 710, 0, 0, NULL, '2014-07-10 10:13:00'),
  (976, 2, 1, 71011040, 'AMPUTATIONS', 710, 0, 0, NULL, '2014-07-10 10:13:00'),
  (977, 2, 1, 72001000, 'PRODUCTIONS STOCKEES', 7, 0, 0, NULL, '2014-07-10 10:13:00'),
  (978, 3, 1, 74, 'PRODUITS ET PROFITS DIVERS', 7, 0, 0, NULL, '2014-07-10 10:13:00'),
  (979, 2, 1, 74031000, 'LOYER', 74, 0, 0, NULL, '2014-07-10 10:13:00'),
  (980, 2, 1, 74611000, 'PRODUITS DE CHANGE', 74, 0, 0, NULL, '2014-07-10 10:13:00'),
  (981, 2, 1, 74611100, 'PRODUITS ET PROFITS DIVERS HE/GH', 74, 0, 0, NULL, '2014-07-10 10:13:00'),
  (982, 2, 1, 74611200, 'PRODUITS TRANSPORT BRIQUES', 74, 0, 0, NULL, '2014-07-10 10:13:00'),
  (983, 2, 1, 74611300, 'PRODUITS FRS DE RECHERCHE', 74, 0, 0, NULL, '2014-07-10 10:13:00'),
  (984, 2, 1, 74611350, 'PRODUITS ET PROFITS DIVERS/CE', 74, 0, 0, NULL, '2014-07-10 10:13:00'),
  (985, 2, 1, 74611400, 'PRODUITS FRS DE STAGE', 74, 0, 0, NULL, '2014-07-10 10:13:00'),
  (986, 2, 1, 74621000, 'PRODUITS DIVERS', 74, 0, 0, NULL, '2014-07-10 10:13:00'),
  (987, 2, 1, 74641000, 'PRODUITS S/EXERCICES ANTERIEURS', 74, 0, 0, NULL, '2014-07-10 10:13:00'),
  (988, 2, 1, 76151000, 'DIVERS', 7, 0, 0, NULL, '2014-07-10 10:13:00'),
  (989, 3, 1, 76, 'SUBVENTIONS D''EXPLOITATION', 7, 0, 0, NULL, '2014-07-10 10:13:00'),
  (990, 3, 1, 7611, 'ECOH', 76, 0, 0, NULL, '2014-07-10 10:13:00'),
  (991, 2, 1, 76111121, 'ECHO MORINGA TREE', 7611, 0, 0, NULL, '2014-07-10 10:13:00'),
  (992, 2, 1, 76111122, 'ECHO WOMEN''S DEVELOPMENT', 7611, 0, 0, NULL, '2014-07-10 10:13:00'),
  (993, 2, 1, 76111123, 'ECOH AGRICULTURAL DEVELOPMENT', 7611, 0, 0, NULL, '2014-07-10 10:13:00'),
  (994, 2, 1, 76111124, 'ECOH NUTRITION REAB. (CN)', 7611, 0, 0, NULL, '2014-07-10 10:13:00'),
  (995, 2, 1, 76111125, 'ECOH INDIGENT CARE PROJECT', 7611, 0, 0, NULL, '2014-07-10 10:13:00'),
  (996, 2, 1, 76111126, 'ECOH HEALTH CENTER', 7611, 0, 0, NULL, '2014-07-10 10:13:00'),
  (997, 2, 1, 76111127, 'ECOH ORPHAN SCHOR EDUC PROJECT', 7611, 0, 0, NULL, '2014-07-10 10:13:00'),
  (998, 2, 1, 76111128, 'ECOH HMHC', 7611, 0, 0, NULL, '2014-07-10 10:13:00'),
  (999, 2, 1, 76111129, 'ECOH FISTULA PROJECT', 7611, 0, 0, NULL, '2014-07-10 10:13:00'),
  (1000, 2, 1, 76111130, 'ECOH CERVICAL CANCER', 7611, 0, 0, NULL, '2014-07-10 10:13:00'),
  (1001, 2, 1, 76111131, 'ECOH BCZS COM. HEALTH PROGRAM', 7611, 0, 0, NULL, '2014-07-10 10:13:00'),
  (1003, 3, 1, 7612, 'ECO', 76, 0, 0, NULL, '2014-07-10 10:13:00'),
  (1004, 2, 1, 76121100, 'ECO MISSIONNARY HOUSING', 7612, 0, 0, NULL, '2014-07-10 10:13:00'),
  (1005, 2, 1, 76121270, 'ECO CHARITY FUNDS', 7612, 0, 0, NULL, '2014-07-10 10:13:00'),
  (1006, 2, 1, 76121510, 'ECO 320202/402 GENERAL N.D.', 7612, 0, 0, NULL, '2014-07-10 10:13:00'),
  (1007, 2, 1, 76121400, 'ECO 320902 ITM', 7612, 0, 0, NULL, '2014-07-10 10:13:00'),
  (1009, 3, 1, 7613, 'MBF', 76, 0, 0, NULL, '2014-07-10 10:13:00'),
  (1010, 2, 1, 76131121, 'MBF MORINGA TREE', 7613, 0, 0, NULL, '2014-07-10 10:13:00'),
  (1011, 2, 1, 76131122, 'MBF WOMEN DEVELOPMENT', 7613, 0, 0, NULL, '2014-07-10 10:13:00'),
  (1012, 2, 1, 76131127, 'MBF ORPHAN SCHOLARSHIP', 7613, 0, 0, NULL, '2014-07-10 10:13:00'),
  (1013, 2, 1, 76131128, 'MBF MOTHER CARE BABY CARE', 7613, 0, 0, NULL, '2014-07-10 10:13:00'),
  (1014, 2, 1, 76131129, 'MBF FISTULA REPAIR', 7613, 0, 0, NULL, '2014-07-10 10:13:00'),
  (1015, 2, 1, 76131350, 'MBF TOYOTA LAND C. 0448AA-15', 7613, 0, 0, NULL, '2014-07-10 10:13:00'),
  (1016, 2, 1, 76131400, 'MBF ITM', 7613, 0, 0, NULL, '2014-07-10 10:13:00'),
  (1017, 2, 1, 76131401, 'MBF ISTM', 7613, 0, 0, NULL, '2014-07-10 10:13:00'),
  (1018, 2, 1, 76131510, 'MBF GENERAL NON DESIGNE', 7613, 0, 0, NULL, '2014-07-10 10:13:00'),
  (1019, 2, 1, 76131540, 'MBF HYDRO ENTRETIEN', 7613, 0, 0, NULL, '2014-07-10 10:13:00'),
  (1020, 2, 1, 76141400, 'ROW ITM', 76, 0, 0, NULL, '2014-07-10 10:13:00'),
  (1021, 3, 1, 762, 'PC USA ECO', 76, 0, 0, NULL, '2014-07-10 10:13:00'),
  (1022, 3, 1, 76211, 'ECO 320202', 762, 0, 0, NULL, '2014-07-10 10:13:00'),
  (1023, 2, 1, 76211131, 'ECO BCZS COM. HEALTH PROG.', 76211, 0, 0, NULL, '2014-07-10 10:13:00'),
  (1024, 2, 1, 76211300, 'ECO GENERAL N.D.', 76211, 0, 0, NULL, '2014-07-10 10:13:00'),
  (1026, 2, 1, 76211401, 'ECO SUPPORT OF THE NURSING SCHOOL', 76211, 0, 0, NULL, '2014-07-10 10:13:00'),
  (1027, 2, 1, 76211450, 'ECO CHARITY FUNDS', 76211, 0, 0, NULL, '2014-07-10 10:13:00'),
  (1028, 3, 1, 7622, 'ECO 320402', 762, 0, 0, NULL, '2014-07-10 10:13:00'),
  (1029, 2, 1, 76221131, 'ECO BCZS COM. HEALTH PROG.', 7622, 0, 0, NULL, '2014-07-10 10:13:00'),
  (1030, 2, 1, 76221300, 'ECO GENERAL N.D.', 7622, 0, 0, NULL, '2014-07-10 10:13:00'),
  (1032, 2, 1, 76221401, 'ECO SUPPORT OF THE NURSING SCHOOL', 7622, 0, 0, NULL, '2014-07-10 10:13:00'),
  (1033, 2, 1, 76221450, 'ECO CHARITY FUNDS', 7622, 0, 0, NULL, '2014-07-10 10:13:00'),
  (1034, 3, 1, 7623, 'ECO 320902', 762, 0, 0, NULL, '2014-07-10 10:13:00'),
  (1035, 2, 1, 76231400, 'ECO ITM', 7623, 0, 0, NULL, '2014-07-10 10:13:00'),
  (1036, 3, 1, 7624, 'ECO862737', 762, 0, 0, NULL, '2014-07-10 10:13:00'),
  (1037, 2, 1, 76240001, 'ECO 862737 FOUNDERS CHAPEL', 7624, 0, 0, NULL, '2014-07-10 10:13:00'),
  (1038, 3, 1, 763, 'MBF', 76, 0, 0, NULL, '2014-07-10 10:13:00'),
  (1039, 3, 1, 7631, 'MBF', 763, 0, 0, NULL, '2014-07-10 10:13:00'),
  (1040, 2, 1, 76311129, 'MBF C-GSH FISTULA REPAIR', 7631, 0, 0, NULL, '2014-07-10 10:13:00'),
  (1041, 2, 1, 76311300, 'MBF GENERAL NON DESIGNE', 7631, 0, 0, NULL, '2014-07-10 10:13:00'),
  (1042, 2, 1, 76311350, 'MBF TOYOTA LAND C. 0448AA-15', 7631, 0, 0, NULL, '2014-07-10 10:13:00'),
  (1043, 2, 1, 76311401, 'MBF SUPPORT FOR NURSING SCHOOL', 7631, 0, 0, NULL, '2014-07-10 10:13:00'),
  (1044, 2, 1, 76311450, 'MBF CHARITY FUNDS INDIGENT CARE', 7631, 0, 0, NULL, '2014-07-10 10:13:00'),
  (1045, 2, 1, 78001000, 'REPRISE SUBVENTION D''ÉQUIPEMENT', 7, 0, 0, NULL, '2014-07-10 10:13:00'),
  (1046, 3, 1, 8, 'COMPTES DES SOLDES DE GESTION', 0, 0, 0, NULL, '2014-07-10 10:13:00'),
  (1047, 2, 1, 80011000, 'MARGE BRUTE', 8, 0, 0, NULL, '2014-07-10 10:13:00'),
  (1048, 2, 1, 81011000, 'VALEUR AJOUTEE', 8, 0, 0, NULL, '2014-07-10 10:13:00'),
  (1049, 2, 1, 82011000, 'RESULTAT BRUT D''EXPLOITATION', 8, 0, 0, NULL, '2014-07-10 10:13:00'),
  (1050, 2, 1, 83011000, 'RESULTAT NET D''EXPLOITATION', 8, 0, 0, NULL, '2014-07-10 10:13:00'),
  (1051, 2, 1, 84011000, 'RESULTAT S/CESSION IMMO ET TITRES', 8, 0, 0, NULL, '2014-07-10 10:13:00'),
  (1052, 2, 1, 85011000, 'RESULTAT AVANT IMPOT', 8, 0, 0, NULL, '2014-07-10 10:13:00'),
  (1053, 2, 1, 87011000, 'RESULTAT DE LA PERIODE A AFFECTER', 8, 0, 0, NULL, '2014-07-10 10:13:00'),
  (1054, 2, 1, 41771101, 'ITM', 41, 1, 0, NULL, '2014-07-10 10:13:00'),
  (1055, 2, 1, 41771102, 'APPARENTES', 41, 1, 0, NULL, '2014-07-10 10:13:00'),
  (1056, 2, 1, 41771103, 'HOSP', 41, 0, 0, NULL, '2014-07-10 10:13:00'),
  (1057, 2, 1, 41771104, 'PATIENTS PAYANT CASH', 41, 0, 0, NULL, '2014-07-10 10:13:00'),
  (1058, 2, 1, 42771105, 'MALADES HOSPITALISES', 41, 0, 0, NULL, '2014-07-10 10:13:00'),
  (1059, 2, 1, 41771105, 'ISTM', 41, 0, 0, NULL, '2014-07-10 10:13:00'),
  (1060, 2, 1, 41721000, 'CLIENT PEDIATRIE', 41, 0, 0, NULL, '2014-07-10 10:13:00'),
  (1061, 2, 1, 41731000, 'CLIENT GYNECOLOGIE OBSTETRIQUE', 41, 0, 0, NULL, '2014-07-10 10:13:00'),
  (1062, 1, 1, 74631000, 'IMA SUBSIDY PROJECT', 74, 0, 0, NULL, '2014-07-10 10:13:00'),
  (1063, 1, 1, 57101030, 'CAISSE PRINCIPALE', 57, 0, 0, NULL, '2014-07-10 10:13:00'),
  (1064, 2, 1, 41771106, 'SANRU', 41, 0, 0, NULL, '2014-07-10 10:13:00'),
  (1065, 2, 1, 31111174, 'COMPRIMES MEDICAMENT', 311, 1, 0, NULL, '2014-07-10 10:13:00'),
  (1066, 2, 1, 35011000, 'ACCOUCHEMENT CLINIC', 3, 1, 0, NULL, '2014-07-10 10:13:00'),
  (1067, 2, 1, 31111190, 'PETIT MATERIAL', 311, 1, 0, NULL, '2014-07-10 10:13:00'),
  (1068, 2, 1, 33010000, 'EXTERNE', 3, 0, 0, NULL, '2014-07-10 10:13:00'),
  (1069, 2, 1, 31111191, 'LIQUIDE INTERNE', 311, 0, 0, NULL, '2014-07-10 10:13:00'),
  (1070, 1, 1, 57101040, 'CAISSE AUX HOSP $', 57, 0, 0, NULL, '2014-07-10 10:13:00'),
  (1071, 1, 1, 57101050, 'CAISSE AUX HOSP FC', 57, 0, 0, NULL, '2014-07-10 10:13:00'),
  (1072, 1, 1, 57201020, 'CAISSE AUX CLINIC $', 57, 0, 0, NULL, '2014-07-10 10:13:00'),
  (1073, 1, 1, 41001140, 'CABINET CMA', 41, 0, 0, NULL, '2014-07-10 10:13:00'),
  (1074, 1, 1, 6001090, 'CONSULTATION', 60, 0, 0, NULL, '2014-07-01 15:21:29'),
  (1075, 1, 1, 6001091, 'CAUTION/IMPAYE', 60, 0, 0, NULL, '2014-07-01 15:21:29'),
  (1076, 1, 1, 6001092, 'OPTIQUE', 60, 0, 0, NULL, '2014-07-01 15:21:29'),
  (1077, 1, 1, 6001093, 'HOSPITALIZATION', 60, 0, 0, NULL, '2014-07-01 15:21:29'),
  (1078, 1, 1, 6001094, 'PETIT MATERIEL', 60, 0, 0, NULL, '2014-07-01 15:21:29'),
  (1079, 1, 1, 6001095, 'LIQUIDE INTERNE', 60, 0, 0, NULL, '2014-07-01 15:21:29'),
  (1080, 1, 1, 6001096, 'IMA SUBSIDY', 60, 0, 0, NULL, '2014-07-01 15:21:29'),
  (1081, 1, 1, 6001097, 'FRAIS (FRIGO)', 60, 0, 0, NULL, '2014-07-01 15:21:29'),
  (1082, 1, 1, 6001098, 'PRODUCTION LOCALE', 60, 0, 0, NULL, '2014-07-01 15:21:29'),
  (1083, 1, 1, 6001099, 'PLATRE', 60, 0, 0, NULL, '2014-07-01 15:21:29'),
  (1084, 1, 1, 6001100, 'CHIRURGIE', 60, 0, 0, NULL, '2014-07-01 15:21:29'),
  (1085, 1, 1, 6001101, 'LABO', 60, 0, 0, NULL, '2014-07-01 15:21:29'),
  (1086, 1, 1, 6001102, 'ADMINISTRATION', 60, 0, 0, NULL, '2014-07-01 15:21:29'),
  (1087, 1, 1, 6001103, 'ACCOUCHEMENT CLINIC', 60, 0, 0, NULL, '2014-07-01 15:21:29'),
  (1088, 1, 1, 6001104, 'CONSULTATION MEDE', 60, 0, 0, NULL, '2014-07-01 15:21:29'),
  (1089, 1, 1, 6001105, 'IMAGERIE MÉDICALE', 60, 0, 0, NULL, '2014-07-01 15:21:29'),
  (1090, 1, 1, 6001106, 'INJECTABLE', 60, 0, 0, NULL, '2014-07-01 15:21:29'),
  (1091, 1, 1, 6001107, 'ORL', 60, 0, 0, NULL, '2014-07-01 15:21:29'),
  (1092, 1, 1, 6001108, 'COMPRIMES MEDICAM', 60, 0, 0, NULL, '2014-07-01 15:21:29'),
  (1093, 1, 1, 6001109, 'EXTERNE', 60, 0, 0, NULL, '2014-07-01 15:21:29'),
  (1094, 1, 1, 6001110, 'PERFUSION', 60, 0, 0, NULL, '2014-07-01 15:21:29');

--
-- Inventory Data
--

-- Available units for inventory items
INSERT INTO inventory_unit VALUES
  (1,'Act'),
  (2,'Pallet'),
  (3,'Pill'),
  (4,'Box'),
  (5,'Lot');

-- Available inventory types
INSERT INTO inventory_type (id, text) VALUES
  (1, 'Article'),
  (2, 'Assembly'),
  (3, 'Service'),
  (4, 'Discount');

INSERT INTO inventory_group (uuid, name, code, sales_account, cogs_account, stock_account, donation_account) VALUES
  ('124b8a66-c0e3-47ab-8e0a-19c0019b6c43', 'Consultation', 10, 942, 1074, NULL, NULL),
  ('233e9302-8b24-4bec-87ef-76b56b1ad62f', 'Caution/Impaye', 190, 956, 1075, NULL, NULL),
  ('26a06810-c868-4edc-9720-0cb3ee20f8fa', 'Optique', 180, 962, 1076, NULL, NULL),
  ('2b0a1f28-99f4-4d38-aff2-e09ef5aaf9d8', 'Hospitalization', 30, 949, 1077, NULL, NULL),
  ('5bf8aae6-2258-42ae-bec8-aa852ff28108', 'Petit Materiel', 170, 1067, 1078, NULL, NULL),
  ('6676a40c-6776-45fe-98b7-2e8e1c6de4a8', 'Liquide Interne', 110, 1069, 1079, NULL, NULL),
  ('6d921ee8-771d-4471-928f-b098bba19fbf', 'IMA Subsidy', 1, 1062, 1080, NULL, NULL),
  ('6a8331db-69dc-4ba8-9b2b-ac87990256ab', 'Médicaments en Poudre', 210, 930, 577, 134, NULL),
  ('77bb62bc-701c-4b05-833b-09aba4879bd3', 'Frais (Frigo)', 140, 959, 1081, NULL, NULL),
  ('7e7c44d5-5a07-479d-829e-2dc168c97183', 'Production Locale', 160, 957, 1082, NULL, NULL),
  ('8d8ae9d7-bafb-482c-afd2-7c6f23b361c2', 'Platre', 60, 967, 1083, 136, NULL),
  ('8eddf5f5-c1e2-4f15-bd01-530e6baca071', 'Chirurgie', 50, 972, 1084, NULL, NULL),
  ('8f7ad32b-1c59-44c8-8c19-d9727896c218', 'Labo', 40, 952, 1085, NULL, NULL),
  ('92efe516-4e99-4112-82e0-e86b30bfbc12', 'Administration', 20, 940, 1086, NULL, NULL),
  ('95c6d2ba-d603-4c7a-8ae2-4c24122277ad', 'Accouchement CLINIC', 90, 953, 1087, NULL, NULL),
  ('9616cddf-d204-47bc-9871-be0d8ddfc5ad', 'Consultation MEDE', 91, 942, 1088, NULL, NULL),
  ('b554ebf9-7a0f-4fd2-bdde-f902ebd96fee', 'Imagerie Médicale', 70, 969, 1089, 164, NULL),
  ('c13da749-a9cd-4894-b39b-be0c26919304', 'Injectable', 120, 951, 1090, 137, NULL),
  ('c673e6d2-a1fd-4bca-aa0e-92425fc099bb', 'Orl', 80, 975, 1091, NULL, NULL),
  ('d66a0518-67ce-475c-b124-0bb78a65533f', 'Comprimes Medicam', 100, 954, 1092, 1065, 890),
  ('d9f8daaa-22de-4a33-801e-4c07317b1983', 'Externe', 150, 958, 1093, NULL, NULL),
  ('f24e7325-67a8-48f1-aeb0-b7c4c89f2884', 'Perfusion', 130, 955, 1094, NULL, NULL);

INSERT INTO inventory (enterprise_id, uuid, code, text, price, purchase_price, group_uuid, unit_id, unit_weight, unit_volume, stock, stock_max, stock_min, type_id, consumable, origin_stamp) VALUES
	(1, '001f2a9f-ebe4-4154-a528-4731bcc0123a', '040023', 'Selles routines ', 1.3000, 0.0000, '8f7ad32b-1c59-44c8-8c19-d9727896c218', 2, 0, 0, 1, 100000000, 1, 1, 1, '2014-03-03 04:25:32'),
	(1, '00ddd400-29ca-4f04-b588-f18f4d7977c3', '070002', 'Catégorie 2 (30x40 cm, 35x35 cm, 35x43 cm)', 8.0000, 0.0000, 'b554ebf9-7a0f-4fd2-bdde-f902ebd96fee', 2, 0, 0, 1, 100000000, 1, 1, 1, '2014-03-03 04:25:32'),
	(1, '00efb27b-0d50-4561-bf13-94337c069c2a', '110001', 'ampicilline susp \'100 ml125mg/5ml', 0.6600, 0.0000, '6676a40c-6776-45fe-98b7-2e8e1c6de4a8', 2, 0, 0, 1, 100000000, 1, 1, 1, '2014-03-03 04:25:32'),
	(1, '00f2e956-4a75-4dc8-82dd-1e8eca56fce7', '100029', 'cimetidine , tagamet,pintapro 200 mg', 0.0500, 0.0000, 'd66a0518-67ce-475c-b124-0bb78a65533f', 2, 0, 0, 1, 100000000, 1, 1, 1, '2014-03-03 04:25:32'),
	(1, '0105ea85-dfde-4d48-a434-355b43a363fb', '100007', 'amoxycilline 250 mg', 0.0400, 0.0000, 'd66a0518-67ce-475c-b124-0bb78a65533f', 2, 0, 0, 1, 100000000, 1, 1, 1, '2014-03-03 04:25:32'),
	(1, '010b0278-e958-4eea-8d8b-8f0472070871', '050013', 'Petite chirurgie .', 20.0000, 0.0000, '8eddf5f5-c1e2-4f15-bd01-530e6baca071', 2, 0, 0, 1, 100000000, 1, 1, 1, '2014-03-03 04:25:32'),
	(1, '014faa21-36c0-45f9-a84d-4df1fa6426ad', '180010', 'Etuis Pce', 1.5000, 0.0000, '26a06810-c868-4edc-9720-0cb3ee20f8fa', 2, 0, 0, 1, 100000000, 1, 1, 1, '2014-03-03 04:25:32'),
	(1, '018a8a49-b7cf-4ec1-87b9-8d3040f2adf5', '120048', 'penicillline benzathine 2,4M iu poudre pour injection', 1.4700, 0.0000, 'c13da749-a9cd-4894-b39b-be0c26919304', 2, 0, 0, 1, 100000000, 1, 1, 1, '2014-03-03 04:25:32'),
	(1, '021dd6bc-9b1c-4255-b4b8-0d44f7361df2', '100025', 'chloramphenicol 250 mg caps', 0.0500, 0.0000, 'd66a0518-67ce-475c-b124-0bb78a65533f', 2, 0, 0, 1, 100000000, 1, 1, 1, '2014-03-03 04:25:32'),
	(1, '0280e2bb-e3e4-4800-8554-1ddc618e65ba', '150043', 'mirine(gouttes opht)', 0.9000, 0.0000, 'd9f8daaa-22de-4a33-801e-4c07317b1983', 2, 0, 0, 1, 100000000, 1, 1, 1, '2014-03-03 04:25:32'),
	(1, '02ba9396-286c-498d-b74b-b9d847d6691f', '150016', 'chlorxylenol soln(dettol)49mg/ml/5L', 0.9000, 0.0000, 'd9f8daaa-22de-4a33-801e-4c07317b1983', 2, 0, 0, 1, 100000000, 1, 1, 1, '2014-03-03 04:25:32'),
	(1, '02c2fde0-8850-48b8-bbf1-a07faaf9a711', '120020', 'diclofenac amp3 ml.25 mg', 0.2700, 0.0000, 'c13da749-a9cd-4894-b39b-be0c26919304', 2, 0, 0, 1, 100000000, 1, 1, 1, '2014-03-03 04:25:32'),
	(1, '02f2c96b-4d29-47bd-8e65-73ceeff2d984', '040031', 'Groupe + Rh ', 2.6000, 0.0000, '8f7ad32b-1c59-44c8-8c19-d9727896c218', 2, 0, 0, 1, 100000000, 1, 1, 1, '2014-03-03 04:25:32'),
	(1, '032c9694-d4d1-4ae7-95af-bcc78bf91e00', '100125', 'Arinate', 0.4400, 0.0000, 'd66a0518-67ce-475c-b124-0bb78a65533f', 5, 0, 0, 0, 0, 0, 1, 1, '2014-03-03 11:32:58'),
	(1, '03e3a21a-9985-498e-84de-6d4ad3069668', '100030', 'ciprofloxacine (cifin ) 500 mg tab', 0.0900, 0.0000, 'd66a0518-67ce-475c-b124-0bb78a65533f', 2, 0, 0, 1, 100000000, 1, 1, 1, '2014-03-03 04:25:32'),
	(1, '04333d8f-1445-4a85-b130-0d3279e2264b', '100019', 'captopril 25 mg25mg', 0.3700, 0.0000, 'd66a0518-67ce-475c-b124-0bb78a65533f', 2, 0, 0, 1, 100000000, 1, 1, 1, '2014-03-03 04:25:32'),
	(1, '04427296-e5a0-4d59-a440-541603e87e92', '040036', 'HISTOLOGIE .', 60.0000, 0.0000, '8f7ad32b-1c59-44c8-8c19-d9727896c218', 2, 0, 0, 1, 100000000, 1, 1, 1, '2014-03-03 04:25:32'),
	(1, '058c0661-840e-4d6a-a5fc-3751f2482860', '100116', 'vitamine A 50.000 iu', 0.0900, 0.0000, 'd66a0518-67ce-475c-b124-0bb78a65533f', 2, 0, 0, 1, 100000000, 1, 1, 1, '2014-03-03 04:25:32'),
	(1, '05ab0b9e-2218-4a95-902c-4e5ad3a3af36', '080003', 'Test audiometrique: conduction aérienne ATL,', 0.0000, 0.0000, 'c673e6d2-a1fd-4bca-aa0e-92425fc099bb', 2, 0, 0, 1, 100000000, 1, 1, 1, '2014-03-03 04:25:32'),
	(1, '05ddcc27-1a01-45da-92cf-5fa838608ea6', '170027', 'Thermometre', 1.0000, 0.0000, '5bf8aae6-2258-42ae-bec8-aa852ff28108', 5, 0, 0, 0, 0, 0, 1, 0, '2014-03-03 10:40:35'),
	(1, '068f01ca-a6e1-4ead-8eb9-a8142946eae6', '100065', 'isosorbide dinitrate 5 mg blister', 0.0800, 0.0000, 'd66a0518-67ce-475c-b124-0bb78a65533f', 2, 0, 0, 1, 100000000, 1, 1, 1, '2014-03-03 04:25:32'),
	(1, '068f57c4-a64b-44d7-9346-7893d78cb2d5', '150040', 'miconazole pommade', 0.5100, 0.0000, 'd9f8daaa-22de-4a33-801e-4c07317b1983', 2, 0, 0, 1, 100000000, 1, 1, 1, '2014-03-03 04:25:32'),
	(1, '06aba1d-071a-413d-9c9c-dddcbee30885', '150068', 'xylomethazoline gtt nasal10btl', 1.8100, 0.0000, 'd9f8daaa-22de-4a33-801e-4c07317b1983', 2, 0, 0, 1, 100000000, 1, 1, 1, '2014-03-03 04:25:32'),
	(1, '06b32ea7-801f-48ed-bfcd-0c5a20ae3d1f', '060004', 'Spica  enfant ', 31.0000, 0.0000, '8d8ae9d7-bafb-482c-afd2-7c6f23b361c2', 2, 0, 0, 1, 100000000, 1, 1, 1, '2014-03-03 04:25:32'),
	(1, '06d193f6-d609-4e39-b23d-34e3551a9b2b', '100108', 'spironolactone 25 mg', 0.0800, 0.0000, 'd66a0518-67ce-475c-b124-0bb78a65533f', 2, 0, 0, 1, 100000000, 1, 1, 1, '2014-03-03 04:25:32'),
	(1, '06e1056d-86ba-4522-b78f-ef12a3b62957', '050036', 'Greffe  de  peau ( Grande ) ', 90.0000, 0.0000, '8eddf5f5-c1e2-4f15-bd01-530e6baca071', 2, 0, 0, 1, 100000000, 1, 1, 1, '2014-03-03 04:25:32'),
	(1, '06e8d1f6-ea34-4310-9ea9-bf8255f3ad8f', '100002', 'acide folique5 mg', 0.0200, 0.0000, 'd66a0518-67ce-475c-b124-0bb78a65533f', 2, 0, 0, 1, 100000000, 1, 1, 1, '2014-03-03 04:25:32'),
	(1, '08ae1ed8-7d4e-44b4-89f2-1bcf53047d0b', '150057', 'sulfacetamide pde opht10%/5', 0.9000, 0.0000, 'd9f8daaa-22de-4a33-801e-4c07317b1983', 2, 0, 0, 1, 100000000, 1, 1, 1, '2014-03-03 04:25:32'),
	(1, '09bdb6ed-5639-4779-952b-10950cd15c7e', '100064', 'isoniazide/thiacetazone100/50mg', 0.0100, 0.0000, 'd66a0518-67ce-475c-b124-0bb78a65533f', 2, 0, 0, 1, 100000000, 1, 1, 1, '2014-03-03 04:25:32'),
	(1, '0a32eb79-190b-41b6-b1ef-fd13a0144806', '120057', 'quininne chlorate 600mg/2ml', 0.3300, 0.0000, 'c13da749-a9cd-4894-b39b-be0c26919304', 2, 0, 0, 1, 100000000, 1, 1, 1, '2014-03-03 04:25:32'),
	(1, '0b20b484-b433-4336-b825-25e350a0bb20', '070004', 'Urographie intraveineuse .', 47.5000, 0.0000, 'b554ebf9-7a0f-4fd2-bdde-f902ebd96fee', 2, 0, 0, 1, 100000000, 1, 1, 1, '2014-03-03 04:25:32'),
	(1, '0c333be4-5c3a-4f74-9f54-c5db539f57a0', '030010', 'Chambre commune ', 0.8500, 0.0000, '2b0a1f28-99f4-4d38-aff2-e09ef5aaf9d8', 2, 0, 0, 1, 100000000, 1, 1, 1, '2014-03-03 04:25:32'),
	(1, '0c8d9ad2-1b13-4379-8ca8-27f984507179', '130003', 'serum physiologique(NACL)0,9%', 4.6200, 0.0000, 'f24e7325-67a8-48f1-aeb0-b7c4c89f2884', 2, 0, 0, 1, 100000000, 1, 1, 1, '2014-03-03 04:25:32'),
	(1, '0cdcf777-0e3a-45c0-8fed-5b7645475a94', '120061', 'succinychloline amp', 1.3700, 0.0000, 'c13da749-a9cd-4894-b39b-be0c26919304', 2, 0, 0, 1, 100000000, 1, 1, 1, '2014-03-03 04:25:32'),
	(1, '0ce35e29-90f3-4bdb-a5fc-f701d223bc52', '120006', 'atropine sulphate1mg/1ml', 0.1500, 0.0000, 'c13da749-a9cd-4894-b39b-be0c26919304', 2, 0, 0, 1, 100000000, 1, 1, 1, '2014-03-03 04:25:32'),
	(1, '0d9065f8-f07f-48d3-bff2-685b89800c93', '020027', 'Embaumement', 200.0000, 0.0000, '92efe516-4e99-4112-82e0-e86b30bfbc12', 2, 0, 0, 1, 100000000, 1, 1, 1, '2014-03-03 04:25:32'),
	(1, '0dddf531-70d1-4642-ac09-f7ee01f96c36', '060001', 'Pieds bottes .', 39.0000, 0.0000, '8d8ae9d7-bafb-482c-afd2-7c6f23b361c2', 2, 0, 0, 1, 100000000, 1, 1, 1, '2014-03-03 04:25:32'),
	(1, '0e57b7c8-8148-4d5b-bf0a-0b8440c3c76b', '060005', 'Spica adulte .', 62.0000, 0.0000, '8d8ae9d7-bafb-482c-afd2-7c6f23b361c2', 2, 0, 0, 1, 100000000, 1, 1, 1, '2014-03-03 04:25:32'),
	(1, '0e890f00-75f0-49ae-817e-101c6177f3a4', '010001', 'Consulation médecin ambulatoire', 2.6600, 0.0000, '124b8a66-c0e3-47ab-8e0a-19c0019b6c43', 2, 0, 0, 1, 100000000, 1, 1, 1, '2014-03-03 04:25:32'),
	(1, '0f00aad9-4215-4636-b760-05fe9b79584e', '100027', 'chlorpheniramine 4 mg', 0.0035, 0.0000, 'd66a0518-67ce-475c-b124-0bb78a65533f', 2, 0, 0, 1, 100000000, 1, 1, 1, '2014-03-03 04:25:32'),
	(1, '0f663f79-084c-4fda-909d-199e0ae64306', '120078', 'Cifin infusion 200 mg', 4.3585, 0.0000, 'c13da749-a9cd-4894-b39b-be0c26919304', NULL, 0, 0, 0, 0, 0, 1, 1, '2014-03-14 11:08:02'),
	(1, '0f877ee6-db4a-47b0-9c6b-4b10101fcba5', '050015', 'Radium x 2 insertion .', 20.0000, 0.0000, '8eddf5f5-c1e2-4f15-bd01-530e6baca071', 2, 0, 0, 1, 100000000, 1, 1, 1, '2014-03-03 04:25:32'),
	(1, '0fa5e349-17ae-4c7a-aa44-4de8991fbe31', '160005', 'HydrocortisoneFlc 5cc', 1.6000, 0.0000, '7e7c44d5-5a07-479d-829e-2dc168c97183', 2, 0, 0, 1, 100000000, 1, 1, 1, '2014-03-03 04:25:32'),
	(1, '0fefadfb-674f-4394-9326-a2a660297435', '150048', 'pilocarpine gtt oppth 5ml2%', 1.8500, 0.0000, 'd9f8daaa-22de-4a33-801e-4c07317b1983', 2, 0, 0, 1, 100000000, 1, 1, 1, '2014-03-03 04:25:32'),
	(1, '114a3ca8-55f4-4585-95ab-b585eacd2576', '020028', 'Document funeraires', 50.0000, 0.0000, '92efe516-4e99-4112-82e0-e86b30bfbc12', 2, 0, 0, 1, 100000000, 1, 1, 1, '2014-03-03 04:25:32'),
	(1, '1231d841-0664-4c98-9ccc-00b8842cbf9e', '120010', 'calcium gluconate 10 ml10%', 0.3200, 0.0000, 'c13da749-a9cd-4894-b39b-be0c26919304', 2, 0, 0, 1, 100000000, 1, 1, 1, '2014-03-03 04:25:32'),
	(1, '1240a02a-80db-4a20-a4c7-1b63b0bd633e', '120012', 'ceftriaxon 250mg, poudre pour injection', 1.8500, 0.0000, 'c13da749-a9cd-4894-b39b-be0c26919304', 2, 0, 0, 1, 100000000, 1, 1, 1, '2014-03-03 04:25:32'),
	(1, '1242e12c-88ff-405c-a4b9-ea7eda0e9f77', '100076', 'niclosamide500 mg', 0.0600, 0.0000, 'd66a0518-67ce-475c-b124-0bb78a65533f', 2, 0, 0, 1, 100000000, 1, 1, 1, '2014-03-03 04:25:32'),
	(1, '127ba2d2-65ef-441d-b04a-f55b25fcef9e', '020009', 'Abonnement TBC  6 mois  Enfant .(Gratuit).', 0.0000, 0.0000, '92efe516-4e99-4112-82e0-e86b30bfbc12', 2, 0, 0, 1, 100000000, 1, 1, 1, '2014-03-03 04:25:32'),
	(1, '1288eda0-3904-443a-acac-65e1927a02f4', '800001', 'Remise sur facture IMA', 0.0000, 0.0000, '6d921ee8-771d-4471-928f-b098bba19fbf', 1, 0, 0, 0, 0, 0, 1, 0, '2014-03-03 05:16:23'),
	(1, '13076815-2132-405f-aa0e-d12a39c9698c', '100004', 'allopurinol 100 mg100 mg', 0.0300, 0.0000, 'd66a0518-67ce-475c-b124-0bb78a65533f', 2, 0, 0, 1, 100000000, 1, 1, 1, '2014-03-03 04:25:32'),
	(1, '14ec1b7a-b007-46ef-b00a-c55988b174c7', '150044', 'nystatin vag supp100.000iu', 0.0500, 0.0000, 'd9f8daaa-22de-4a33-801e-4c07317b1983', 2, 0, 0, 1, 100000000, 1, 1, 1, '2014-03-03 04:25:32'),
	(1, '152fc18e-0446-4c68-838b-f0466421cd48', '120018', 'dextran 70, 6% in dextrose500 ml', 5.2000, 0.0000, 'c13da749-a9cd-4894-b39b-be0c26919304', 2, 0, 0, 1, 100000000, 1, 1, 1, '2014-03-03 04:25:32'),
	(1, '156b70bb-5e56-4365-aeaf-4ddc5694f872', '110014', 'salbutamol oral 0,5', 3.7000, 0.0000, '6676a40c-6776-45fe-98b7-2e8e1c6de4a8', 2, 0, 0, 1, 100000000, 1, 1, 1, '2014-03-03 04:25:32'),
	(1, '15cdcc80-57cc-409e-8fa9-057dbbe795e8', '170021', 'Attele jambe', 10.0000, 0.0000, '5bf8aae6-2258-42ae-bec8-aa852ff28108', 2, 0, 0, 1, 100000000, 1, 1, 1, '2014-03-03 04:25:32'),
	(1, '15d2bbbc-d629-4e57-a846-e3bf3c438f62', '150024', 'crayon nitrate', 1.0000, 0.0000, 'd9f8daaa-22de-4a33-801e-4c07317b1983', 2, 0, 0, 1, 100000000, 1, 1, 1, '2014-03-03 04:25:32'),
	(1, '1613e30b-d773-4bc4-a7df-08da335afc3e', '100096', 'prednisone 5 mg', 0.0100, 0.0000, 'd66a0518-67ce-475c-b124-0bb78a65533f', 2, 0, 0, 1, 100000000, 1, 1, 1, '2014-03-03 04:25:32'),
	(1, '16a7ffee-3e7f-42f2-a39a-aebaff22baf6', '080012', 'Ponction d\'aspiration d\'un phelgmon Pharyngie', 24.0000, 0.0000, 'c673e6d2-a1fd-4bca-aa0e-92425fc099bb', 2, 0, 0, 1, 100000000, 1, 1, 1, '2014-03-03 04:25:32'),
	(1, '17331cc0-3663-4a88-b032-964258ae4b07', '180004', 'Un verre Spherique Pce', 3.3000, 0.0000, '26a06810-c868-4edc-9720-0cb3ee20f8fa', 2, 0, 0, 1, 100000000, 1, 1, 1, '2014-03-03 04:25:32'),
	(1, '17e269b9-41ad-4f07-b2b9-9fc9eae9dfeb', '100079', 'norethisterone 5 mg tab', 0.1400, 0.0000, 'd66a0518-67ce-475c-b124-0bb78a65533f', 2, 0, 0, 1, 100000000, 1, 1, 1, '2014-03-03 04:25:32'),
	(1, '17ea51ae-53c4-46d8-92b4-a10b9228b78d', '100022', 'cefaclor ( cifidine) , cefixine250 mg', 0.2700, 0.0000, 'd66a0518-67ce-475c-b124-0bb78a65533f', 2, 0, 0, 1, 100000000, 1, 1, 1, '2014-03-03 04:25:32'),
	(1, '198fdfbb-e70d-471f-83c4-db0cadb50e21', '060006', 'Béquilles ', 24.0000, 0.0000, '8d8ae9d7-bafb-482c-afd2-7c6f23b361c2', 2, 0, 0, 1, 100000000, 1, 1, 1, '2014-03-03 04:25:32'),
	(1, '19c21745-50ed-4545-b737-770a2ad1495a', '050018', 'Grossesse ectopique (7 jours d\'hospitalisation inc', 60.0000, 0.0000, '8eddf5f5-c1e2-4f15-bd01-530e6baca071', 2, 0, 0, 1, 100000000, 1, 1, 1, '2014-03-03 04:25:32'),
	(1, '1a5615d3-f649-4307-b3f8-5a16b9676b14', '100078', 'nitrofurantoine(furadatin)100 mg', 0.0100, 0.0000, 'd66a0518-67ce-475c-b124-0bb78a65533f', 2, 0, 0, 1, 100000000, 1, 1, 1, '2014-03-03 04:25:32'),
	(1, '1a6a1c3e-9b3b-42f2-a8b3-ea5f7c3bca94', '100119', 'vitamine C (acide ascorbic) 250 mg tab', 0.0200, 0.0000, 'd66a0518-67ce-475c-b124-0bb78a65533f', 2, 0, 0, 1, 100000000, 1, 1, 1, '2014-03-03 04:25:32'),
	(1, '1a71ad88-bc58-4e9c-81e7-1795fa00a3ff', '050040', 'Néphrectomie .', 90.0000, 0.0000, '8eddf5f5-c1e2-4f15-bd01-530e6baca071', 2, 0, 0, 1, 100000000, 1, 1, 1, '2014-03-03 04:25:32'),
	(1, '1af5294c-3635-4c41-a95f-c49d6cbe3dae', '040034', 'Paiement  au donneur  de sang ', 10.8700, 0.0000, '8f7ad32b-1c59-44c8-8c19-d9727896c218', 2, 0, 0, 1, 100000000, 1, 1, 1, '2014-03-03 04:25:32'),
	(1, '1b1c9c03-51bb-4589-8ea9-a7796a648906', '050038', 'Hystérectomie  radicale plus gangliectomie (1 jour', 90.0000, 0.0000, '8eddf5f5-c1e2-4f15-bd01-530e6baca071', 2, 0, 0, 1, 100000000, 1, 1, 1, '2014-03-03 04:25:32'),
	(1, '1b2a880d-a9a9-45df-8dca-328f0c9acc53', '100040', 'diazepam5 mg', 0.0100, 0.0000, 'd66a0518-67ce-475c-b124-0bb78a65533f', 2, 0, 0, 1, 100000000, 1, 1, 1, '2014-03-03 04:25:32'),
	(1, '1bbba437-1166-484f-bd8b-e344a4c6b734', '100085', 'papaverine40mg', 0.0200, 0.0000, 'd66a0518-67ce-475c-b124-0bb78a65533f', 2, 0, 0, 1, 100000000, 1, 1, 1, '2014-03-03 04:25:32'),
	(1, '1c018d04-2387-4901-b487-a135a278f1fb', '100074', 'metronidazole , flagyl 250 mg tab', 0.0500, 0.0000, 'd66a0518-67ce-475c-b124-0bb78a65533f', 2, 0, 0, 1, 100000000, 1, 1, 1, '2014-03-03 04:25:32'),
	(1, '1d514153-3287-4580-ba98-a3cb5bbea228', '060002', 'Plâtre  bras .', 25.0000, 0.0000, '8d8ae9d7-bafb-482c-afd2-7c6f23b361c2', 2, 0, 0, 1, 100000000, 1, 1, 1, '2014-03-03 04:25:32'),
	(1, '1d662907-d5cb-40fd-a84e-0699590db36c', '040033', 'Matériel ( Trousse + Poches  de sang ) .', 7.8000, 0.0000, '8f7ad32b-1c59-44c8-8c19-d9727896c218', 2, 0, 0, 1, 100000000, 1, 1, 1, '2014-03-03 04:25:32'),
	(1, '1de5e30c-5234-4227-abba-8849229a1136', '040040', 'Urgence Laboratoire', 1.8000, 0.0000, '8f7ad32b-1c59-44c8-8c19-d9727896c218', 1, 0, 0, 0, 0, 0, 1, 0, '2014-03-20 12:33:14'),
	(1, '1df9e0ca-c136-4ffb-9ab0-d25685e62d45', '050019', 'Cataracte ', 60.0000, 0.0000, '8eddf5f5-c1e2-4f15-bd01-530e6baca071', 2, 0, 0, 1, 100000000, 1, 1, 1, '2014-03-03 04:25:32'),
	(1, '1dfe9ebe-93b9-4522-a8e3-ab032af9183e', '170025', 'trousse d\'accouchement', 2.5000, 0.0000, '5bf8aae6-2258-42ae-bec8-aa852ff28108', 2, 0, 0, 1, 100000000, 1, 1, 1, '2014-03-03 04:25:32'),
	(1, '20a5fedb-c4da-4362-a7d6-b2960e8c06a5', '120040', 'metoclopramide inj', 0.1200, 0.0000, 'c13da749-a9cd-4894-b39b-be0c26919304', 2, 0, 0, 1, 100000000, 1, 1, 1, '2014-03-03 04:25:32'),
	(1, '212413a7-4d9d-4dae-9bab-281e7a3b7161', '150066', 'timolol eyes 0,25% drops', 2.8400, 0.0000, 'd9f8daaa-22de-4a33-801e-4c07317b1983', 2, 0, 0, 1, 100000000, 1, 1, 1, '2014-03-03 04:25:32'),
	(1, '21ef4a8f-b26f-4fcb-a63e-c5c3223a0ca7', '100026', 'chloroquine phosph150 mg base tab', 0.0200, 0.0000, 'd66a0518-67ce-475c-b124-0bb78a65533f', 2, 0, 0, 1, 100000000, 1, 1, 1, '2014-03-03 04:25:32'),
	(1, '2375443d-a0af-4c8f-be43-82a82273bb44', '140004', 'serum anti-tetanique,amp1500 iu, 1 ml', 2.1800, 0.0000, '77bb62bc-701c-4b05-833b-09aba4879bd3', 2, 0, 0, 1, 100000000, 1, 1, 1, '2014-03-03 04:25:32'),
	(1, '248c675a-7013-4b98-9301-27c8277a3ce2', '100013', 'aspirine adulte 500 mg tab (EML)', 0.0100, 0.0000, 'd66a0518-67ce-475c-b124-0bb78a65533f', 2, 0, 0, 1, 100000000, 1, 1, 1, '2014-03-03 04:25:32'),
	(1, '24b7b3ab-1b68-43e0-a541-d17bc048f4be', '110010', 'multivitamine sirop500 ml', 1.9000, 0.0000, '6676a40c-6776-45fe-98b7-2e8e1c6de4a8', 2, 0, 0, 1, 100000000, 1, 1, 1, '2014-03-03 04:25:32'),
	(1, '24bf5a4f-1576-4485-b4cf-047808487c15', '110012', 'rehydration orale sac pour 1 L', 0.2500, 0.0000, '6676a40c-6776-45fe-98b7-2e8e1c6de4a8', 2, 0, 0, 1, 100000000, 1, 1, 1, '2014-03-03 04:25:32'),
	(1, '24ea3914-4958-4369-8ed5-82e08334a702', '050012', 'Petit  lipome ', 20.0000, 0.0000, '8eddf5f5-c1e2-4f15-bd01-530e6baca071', 2, 0, 0, 1, 100000000, 1, 1, 1, '2014-03-03 04:25:32'),
	(1, '25abbed0-4b98-43d0-bc0c-06839698d98d', '050008', 'Incision & Drainage ', 20.0000, 0.0000, '8eddf5f5-c1e2-4f15-bd01-530e6baca071', 2, 0, 0, 1, 100000000, 1, 1, 1, '2014-03-03 04:25:32'),
	(1, '26c3c3c0-fe91-452a-8d00-07e5cdd2e566', '100098', 'promethazine 25 mg tab', 0.0100, 0.0000, 'd66a0518-67ce-475c-b124-0bb78a65533f', 2, 0, 0, 1, 100000000, 1, 1, 1, '2014-03-03 04:25:32'),
	(1, '2717bc0f-a132-4350-8492-0a32b369fa03', '050014', 'Pterygion ', 20.0000, 0.0000, '8eddf5f5-c1e2-4f15-bd01-530e6baca071', 2, 0, 0, 1, 100000000, 1, 1, 1, '2014-03-03 04:25:32'),
	(1, '279e7d5a-b619-4b8a-855d-a0f68d890ce8', '120011', 'ceftriaxon 1g (ROCEFIN)10ml', 1.5000, 0.0000, 'c13da749-a9cd-4894-b39b-be0c26919304', 2, 0, 0, 1, 100000000, 1, 1, 1, '2014-03-03 04:25:32'),
	(1, '27eb0d94-3dbc-437a-b949-48242b14ed65', '150018', 'creoline1 L', 0.9000, 0.0000, 'd9f8daaa-22de-4a33-801e-4c07317b1983', 2, 0, 0, 1, 100000000, 1, 1, 1, '2014-03-03 04:25:32'),
	(1, '285d72d2-74de-4cd0-add2-1afc7e4d7478', '170010', 'Seringue 2cc non-disposablePce', 0.4300, 0.0000, '5bf8aae6-2258-42ae-bec8-aa852ff28108', 2, 0, 0, 1, 100000000, 1, 1, 1, '2014-03-03 04:25:32'),
	(1, '28a501cd-4261-4845-9890-0c761aa8e8c2', '100084', 'ovidon (lo-femenal)', 0.3900, 0.0000, 'd66a0518-67ce-475c-b124-0bb78a65533f', 2, 0, 0, 1, 100000000, 1, 1, 1, '2014-03-03 04:25:32'),
	(1, '290f9c46-fce1-4133-b362-b1328f3dbc1e', '150003', 'argent(nitrate)crayon95 %', 0.9000, 0.0000, 'd9f8daaa-22de-4a33-801e-4c07317b1983', 2, 0, 0, 1, 100000000, 1, 1, 1, '2014-03-03 04:25:32'),
	(1, '293027e5-f3ba-4817-883f-9ecf91fcdf74', '100032', 'clarythromycine( biaxin)250 mg', 0.3200, 0.0000, 'd66a0518-67ce-475c-b124-0bb78a65533f', 2, 0, 0, 1, 100000000, 1, 1, 1, '2014-03-03 04:25:32'),
	(1, '2945c8dd-e098-48f6-b193-d6191d923a0c', '120034', 'lidocaine 50 ml1%', 0.6200, 0.0000, 'c13da749-a9cd-4894-b39b-be0c26919304', 2, 0, 0, 1, 100000000, 1, 1, 1, '2014-03-03 04:25:32'),
	(1, '297ea9c4-b464-4cb6-bdd3-9161e7bf381b', '050009', 'Kyste  cynovial ', 10.0000, 0.0000, '8eddf5f5-c1e2-4f15-bd01-530e6baca071', 2, 0, 0, 1, 100000000, 1, 1, 1, '2014-03-03 04:25:32'),
	(1, '29d73974-3cfc-4912-a479-1861691595fd', '120005', 'ampicilline1g', 0.6500, 0.0000, 'c13da749-a9cd-4894-b39b-be0c26919304', 2, 0, 0, 1, 100000000, 1, 1, 1, '2014-03-03 04:25:32'),
	(1, '2a39f76d-6432-4882-a33a-376a63d7dfa8', '160006', 'hydrox neomy eyes ( gentamide)Flc 5cc', 1.9600, 0.0000, '7e7c44d5-5a07-479d-829e-2dc168c97183', 2, 0, 0, 1, 100000000, 1, 1, 1, '2014-03-03 04:25:32'),
	(1, '2ab29fa2-9d79-470d-bdc4-5f6c08e8fc59', '050025', 'Hydrocelectomie', 60.0000, 0.0000, '8eddf5f5-c1e2-4f15-bd01-530e6baca071', 2, 0, 0, 1, 100000000, 1, 1, 1, '2014-03-03 04:25:32'),
	(1, '2b39cb6e-40e2-4fc5-baae-3154d423cff4', '100036', 'co trimoxazole100/20 mg tab', 0.0100, 0.0000, 'd66a0518-67ce-475c-b124-0bb78a65533f', 2, 0, 0, 1, 100000000, 1, 1, 1, '2014-03-03 04:25:32'),
	(1, '2bb81d55-069f-466e-ac76-ed8330ce203d', '150028', 'hydrocortisone pde deerm1%/15 g', 0.9800, 0.0000, 'd9f8daaa-22de-4a33-801e-4c07317b1983', 2, 0, 0, 1, 100000000, 1, 1, 1, '2014-03-03 04:25:32'),
	(1, '2c3f642f-0e4a-4369-88cc-16a19ec4c4e0', '020011', '(non compris les éventuels tests de glycémie sangu', 0.0000, 0.0000, '92efe516-4e99-4112-82e0-e86b30bfbc12', 2, 0, 0, 1, 100000000, 1, 1, 1, '2014-03-03 04:25:32'),
	(1, '2c7bab72-6f86-4090-bb02-ad670169dcf9', '040019', 'Sang occulte .', 1.3000, 0.0000, '8f7ad32b-1c59-44c8-8c19-d9727896c218', 2, 0, 0, 1, 100000000, 1, 1, 1, '2014-03-03 04:25:32'),
	(1, '2ccc7a44-ddc7-4c47-a9ba-ef2cf6064023', '050021', 'Fracture  simple .', 60.0000, 0.0000, '8eddf5f5-c1e2-4f15-bd01-530e6baca071', 2, 0, 0, 1, 100000000, 1, 1, 1, '2014-03-03 04:25:32'),
	(1, '2d444fe3-965c-4fb2-96f1-9ed842e04c8d', '040028', 'Test Welcome .', 7.8000, 0.0000, '8f7ad32b-1c59-44c8-8c19-d9727896c218', 2, 0, 0, 1, 100000000, 1, 1, 1, '2014-03-03 04:25:32'),
	(1, '2dc08645-67bb-44bd-95cd-46b67ca5f02a', '150059', 'tetracaine 5 ml0,5%', 0.9000, 0.0000, 'd9f8daaa-22de-4a33-801e-4c07317b1983', 2, 0, 0, 1, 100000000, 1, 1, 1, '2014-03-03 04:25:32'),
	(1, '2e5182cf-4c41-4142-aba4-15d854034edd', '100045', 'ephedrine HCL 30 mg', 0.2700, 0.0000, 'd66a0518-67ce-475c-b124-0bb78a65533f', 2, 0, 0, 1, 100000000, 1, 1, 1, '2014-03-03 04:25:32'),
	(1, '2f219e9c-1b9f-4514-9e3e-4a63e2747c3a', '150042', 'miconasole poudre 2% 30gr(EML)', 1.0900, 0.0000, 'd9f8daaa-22de-4a33-801e-4c07317b1983', 2, 0, 0, 1, 100000000, 1, 1, 1, '2014-03-03 04:25:32'),
	(1, '300634fa-36aa-486a-a4af-e434fbd59acd', '100131', 'Sulphate de Zinc', 0.7000, 0.0000, 'd66a0518-67ce-475c-b124-0bb78a65533f', 5, 0, 0, 0, 0, 0, 1, 1, '2014-03-12 13:03:17'),
	(1, '305eb49a-e2a1-4c51-92e6-dfa2ac8ef5e7', '100009', 'ampicilline 250 mg caps', 0.0300, 0.0000, 'd66a0518-67ce-475c-b124-0bb78a65533f', 2, 0, 0, 1, 100000000, 1, 1, 1, '2014-03-03 04:25:32'),
	(1, '31375fa2-797a-41dd-a756-c1bf8df9b0ae', '100111', 'tempraplaquette', 0.0200, 0.0000, 'd66a0518-67ce-475c-b124-0bb78a65533f', 2, 0, 0, 1, 100000000, 1, 1, 1, '2014-03-03 04:25:32'),
	(1, '31d9888b-a6d7-4719-be08-7af973930f97', '040022', 'Selles concentrées .', 1.9500, 0.0000, '8f7ad32b-1c59-44c8-8c19-d9727896c218', 2, 0, 0, 1, 100000000, 1, 1, 1, '2014-03-03 04:25:32'),
	(1, '32498ef3-0901-4198-b362-d899faec7620', '050024', 'Hernie simple ( + 30 % pour hernie bilatérale ) ', 60.0000, 0.0000, '8eddf5f5-c1e2-4f15-bd01-530e6baca071', 2, 0, 0, 1, 100000000, 1, 1, 1, '2014-03-03 04:25:32'),
	(1, '325de2cd-718a-4c3c-9679-0d4b4bb12cce', '150055', 'silvadene creme%400 g', 0.9000, 0.0000, 'd9f8daaa-22de-4a33-801e-4c07317b1983', 2, 0, 0, 1, 100000000, 1, 1, 1, '2014-03-03 04:25:32'),
	(1, '326d4fc3-b6d5-4338-9f15-a68c3c3086a3', '150019', 'condom (4con)', 0.9000, 0.0000, 'd9f8daaa-22de-4a33-801e-4c07317b1983', 2, 0, 0, 1, 100000000, 1, 1, 1, '2014-03-03 04:25:32'),
	(1, '329c3370-5620-4cff-b2c9-0a910c4c3e84', '170024', 'trousse perfusion', 1.0000, 0.0000, '5bf8aae6-2258-42ae-bec8-aa852ff28108', 2, 0, 0, 1, 100000000, 1, 1, 1, '2014-03-03 04:25:32'),
	(1, '335d6b10-5059-40c3-86d7-b76f7ffa44a5', '100073', 'metoclopramide 10 mg tab', 0.0100, 0.0000, 'd66a0518-67ce-475c-b124-0bb78a65533f', 2, 0, 0, 1, 100000000, 1, 1, 1, '2014-03-03 04:25:32'),
	(1, '349fb0b8-baf3-438a-8433-dd977e74e66c', '170005', 'gants steriles', 1.7500, 0.0000, '5bf8aae6-2258-42ae-bec8-aa852ff28108', 2, 0, 0, 1, 100000000, 1, 1, 1, '2014-03-03 04:25:32'),
	(1, '34d80439-008f-466a-ae65-32ae5468ecf5', '050049', 'Hystérectomie vaginale avec reparation de cystocèl', 90.0000, 0.0000, '8eddf5f5-c1e2-4f15-bd01-530e6baca071', 2, 0, 0, 1, 100000000, 1, 1, 1, '2014-03-03 04:25:32'),
	(1, '35295b43-8fc7-44f3-bb25-5f61c2c9bad3', '100066', 'ketaconazole 200 mg', 0.3000, 0.0000, 'd66a0518-67ce-475c-b124-0bb78a65533f', 2, 0, 0, 1, 100000000, 1, 1, 1, '2014-03-03 04:25:32'),
	(1, '3562219a-1697-4188-9e9c-b35d50c65031', '180002', 'Paire Verres Toriques Paire', 8.5000, 0.0000, '26a06810-c868-4edc-9720-0cb3ee20f8fa', 2, 0, 0, 1, 100000000, 1, 1, 1, '2014-03-03 04:25:32'),
	(1, '35c95271-99cd-4da9-a791-65d9863508af', '030009', 'Nourriture ordinaire', 0.0000, 0.0000, '2b0a1f28-99f4-4d38-aff2-e09ef5aaf9d8', 2, 0, 0, 1, 100000000, 1, 1, 1, '2014-03-03 04:25:32'),
	(1, '35d9bb52-77f8-45b8-82d7-60f9e82792e6', '100049', 'ethambutol 400 mg', 0.0600, 0.0000, 'd66a0518-67ce-475c-b124-0bb78a65533f', 2, 0, 0, 1, 100000000, 1, 1, 1, '2014-03-03 04:25:32'),
	(1, '365057cb-0a23-42d5-98db-2d1c34c5213b', '120021', 'digoxine 2ml0,25mg/ml', 0.6000, 0.0000, 'c13da749-a9cd-4894-b39b-be0c26919304', 2, 0, 0, 1, 100000000, 1, 1, 1, '2014-03-03 04:25:32'),
	(1, '3745a0bf-162d-4624-be3e-bac278cfc028', '120056', 'pyrodoxine B6 Amp 2 ml.50mg/ml', 0.1200, 0.0000, 'c13da749-a9cd-4894-b39b-be0c26919304', 2, 0, 0, 1, 100000000, 1, 1, 1, '2014-03-03 04:25:32'),
	(1, '37dd78de-d4cb-4931-9c3b-5a5e06b683c1', '100046', 'ergotamine 1 mg + caffeine 100 tab, blister', 0.6900, 0.0000, 'd66a0518-67ce-475c-b124-0bb78a65533f', 2, 0, 0, 1, 100000000, 1, 1, 1, '2014-03-03 04:25:32'),
	(1, '38412155-7450-4af2-960b-278f1c77b1ab', '120041', 'metronidazole 5mg/ml, 100ml5mg', 2.3000, 0.0000, 'c13da749-a9cd-4894-b39b-be0c26919304', 2, 0, 0, 1, 100000000, 1, 1, 1, '2014-03-03 04:25:32'),
	(1, '385cb84a-772e-40dd-8e95-ccc049be513e', '050029', 'mi-laparatomie(3 jours d\'hospitalisation inclus)', 60.0000, 0.0000, '8eddf5f5-c1e2-4f15-bd01-530e6baca071', 2, 0, 0, 1, 100000000, 1, 1, 1, '2014-03-03 04:25:32'),
	(1, '38ea8990-d0c4-4b53-9514-ef83090a7e35', '080004', 'Tympanometrie et reflexe', 7.0000, 0.0000, 'c673e6d2-a1fd-4bca-aa0e-92425fc099bb', 2, 0, 0, 1, 100000000, 1, 1, 1, '2014-03-03 04:25:32'),
	(1, '3a3b0bf3-3fa7-437d-a8ba-6d8dcb2069a6', '160009', 'Prednisolone .5%Flc 5cc', 1.1900, 0.0000, '7e7c44d5-5a07-479d-829e-2dc168c97183', 2, 0, 0, 1, 100000000, 1, 1, 1, '2014-03-03 04:25:32'),
	(1, '3a52cb67-961c-4229-bbb8-b766dfb3e243', '070007', 'Urgence Radiologie', 1.9500, 0.0000, 'b554ebf9-7a0f-4fd2-bdde-f902ebd96fee', 2, 0, 0, 1, 100000000, 1, 1, 1, '2014-03-03 04:25:32'),
	(1, '3a7acf0e-ced4-4419-8205-f0fc532dbfbc', '150001', 'Anti haemorrhoidsupp', 0.2400, 0.0000, 'd9f8daaa-22de-4a33-801e-4c07317b1983', 2, 0, 0, 1, 100000000, 1, 1, 1, '2014-03-03 04:25:32'),
	(1, '3a8f31a3-71bf-4a1a-8912-57a7194248f6', '040013', 'Frottis de crachat Ziehl- Neelsen ', 0.7500, 0.0000, '8f7ad32b-1c59-44c8-8c19-d9727896c218', 2, 0, 0, 1, 100000000, 1, 1, 1, '2014-03-03 04:25:32'),
	(1, '3a95ff60-ba1d-4a9f-8774-826397f6737b', '100094', 'piracetam 400mg(nootropil)400 mg', 0.3400, 0.0000, 'd66a0518-67ce-475c-b124-0bb78a65533f', 2, 0, 0, 1, 100000000, 1, 1, 1, '2014-03-03 04:25:32'),
	(1, '3b26a4ff-bc36-4b4f-80d0-53718c64b903', '040032', 'Préparation ( comptabilité ) .', 3.9000, 0.0000, '8f7ad32b-1c59-44c8-8c19-d9727896c218', 2, 0, 0, 1, 100000000, 1, 1, 1, '2014-03-03 04:25:32'),
	(1, '3b988564-edef-42bc-a788-595589fe04d0', '100031', 'ciprofloxacin100mg', 0.0100, 0.0000, 'd66a0518-67ce-475c-b124-0bb78a65533f', 2, 0, 0, 1, 100000000, 1, 1, 1, '2014-03-03 04:25:32'),
	(1, '3c75f1fc-9c1b-405c-a2c5-816915296dda', '050030', 'Ostéomyelite .', 60.0000, 0.0000, '8eddf5f5-c1e2-4f15-bd01-530e6baca071', 2, 0, 0, 1, 100000000, 1, 1, 1, '2014-03-03 04:25:32'),
	(1, '3c86ccfe-0514-47bb-95a7-79a4780f18c1', '100003', 'albendazole', 0.1300, 0.0000, 'd66a0518-67ce-475c-b124-0bb78a65533f', 2, 0, 0, 1, 100000000, 1, 1, 1, '2014-03-03 04:25:32'),
	(1, '3cdabcea-eb13-43f9-b6ce-10d737d29250', '100054', 'glibenclamide 5 mg, tab', 0.0100, 0.0000, 'd66a0518-67ce-475c-b124-0bb78a65533f', 2, 0, 0, 1, 100000000, 1, 1, 1, '2014-03-03 04:25:32'),
	(1, '3e96743a-57f2-4c8f-ae35-5746c5d29938', '100018', 'calcium lactate 300 mg', 0.0300, 0.0000, 'd66a0518-67ce-475c-b124-0bb78a65533f', 2, 0, 0, 1, 100000000, 1, 1, 1, '2014-03-03 04:25:32'),
	(1, '3ebe8581-c4e3-4fb7-8ecf-330e0e529459', '100102', 'quinine sulphate 500 mg', 0.1500, 0.0000, 'd66a0518-67ce-475c-b124-0bb78a65533f', 2, 0, 0, 1, 100000000, 1, 1, 1, '2014-03-03 04:25:32'),
	(1, '3f2261af-d032-45b7-8e1f-bd872304b601', '120033', 'ketamine,10 ml 50mg/ml pour injection', 1.8000, 0.0000, 'c13da749-a9cd-4894-b39b-be0c26919304', 2, 0, 0, 1, 100000000, 1, 1, 1, '2014-03-03 04:25:32'),
	(1, '407935df-78b2-46e3-b9dc-1f3bc92bb539', '120016', 'cyclophosphamide200 mg', 17.1900, 0.0000, 'c13da749-a9cd-4894-b39b-be0c26919304', 2, 0, 0, 1, 100000000, 1, 1, 1, '2014-03-03 04:25:32'),
	(1, '408ce97b-c0de-46b0-8f45-250f48149be8', '120058', 'streptomycine 5g pour injection', 0.7700, 0.0000, 'c13da749-a9cd-4894-b39b-be0c26919304', 2, 0, 0, 1, 100000000, 1, 1, 1, '2014-03-03 04:25:32'),
	(1, '40b1e004-6221-428e-8564-02aee03928aa', '100115', 'tribexfort(bte de 30 ces)', 0.0700, 0.0000, 'd66a0518-67ce-475c-b124-0bb78a65533f', 2, 0, 0, 1, 100000000, 1, 1, 1, '2014-03-03 04:25:32'),
	(1, '40bfd04b-a7e3-422f-8777-3813de9553a8', '080005', 'Cauterisation du nez au nitrate', 0.0000, 0.0000, 'c673e6d2-a1fd-4bca-aa0e-92425fc099bb', 2, 0, 0, 1, 100000000, 1, 1, 1, '2014-03-03 04:25:32'),
	(1, '413c067a-37a8-4a8a-a294-4531f33cd5be', '100017', 'Cafeine', 0.1400, 0.0000, 'd66a0518-67ce-475c-b124-0bb78a65533f', 2, 0, 0, 1, 100000000, 1, 1, 1, '2014-03-03 04:25:32'),
	(1, '41ab835f-0fdf-4ab8-b9a5-a0385ef44506', '100112', 'suxamethonuim 100 mg', 1.3700, 0.0000, 'd66a0518-67ce-475c-b124-0bb78a65533f', 2, 0, 0, 1, 100000000, 1, 1, 1, '2014-03-03 04:25:32'),
	(1, '41bec0fd-41b4-42ae-8cdb-339303592d5a', '040012', 'Frottis gram .', 2.6000, 0.0000, '8f7ad32b-1c59-44c8-8c19-d9727896c218', 2, 0, 0, 1, 100000000, 1, 1, 1, '2014-03-03 04:25:32'),
	(1, '4214fe5b-8829-49b5-8d51-fe76e0e609b7', '120038', 'melarsoprol(arsobal)\'3,6%220mg/5ml', 14.5600, 0.0000, 'c13da749-a9cd-4894-b39b-be0c26919304', 2, 0, 0, 1, 100000000, 1, 1, 1, '2014-03-03 04:25:32'),
	(1, '42732795-1921-43fb-9c3a-35577dc2eead', '140002', 'insuline normal(ordinaire)40iu/ml', 7.0500, 0.0000, '77bb62bc-701c-4b05-833b-09aba4879bd3', 2, 0, 0, 1, 100000000, 1, 1, 1, '2014-03-03 04:25:32'),
	(1, '4414d583-09d5-4722-a2cf-73717b9d43db', '040015', 'ASO Titre ', 5.2000, 0.0000, '8f7ad32b-1c59-44c8-8c19-d9727896c218', 2, 0, 0, 1, 100000000, 1, 1, 1, '2014-03-03 04:25:32'),
	(1, '45b76a9f-bcd7-4f20-9ede-b3f79d75e652', '110004', 'barium sulphate susp. pde1 gr', 1.9200, 0.0000, '6676a40c-6776-45fe-98b7-2e8e1c6de4a8', 2, 0, 0, 1, 100000000, 1, 1, 1, '2014-03-03 04:25:32'),
	(1, '47df3e8f-2699-4376-a73e-942bbf8a0cff', '050037', 'Hernie étranglée .', 90.0000, 0.0000, '8eddf5f5-c1e2-4f15-bd01-530e6baca071', 2, 0, 0, 1, 100000000, 1, 1, 1, '2014-03-03 04:25:32'),
	(1, '48d65273-1cfb-429f-a0f7-32fae2a1eead', '100052', 'fer sulphate 200 mg', 0.0000, 0.0000, 'd66a0518-67ce-475c-b124-0bb78a65533f', 2, 0, 0, 1, 100000000, 1, 1, 1, '2014-03-03 04:25:32'),
	(1, '48e85e5b-8bfa-43b8-9d61-5a8277760f93', '140006', 'vincristine1 mg', 8.1700, 0.0000, '77bb62bc-701c-4b05-833b-09aba4879bd3', 2, 0, 0, 1, 100000000, 1, 1, 1, '2014-03-03 04:25:32'),
	(1, '4bb051d7-87e4-41f2-b651-472b0527106d', '120019', 'diazepam10mg/2ml', 0.3900, 0.0000, 'c13da749-a9cd-4894-b39b-be0c26919304', 2, 0, 0, 1, 100000000, 1, 1, 1, '2014-03-03 04:25:32'),
	(1, '4bbc2837-394e-4fcf-8d43-9a3b9bd086bd', '100048', 'erythromycine 500 mg tab', 0.1500, 0.0000, 'd66a0518-67ce-475c-b124-0bb78a65533f', 2, 0, 0, 1, 100000000, 1, 1, 1, '2014-03-03 04:25:32'),
	(1, '4c7b53ac-c76e-4424-8618-b9c94b911d00', '100059', 'hyoxine', 0.0500, 0.0000, 'd66a0518-67ce-475c-b124-0bb78a65533f', 2, 0, 0, 1, 100000000, 1, 1, 1, '2014-03-03 04:25:32'),
	(1, '4e0b078a-426f-4776-98ca-490c2ea7abdc', '170023', 'Trousse d\'accouchement', 2.5000, 0.0000, '5bf8aae6-2258-42ae-bec8-aa852ff28108', 2, 0, 0, 1, 100000000, 1, 1, 1, '2014-03-03 04:25:32'),
	(1, '4e1846f7-793b-4eb6-b842-95bc6424a73a', '120047', 'penicilline procaine/pen4M iu', 0.6100, 0.0000, 'c13da749-a9cd-4894-b39b-be0c26919304', 2, 0, 0, 1, 100000000, 1, 1, 1, '2014-03-03 04:25:32'),
	(1, '4e40ce17-868e-48e6-93ee-e870f0c40ad3', '100057', 'hydralazine25 mg', 0.0500, 0.0000, 'd66a0518-67ce-475c-b124-0bb78a65533f', 2, 0, 0, 1, 100000000, 1, 1, 1, '2014-03-03 04:25:32'),
	(1, '4f729c32-efee-4f5f-aa53-c56c35e93cc6', '030011', 'Repas Ordinaire ', 1.5000, 0.0000, '2b0a1f28-99f4-4d38-aff2-e09ef5aaf9d8', 2, 0, 0, 1, 100000000, 1, 1, 1, '2014-03-03 04:25:32'),
	(1, '4fcd6952-5e69-4385-a867-f7a1359d0617', '160002', 'Atropine 1%Flc 5cc', 0.9400, 0.0000, '7e7c44d5-5a07-479d-829e-2dc168c97183', 2, 0, 0, 1, 100000000, 1, 1, 1, '2014-03-03 04:25:32'),
	(1, '50d977f7-bc16-4a3e-852e-c7b9927e29fe', '050035', 'Gastrectomie ou vagotomie drainage .', 90.0000, 0.0000, '8eddf5f5-c1e2-4f15-bd01-530e6baca071', 2, 0, 0, 1, 100000000, 1, 1, 1, '2014-03-03 04:25:32'),
	(1, '50e1fdc4-e243-49b9-abc1-a0a98a318dda', '100028', 'chlorpromazine 25 mg', 0.0100, 0.0000, 'd66a0518-67ce-475c-b124-0bb78a65533f', 2, 0, 0, 1, 100000000, 1, 1, 1, '2014-03-03 04:25:32'),
	(1, '50e60a94-9b3c-49d4-858c-7feb9ca6d950', '050028', 'Laparascopie .(2 jours d\'hospitalisation inclus)', 60.0000, 0.0000, '8eddf5f5-c1e2-4f15-bd01-530e6baca071', 2, 0, 0, 1, 100000000, 1, 1, 1, '2014-03-03 04:25:32'),
	(1, '511d9e48-23eb-4b82-881b-ea63033fa9c5', '100060', 'ibuprofen 400 mg', 0.0200, 0.0000, 'd66a0518-67ce-475c-b124-0bb78a65533f', 2, 0, 0, 1, 100000000, 1, 1, 1, '2014-03-03 04:25:32'),
	(1, '51f6a776-26cc-49a3-a5a4-d849a82c0994', '150020', 'ether1 L', 0.9000, 0.0000, 'd9f8daaa-22de-4a33-801e-4c07317b1983', 2, 0, 0, 1, 100000000, 1, 1, 1, '2014-03-03 04:25:32'),
	(1, '52960914-e927-4775-b63d-9ad1bea14ac5', '050004', 'Thoracentèse .', 10.0000, 0.0000, '8eddf5f5-c1e2-4f15-bd01-530e6baca071', 2, 0, 0, 1, 100000000, 1, 1, 1, '2014-03-03 04:25:32'),
	(1, '52c0aba0-5354-43b7-8c7d-79560ce21571', '150038', 'mouse,contraceptif(Deflan)50 g', 0.9000, 0.0000, 'd9f8daaa-22de-4a33-801e-4c07317b1983', 2, 0, 0, 1, 100000000, 1, 1, 1, '2014-03-03 04:25:32'),
	(1, '52fd2e3c-2467-4583-a7e5-d9a1fe17c474', '150053', 'Polyvidone iodine 100 ml/200ml', 2.5000, 0.0000, 'd9f8daaa-22de-4a33-801e-4c07317b1983', 2, 0, 0, 1, 100000000, 1, 1, 1, '2014-03-03 04:25:32'),
	(1, '538c3edc-853d-48bf-8d12-367a8cb1ed84', '100023', 'chloroquine phosph100mgbase', 0.0100, 0.0000, 'd66a0518-67ce-475c-b124-0bb78a65533f', 2, 0, 0, 1, 100000000, 1, 1, 1, '2014-03-03 04:25:32'),
	(1, '53bbc138-d731-4199-bd41-edd38f7caa43', '150014', 'chloramphenicol ong ophth 5gr1%', 0.4700, 0.0000, 'd9f8daaa-22de-4a33-801e-4c07317b1983', 2, 0, 0, 1, 100000000, 1, 1, 1, '2014-03-03 04:25:32'),
	(1, '53de1d22-60ba-4340-9d3b-d5756242d93c', '150022', 'glycerine, 1 L85%', 0.9000, 0.0000, 'd9f8daaa-22de-4a33-801e-4c07317b1983', 2, 0, 0, 1, 100000000, 1, 1, 1, '2014-03-03 04:25:32'),
	(1, '54793832-ea2b-444c-9632-97539c4602ca', '060003', 'Plâtre jambe .', 49.0000, 0.0000, '8d8ae9d7-bafb-482c-afd2-7c6f23b361c2', 2, 0, 0, 1, 100000000, 1, 1, 1, '2014-03-03 04:25:32'),
	(1, '54a2a095-02b0-4e5d-8c97-8a606f1ee0de', '050001', 'Amniocenthèse ', 10.0000, 0.0000, '8eddf5f5-c1e2-4f15-bd01-530e6baca071', 2, 0, 0, 1, 100000000, 1, 1, 1, '2014-03-03 04:25:32'),
	(1, '54c76265-e0d5-4d9e-ba95-de87a9e52151', '070005', 'Repas  baryté + films ', 39.0000, 0.0000, 'b554ebf9-7a0f-4fd2-bdde-f902ebd96fee', 2, 0, 0, 1, 100000000, 1, 1, 1, '2014-03-03 04:25:32'),
	(1, '54de8b92-e58b-4b2f-9af1-da4c1ccdbf8e', '100008', 'amoxycilline 500 mg500 mg', 0.0800, 0.0000, 'd66a0518-67ce-475c-b124-0bb78a65533f', 2, 0, 0, 1, 100000000, 1, 1, 1, '2014-03-03 04:25:32'),
	(1, '55b1caec-dfec-476b-8b67-fdd2c9bb100e', '050039', 'Laparatomie Exploratrice ( appendicectomie ) .', 90.0000, 0.0000, '8eddf5f5-c1e2-4f15-bd01-530e6baca071', 2, 0, 0, 1, 100000000, 1, 1, 1, '2014-03-03 04:25:32'),
	(1, '55f6fe9d-6e41-4c4c-a2fc-9864b2106105', '050027', 'Lacération de la corne .', 60.0000, 0.0000, '8eddf5f5-c1e2-4f15-bd01-530e6baca071', 2, 0, 0, 1, 100000000, 1, 1, 1, '2014-03-03 04:25:32'),
	(1, '566355dc-f9fd-4cb2-a10f-a3908d8750ad', '040029', 'Tolérance de glucose .', 5.2000, 0.0000, '8f7ad32b-1c59-44c8-8c19-d9727896c218', 2, 0, 0, 1, 100000000, 1, 1, 1, '2014-03-03 04:25:32'),
	(1, '56a4ef6e-61cd-474e-a683-8003b2fe28fe', '040027', 'Test de grossesse ', 3.5000, 0.0000, '8f7ad32b-1c59-44c8-8c19-d9727896c218', 2, 0, 0, 1, 100000000, 1, 1, 1, '2014-03-03 04:25:32'),
	(1, '56c665ad-9a40-4b3c-9d7c-9a8a713a0c34', '180025', 'Ouate 500 gr Rlx', 2.5000, 0.0000, '5bf8aae6-2258-42ae-bec8-aa852ff28108', 2, 0, 0, 1, 100000000, 1, 1, 1, '2014-03-03 04:25:32'),
	(1, '579dbc38-bba3-47ef-be58-20a0b2ebc0cb', '170016', 'Poche a urinePce', 0.4700, 0.0000, '5bf8aae6-2258-42ae-bec8-aa852ff28108', 2, 0, 0, 1, 100000000, 1, 1, 1, '2014-03-03 04:25:32'),
	(1, '580ce0d4-d897-4c61-93f1-b77b20f30567', '120009', 'bupivacaine HCL(marcaine) 20 ml 0,5%', 10.0800, 0.0000, 'c13da749-a9cd-4894-b39b-be0c26919304', 2, 0, 0, 1, 100000000, 1, 1, 1, '2014-03-03 04:25:32'),
	(1, '582880e8-14c1-46bf-abb2-5918c71e9bf3', '170026', 'Catheter Foley Pce', 0.5000, 0.0000, '5bf8aae6-2258-42ae-bec8-aa852ff28108', 2, 0, 0, 1, 100000000, 1, 1, 1, '2014-03-03 04:25:32'),
	(1, '5830640d-c2ea-486f-ba97-55c1dd8d9785', '040021', 'Scarification pour microfilaire ', 1.3000, 0.0000, '8f7ad32b-1c59-44c8-8c19-d9727896c218', 2, 0, 0, 1, 100000000, 1, 1, 1, '2014-03-03 04:25:32'),
	(1, '58b33119-9377-4720-b430-08f4ee2f4f03', '010004', 'Examen  Physique', 5.8500, 0.0000, '124b8a66-c0e3-47ab-8e0a-19c0019b6c43', 2, 0, 0, 1, 100000000, 1, 1, 1, '2014-03-03 04:25:32'),
	(1, '59836d77-5409-4d01-add4-c492697d835c', '120030', 'heparin,5 ml 5.000 iu/ml', 5.2500, 0.0000, 'c13da749-a9cd-4894-b39b-be0c26919304', 2, 0, 0, 1, 100000000, 1, 1, 1, '2014-03-03 04:25:32'),
	(1, '59bf827f-5558-4498-bed4-b3f2e35ef3c2', '170009', 'Seringue 10cc disposablePce', 0.0400, 0.0000, '5bf8aae6-2258-42ae-bec8-aa852ff28108', 2, 0, 0, 1, 100000000, 1, 1, 1, '2014-03-03 04:25:32'),
	(1, '5ebbf494-c613-42d4-8512-c73c977812cd', '020008', 'Abonnement TBC ( un traitement) 8 mois Adulte .(Gr', 0.5700, 0.0000, '92efe516-4e99-4112-82e0-e86b30bfbc12', 2, 0, 0, 1, 100000000, 1, 1, 1, '2014-03-03 04:25:32'),
	(1, '5ec94742-d018-4f74-ba13-38f2eeacfd7f', '100021', 'carbon medicinale125 mg', 0.0200, 0.0000, 'd66a0518-67ce-475c-b124-0bb78a65533f', 2, 0, 0, 1, 100000000, 1, 1, 1, '2014-03-03 04:25:32'),
	(1, '5fa843bb-88a3-4bbf-b8ca-2806dcef598c', '100087', 'paracetamol 500mg tab', 0.0100, 0.0000, 'd66a0518-67ce-475c-b124-0bb78a65533f', 2, 0, 0, 1, 100000000, 1, 1, 1, '2014-03-03 04:25:32'),
	(1, '60058a55-bdec-434f-83c1-796960714dcd', '120004', 'ampicilline 500mg poudre pour injection', 0.2500, 0.0000, 'c13da749-a9cd-4894-b39b-be0c26919304', 2, 0, 0, 1, 100000000, 1, 1, 1, '2014-03-03 04:25:32'),
	(1, '6032507c-ab7e-453f-8c6f-f77ba53d449c', '030003', 'Salle  commune .', 1.1500, 0.0000, '2b0a1f28-99f4-4d38-aff2-e09ef5aaf9d8', 2, 0, 0, 1, 100000000, 1, 1, 1, '2014-03-03 04:25:32'),
	(1, '607965a1-7324-4f04-9adf-5dd0af17d36f', '050043', 'Ostéosynthèse ', 90.0000, 0.0000, '8eddf5f5-c1e2-4f15-bd01-530e6baca071', 2, 0, 0, 1, 100000000, 1, 1, 1, '2014-03-03 04:25:32'),
	(1, '607e65da-1d53-487b-80dc-4804299c481f', '170022', 'Cotton 500 gr', 2.1800, 0.0000, '5bf8aae6-2258-42ae-bec8-aa852ff28108', 2, 0, 0, 1, 100000000, 1, 1, 1, '2014-03-03 04:25:32'),
	(1, '6163fa51-5b1c-41e2-bf68-213ebba0702d', '020010', 'Abonnement diabétiques (Glucosurie 3xsemaine', 24.0000, 0.0000, '92efe516-4e99-4112-82e0-e86b30bfbc12', 2, 0, 0, 1, 100000000, 1, 1, 1, '2014-03-03 04:25:32'),
	(1, '61c11246-e939-47d3-aa87-2e30efb9a5c6', '150037', 'methylsalicylate pom,10%800 g', 0.9000, 0.0000, 'd9f8daaa-22de-4a33-801e-4c07317b1983', 2, 0, 0, 1, 100000000, 1, 1, 1, '2014-03-03 04:25:32'),
	(1, '622e1d06-3e26-478f-b119-280ddbfb4fb6', '040017', 'Liquide - cephalo rachidien ', 4.5500, 0.0000, '8f7ad32b-1c59-44c8-8c19-d9727896c218', 2, 0, 0, 1, 100000000, 1, 1, 1, '2014-03-03 04:25:32'),
	(1, '63184f9f-428f-4e46-880c-972ef77e8653', '150051', 'pommade camphre 10%1 kg', 0.9000, 0.0000, 'd9f8daaa-22de-4a33-801e-4c07317b1983', 2, 0, 0, 1, 100000000, 1, 1, 1, '2014-03-03 04:25:32'),
	(1, '63fa317d-a030-4f97-b831-e0399ad9b5ea', '100070', 'mefloquine250mg', 0.9600, 0.0000, 'd66a0518-67ce-475c-b124-0bb78a65533f', 2, 0, 0, 1, 100000000, 1, 1, 1, '2014-03-03 04:25:32'),
	(1, '64369194-3736-4e8c-8e3a-5258915f2929', '040026', 'Test de glycémie sanguine ', 2.0000, 0.0000, '8f7ad32b-1c59-44c8-8c19-d9727896c218', 2, 0, 0, 1, 100000000, 1, 1, 1, '2014-03-03 04:25:32'),
	(1, '64d05f52-80b6-43e6-83e3-9b75e40f6430', '100106', 'rifampicine150 mg', 0.0700, 0.0000, 'd66a0518-67ce-475c-b124-0bb78a65533f', 2, 0, 0, 1, 100000000, 1, 1, 1, '2014-03-03 04:25:32'),
	(1, '66e7b2b3-3e9d-41c4-a28a-7ba95d270b03', '170013', 'Seringue 20cc non-disposablePce', 1.2100, 0.0000, '5bf8aae6-2258-42ae-bec8-aa852ff28108', 2, 0, 0, 1, 100000000, 1, 1, 1, '2014-03-03 04:25:32'),
	(1, '6730aa54-ace8-40fd-ad16-07a24a798bd6', '030002', 'FRAIS DE SEJOUR', 0.0000, 0.0000, '2b0a1f28-99f4-4d38-aff2-e09ef5aaf9d8', 2, 0, 0, 1, 100000000, 1, 1, 1, '2014-03-03 04:25:32'),
	(1, '6798d6a5-b7b6-4f64-ba81-91c2016ee666', '100033', 'clofazimine(lamprene)100 mg', 0.0100, 0.0000, 'd66a0518-67ce-475c-b124-0bb78a65533f', 2, 0, 0, 1, 100000000, 1, 1, 1, '2014-03-03 04:25:32'),
	(1, '67c8496c-8626-4aff-9697-036e6460ecbe', '180009', 'Ancien Pce', 3.0000, 0.0000, '26a06810-c868-4edc-9720-0cb3ee20f8fa', 2, 0, 0, 1, 100000000, 1, 1, 1, '2014-03-03 04:25:32'),
	(1, '682f455a-d35f-45da-9b48-e51b23451bb7', '150063', 'vaseline blanche 2,5 kg', 0.9000, 0.0000, 'd9f8daaa-22de-4a33-801e-4c07317b1983', 2, 0, 0, 1, 100000000, 1, 1, 1, '2014-03-03 04:25:32'),
	(1, '6946a591-2972-4ded-9bca-a73b37d73a7d', '100068', 'levothyroxine (thyroxine)0.1 mg', 0.0100, 0.0000, 'd66a0518-67ce-475c-b124-0bb78a65533f', 2, 0, 0, 1, 100000000, 1, 1, 1, '2014-03-03 04:25:32'),
	(1, '69561d5f-dc14-439c-98b3-671927c3747e', '010003', 'Consultation Spéciale (visite directe du médecin)', 12.0000, 0.0000, '124b8a66-c0e3-47ab-8e0a-19c0019b6c43', 2, 0, 0, 1, 100000000, 1, 1, 1, '2014-03-03 04:25:32'),
	(1, '6993e74b-0e74-4901-babb-f89c90c86844', '100090', 'penicilline-phenoxymethyl) Pen VK250 mg', 0.0700, 0.0000, 'd66a0518-67ce-475c-b124-0bb78a65533f', 2, 0, 0, 1, 100000000, 1, 1, 1, '2014-03-03 04:25:32'),
	(1, '69c684e0-86fe-4c66-badb-f5a10a122c1f', '040005', 'consommables labo', 1.0000, 0.0000, '8f7ad32b-1c59-44c8-8c19-d9727896c218', 2, 0, 0, 1, 100000000, 1, 1, 1, '2014-03-03 04:25:32'),
	(1, '6a49c7fd-402b-45a1-b5c2-47c610b0cec2', '150062', 'undecylenic acide ong 800g10%', 0.9000, 0.0000, 'd9f8daaa-22de-4a33-801e-4c07317b1983', 2, 0, 0, 1, 100000000, 1, 1, 1, '2014-03-03 04:25:32'),
	(1, '6ae9f8b1-87ba-4f42-855d-9382d2934ca6', '040001', 'HEMATOLOGIE ( Catégorie A ) ', 1.3000, 0.0000, '8f7ad32b-1c59-44c8-8c19-d9727896c218', 2, 0, 0, 1, 100000000, 1, 1, 1, '2014-03-03 04:25:32'),
	(1, '6b050d2b-edf7-45f6-8ba7-e6684673ad15', '180003', 'Paire Verres Double Foyer Paire', 25.0000, 0.0000, '26a06810-c868-4edc-9720-0cb3ee20f8fa', 2, 0, 0, 1, 100000000, 1, 1, 1, '2014-03-03 04:25:32'),
	(1, '6bce86d0-4a3e-4132-8a63-697754c827cd', '150060', 'tetracycline HCI  ong ophth 5g1%', 0.3900, 0.0000, 'd9f8daaa-22de-4a33-801e-4c07317b1983', 2, 0, 0, 1, 100000000, 1, 1, 1, '2014-03-03 04:25:32'),
	(1, '6c448d98-cd5c-47d3-98de-6d54f908d59d', '120002', 'amidotrizoic acide(urogra)60%,10ml', 4.4000, 0.0000, 'c13da749-a9cd-4894-b39b-be0c26919304', 2, 0, 0, 1, 100000000, 1, 1, 1, '2014-03-03 04:25:32'),
	(1, '6c5d28b7-20b0-4945-9ff3-d96851d79b9b', '040030', 'Urine complète .', 2.6000, 0.0000, '8f7ad32b-1c59-44c8-8c19-d9727896c218', 2, 0, 0, 1, 100000000, 1, 1, 1, '2014-03-03 04:25:32'),
	(1, '6cfa7410-70aa-4c38-9044-4ca0da87881e', '100091', 'pentazocine( morphine) 30mg/ml', 0.4000, 0.0000, 'd66a0518-67ce-475c-b124-0bb78a65533f', 2, 0, 0, 1, 100000000, 1, 1, 1, '2014-03-03 04:25:32'),
	(1, '6d490866-0703-44cd-9b39-c8a7b84b6d4f', '030004', 'Chambre Semi-privée ', 3.5000, 0.0000, '2b0a1f28-99f4-4d38-aff2-e09ef5aaf9d8', 2, 0, 0, 1, 100000000, 1, 1, 1, '2014-03-03 04:25:32'),
	(1, '6dcb7ba9-2b05-4fcb-b69c-0a12d808a3e2', '080007', 'Tamponnement du nez', 10.0000, 0.0000, 'c673e6d2-a1fd-4bca-aa0e-92425fc099bb', 2, 0, 0, 1, 100000000, 1, 1, 1, '2014-03-03 04:25:32'),
	(1, '6e1367b1-9e22-41d6-9366-bfc49a623fd7', '100120', 'vitamineB1 (thiamine)100 mg', 0.0100, 0.0000, 'd66a0518-67ce-475c-b124-0bb78a65533f', 2, 0, 0, 1, 100000000, 1, 1, 1, '2014-03-03 04:25:32'),
	(1, '6e1e7505-46ec-4b18-9dc7-0edc39d63a09', '100058', 'hydrochorthiazide 50 mg', 0.0100, 0.0000, 'd66a0518-67ce-475c-b124-0bb78a65533f', 2, 0, 0, 1, 100000000, 1, 1, 1, '2014-03-03 04:25:32'),
	(1, '6e7c85f2-0cb7-4a14-9b93-1a177c618386', '120053', 'piracetam 400mg(nootropil)amp', 0.0000, 0.0000, 'c13da749-a9cd-4894-b39b-be0c26919304', 2, 0, 0, 1, 100000000, 1, 1, 1, '2014-03-03 04:25:32'),
	(1, '6f3a13f1-e74d-4372-a7f0-c63b2d9d75c8', '040016', 'Electrocardiogramme ', 7.8000, 0.0000, '8f7ad32b-1c59-44c8-8c19-d9727896c218', 2, 0, 0, 1, 100000000, 1, 1, 1, '2014-03-03 04:25:32'),
	(1, '6f4ae92f-5765-4526-b66a-1ec4d11bb3a7', '100041', 'Diclofenac sodium 25 mg tab', 0.0100, 0.0000, 'd66a0518-67ce-475c-b124-0bb78a65533f', 2, 0, 0, 1, 100000000, 1, 1, 1, '2014-03-03 04:25:32'),
	(1, '6f7cb5e5-fe43-4217-903d-28bbcc680203', '040006', 'Vitesse de sédimentation .', 1.3000, 0.0000, '8f7ad32b-1c59-44c8-8c19-d9727896c218', 2, 0, 0, 1, 100000000, 1, 1, 1, '2014-03-03 04:25:32'),
	(1, '6fc9d5ab-c5bf-4394-ae7e-1f837f6097e1', '120037', 'medroxyprogesterone(DEPO-PROVERA)150 mg', 2.6100, 0.0000, 'c13da749-a9cd-4894-b39b-be0c26919304', 2, 0, 0, 1, 100000000, 1, 1, 1, '2014-03-03 04:25:32'),
	(1, '6ff092ab-274f-4211-858a-fdba3a4533ce', '120017', 'dexamethasone sodium phosph1mg/ml', 0.1700, 0.0000, 'c13da749-a9cd-4894-b39b-be0c26919304', 2, 0, 0, 1, 100000000, 1, 1, 1, '2014-03-03 04:25:32'),
	(1, '6ff47c9f-17ea-4201-8f18-39a64ab34513', '120008', 'butylscopolamide bromideamp', 0.1800, 0.0000, 'c13da749-a9cd-4894-b39b-be0c26919304', 2, 0, 0, 1, 100000000, 1, 1, 1, '2014-03-03 04:25:32'),
	(1, '7082bb61-7415-436e-a0f5-6a36f5ceee3f', '100122', 'CONDITIONNEMENT MEDECAMENT', 0.0100, 0.0000, '92efe516-4e99-4112-82e0-e86b30bfbc12', 2, 0, 0, 1, 100000000, 1, 1, 1, '2014-03-03 04:25:32'),
	(1, '70f7ea88-1370-434c-8655-c68e43dc98ea', '110011', 'penicilline VK susp \'100 ml125mg/5ml', 1.3900, 0.0000, '6676a40c-6776-45fe-98b7-2e8e1c6de4a8', 2, 0, 0, 1, 100000000, 1, 1, 1, '2014-03-03 04:25:32'),
	(1, '7126e306-9353-40b7-ac4e-aac57a6f7165', '130004', 'serum Rngers lactate 1 L', 4.6200, 0.0000, 'f24e7325-67a8-48f1-aeb0-b7c4c89f2884', 2, 0, 0, 1, 100000000, 1, 1, 1, '2014-03-03 04:25:32'),
	(1, '71dd0df5-39e4-44bd-ae29-5b2096ad8e41', '100100', 'propranolol40 mg', 0.0100, 0.0000, 'd66a0518-67ce-475c-b124-0bb78a65533f', 2, 0, 0, 1, 100000000, 1, 1, 1, '2014-03-03 04:25:32'),
	(1, '7228307e-5634-4ade-8337-80ce77b09291', '170015', 'Aiguille non-disp. 20,21,23 & 25gaPce', 0.1900, 0.0000, '5bf8aae6-2258-42ae-bec8-aa852ff28108', 2, 0, 0, 1, 100000000, 1, 1, 1, '2014-03-03 04:25:32'),
	(1, '72635190-d99b-44da-b080-3dbfded63786', '050023', 'Mi-laparatomie(3 jours d\'hospitalisation inclus) .', 60.0000, 0.0000, '8eddf5f5-c1e2-4f15-bd01-530e6baca071', 2, 0, 0, 1, 100000000, 1, 1, 1, '2014-03-03 04:25:32'),
	(1, '72dd0b9a-4392-402d-a277-f1be09b56320', '120028', 'halothane250ml', 35.0000, 0.0000, 'c13da749-a9cd-4894-b39b-be0c26919304', 2, 0, 0, 1, 100000000, 1, 1, 1, '2014-03-03 04:25:32'),
	(1, '72e9220f-ca3a-4600-b799-75b43730ecce', '120052', 'phytomenadione vitamine K1 amp1mg/ml', 0.4100, 0.0000, 'c13da749-a9cd-4894-b39b-be0c26919304', 2, 0, 0, 1, 100000000, 1, 1, 1, '2014-03-03 04:25:32'),
	(1, '72f86910-ba2f-494d-91bc-8abc260ca23b', '040003', 'Electrophorèse  ( Hgb ) ', 3.9000, 0.0000, '8f7ad32b-1c59-44c8-8c19-d9727896c218', 2, 0, 0, 1, 100000000, 1, 1, 1, '2014-03-03 04:25:32'),
	(1, '75214b4f-e9da-4cad-8724-48a515f59319', '150023', 'halothane 250 ml', 38.4300, 0.0000, 'd9f8daaa-22de-4a33-801e-4c07317b1983', 2, 0, 0, 1, 100000000, 1, 1, 1, '2014-03-03 04:25:32'),
	(1, '758b352d-c1f0-40b1-94b1-58e47aed270c', '100010', 'ampicilline 500 mg caps', 0.0900, 0.0000, 'd66a0518-67ce-475c-b124-0bb78a65533f', 2, 0, 0, 1, 100000000, 1, 1, 1, '2014-03-03 04:25:32'),
	(1, '7713eeaa-3e9e-44a8-ad57-a4f205423f70', '150049', 'poly-pred.ophtFlc', 0.9000, 0.0000, 'd9f8daaa-22de-4a33-801e-4c07317b1983', 2, 0, 0, 1, 100000000, 1, 1, 1, '2014-03-03 04:25:32'),
	(1, '772050d2-180e-4af0-9ece-9b38a9d3bdaf', '050051', 'Splénectomie .', 90.0000, 0.0000, '8eddf5f5-c1e2-4f15-bd01-530e6baca071', 2, 0, 0, 1, 100000000, 1, 1, 1, '2014-03-03 04:25:32'),
	(1, '78569037-828c-427a-9f88-952d10ca8ee6', '100044', 'doxycyline100 mg', 0.0200, 0.0000, 'd66a0518-67ce-475c-b124-0bb78a65533f', 2, 0, 0, 1, 100000000, 1, 1, 1, '2014-03-03 04:25:32'),
	(1, '786309b2-2594-4362-a052-c2fe74f08dbc', '150004', 'argyrol collyre,5%30 ml', 0.9000, 0.0000, 'd9f8daaa-22de-4a33-801e-4c07317b1983', 2, 0, 0, 1, 100000000, 1, 1, 1, '2014-03-03 04:25:32'),
	(1, '78785b0c-68e1-42a8-ae9d-1d43978bdb0c', '170014', 'Aiguille disposable 21,23 & 25gaPce', 0.0200, 0.0000, '5bf8aae6-2258-42ae-bec8-aa852ff28108', 2, 0, 0, 1, 100000000, 1, 1, 1, '2014-03-03 04:25:32'),
	(1, '78d3be77-b799-4360-bbaf-ed74391e2dff', '120013', 'chloramphenicol  huileux amp 2 ml 250 mg/ml', 1.9100, 0.0000, 'c13da749-a9cd-4894-b39b-be0c26919304', 2, 0, 0, 1, 100000000, 1, 1, 1, '2014-03-03 04:25:32'),
	(1, '78da6945-dc3b-43d2-931d-2f5cd3b50d79', '150017', 'clotrimoxazole pom.dermique1%/10 g', 0.8700, 0.0000, 'd9f8daaa-22de-4a33-801e-4c07317b1983', 2, 0, 0, 1, 100000000, 1, 1, 1, '2014-03-03 04:25:32'),
	(1, '78e58dcf-d35c-428e-8fc9-5ae2b20a3ee0', '040002', 'Formule  leucocytaire ( F.L. ) .', 1.9500, 0.0000, '8f7ad32b-1c59-44c8-8c19-d9727896c218', 2, 0, 0, 1, 100000000, 1, 1, 1, '2014-03-03 04:25:32'),
	(1, '79ac5aa0-f88f-4edb-872b-fef9ea5f7c50', '120062', 'thiopental sodique500 mg', 1.5800, 0.0000, 'c13da749-a9cd-4894-b39b-be0c26919304', 2, 0, 0, 1, 100000000, 1, 1, 1, '2014-03-03 04:25:32'),
	(1, '79ec715f-8cbb-4919-bbc8-903483cc19a5', '050017', 'Césarienne (7 jours d\'hospitalisation inclus).', 60.0000, 0.0000, '8eddf5f5-c1e2-4f15-bd01-530e6baca071', 2, 0, 0, 1, 100000000, 1, 1, 1, '2014-03-03 04:25:32'),
	(1, '7a0bf698-cd09-4058-9994-755c0b043551', '160001', 'Amethocaine 0.5%Flc 5cc', 0.8100, 0.0000, '7e7c44d5-5a07-479d-829e-2dc168c97183', 2, 0, 0, 1, 100000000, 1, 1, 1, '2014-03-03 04:25:32'),
	(1, '7b232c0e-b2c0-41fa-b9c8-9aae3a6baf55', '100062', 'isoniazide (inh) 100 mg', 0.0100, 0.0000, 'd66a0518-67ce-475c-b124-0bb78a65533f', 2, 0, 0, 1, 100000000, 1, 1, 1, '2014-03-03 04:25:32'),
	(1, '7b453917-52e0-4d7b-bad0-90fa501d784c', '100069', 'mebendazole100 mg', 0.0100, 0.0000, 'd66a0518-67ce-475c-b124-0bb78a65533f', 2, 0, 0, 1, 100000000, 1, 1, 1, '2014-03-03 04:25:32'),
	(1, '7bce17e4-af3c-443b-a328-1a242d30e3d2', '150050', 'pommade antibiot,peau20 g', 0.9000, 0.0000, 'd9f8daaa-22de-4a33-801e-4c07317b1983', 2, 0, 0, 1, 100000000, 1, 1, 1, '2014-03-03 04:25:32'),
	(1, '7ce024fd-c2ad-4bae-a8d3-b33fea76b914', '100095', 'praziquantel (biltricide) 600 mg', 0.2500, 0.0000, 'd66a0518-67ce-475c-b124-0bb78a65533f', 2, 0, 0, 1, 100000000, 1, 1, 1, '2014-03-03 04:25:32'),
	(1, '7d534954-7452-48a4-a722-8e650954cbc7', '150069', 'xylocaine gel', 20.0000, 0.0000, 'd9f8daaa-22de-4a33-801e-4c07317b1983', 2, 0, 0, 1, 100000000, 1, 1, 1, '2014-03-03 04:25:32'),
	(1, '7dec53d3-7536-431f-982e-f5253777ffb9', '080011', 'Traitement par Aérosol( Aérosolthérapie) 10 séance', 24.0000, 0.0000, 'c673e6d2-a1fd-4bca-aa0e-92425fc099bb', 2, 0, 0, 1, 100000000, 1, 1, 1, '2014-03-03 04:25:32'),
	(1, '7ef8a03c-ec8a-4133-a4b8-725dfd89549f', '160011', 'maxidrol Flc 5cc', 3.6300, 0.0000, '7e7c44d5-5a07-479d-829e-2dc168c97183', 2, 0, 0, 1, 100000000, 1, 1, 1, '2014-03-03 04:25:32'),
	(1, '7f8ecbfc-44c0-461d-bb88-82872e8f3529', '120050', 'pethidine100mg/ml', 1.4500, 0.0000, 'c13da749-a9cd-4894-b39b-be0c26919304', 2, 0, 0, 1, 100000000, 1, 1, 1, '2014-03-03 04:25:32'),
	(1, '7fee39d6-4228-45e9-abe6-a7fa94f00ac6', '100118', 'vitamine B6(pyridoxine)50 mg', 0.0100, 0.0000, 'd66a0518-67ce-475c-b124-0bb78a65533f', 2, 0, 0, 1, 100000000, 1, 1, 1, '2014-03-03 04:25:32'),
	(1, '811b2279-352f-4ebb-9478-253abc81e6ac', '150046', 'paraffine(huile minerale)11', 0.9000, 0.0000, 'd9f8daaa-22de-4a33-801e-4c07317b1983', 2, 0, 0, 1, 100000000, 1, 1, 1, '2014-03-03 04:25:32'),
	(1, '814720a2-b29e-438d-bd3e-5878cbf05dc3', '150031', 'lindane liquide100 ml', 0.9000, 0.0000, 'd9f8daaa-22de-4a33-801e-4c07317b1983', 2, 0, 0, 1, 100000000, 1, 1, 1, '2014-03-03 04:25:32'),
	(1, '81575e4c-9058-4621-9392-1665de9dd778', '120035', 'lidocaine 50 ml2%', 0.6600, 0.0000, 'c13da749-a9cd-4894-b39b-be0c26919304', 2, 0, 0, 1, 100000000, 1, 1, 1, '2014-03-03 04:25:32'),
	(1, '82e284b6-00fa-42c0-8612-caea803038d8', '120001', 'adrenaline1mg/ml', 0.8000, 0.0000, 'c13da749-a9cd-4894-b39b-be0c26919304', 2, 0, 0, 1, 100000000, 1, 1, 1, '2014-03-03 04:25:32'),
	(1, '848f21b6-7b6a-490e-bf46-e17487fef6d4', '120003', 'Aminophylline 250 mg/10 ml', 0.4500, 0.0000, 'c13da749-a9cd-4894-b39b-be0c26919304', 2, 0, 0, 1, 100000000, 1, 1, 1, '2014-03-03 04:25:32'),
	(1, '85672894-2b46-43a7-bced-d848594458cb', '011001', 'Accouchement maternité pax', 11.5000, 0.0000, '95c6d2ba-d603-4c7a-8ae2-4c24122277ad', 2, 0, 0, 1, 100000000, 1, 1, 1, '2014-03-03 04:25:32'),
	(1, '861461ee-a9da-4f71-a4df-b8fff4f96b8e', '150045', 'oxybuprocainecollyre0,4%/10ml', 0.9000, 0.0000, 'd9f8daaa-22de-4a33-801e-4c07317b1983', 2, 0, 0, 1, 100000000, 1, 1, 1, '2014-03-03 04:25:32'),
	(1, '870378ff-17ec-42d1-bd01-7617df8183dd', '120064', 'vitamine b complex10ml', 0.4300, 0.0000, 'c13da749-a9cd-4894-b39b-be0c26919304', 2, 0, 0, 1, 100000000, 1, 1, 1, '2014-03-03 04:25:32'),
	(1, '87d6dfed-b30d-431b-b946-965b7ec7dd63', '170018', 'sonde a demeure', 3.5000, 0.0000, '5bf8aae6-2258-42ae-bec8-aa852ff28108', 2, 0, 0, 1, 100000000, 1, 1, 1, '2014-03-03 04:25:32'),
	(1, '87d7e873-4813-4a33-97a0-7539c9f274aa', '120044', 'oxytocine10iu/ml', 0.2200, 0.0000, 'c13da749-a9cd-4894-b39b-be0c26919304', 2, 0, 0, 1, 100000000, 1, 1, 1, '2014-03-03 04:25:32'),
	(1, '881c5d0a-d668-498f-b493-71069df6d835', '100083', 'omeprazol 20 mg cap', 0.8000, 0.0000, 'd66a0518-67ce-475c-b124-0bb78a65533f', 2, 0, 0, 1, 100000000, 1, 1, 1, '2014-03-03 04:25:32'),
	(1, '8899cce6-11ae-4ff0-a494-9c5395f6ca12', '080002', 'Pansement + mechage ( nez ou oreille )', 10.0000, 0.0000, 'c673e6d2-a1fd-4bca-aa0e-92425fc099bb', 2, 0, 0, 1, 100000000, 1, 1, 1, '2014-03-03 04:25:32'),
	(1, '89452702-b446-4531-a135-559d94ff7d7f', '020012', 'Abonnement prenatal ', 5.0000, 0.0000, '92efe516-4e99-4112-82e0-e86b30bfbc12', 2, 0, 0, 1, 100000000, 1, 1, 1, '2014-03-03 04:25:32'),
	(1, '89d22822-872e-4b97-b69b-5b34281aaf61', '150056', 'suppositoire,anti-hemrro', 0.9000, 0.0000, 'd9f8daaa-22de-4a33-801e-4c07317b1983', 2, 0, 0, 1, 100000000, 1, 1, 1, '2014-03-03 04:25:32'),
	(1, '8a8ab9e6-1407-48f8-878e-66e6917c7e1e', '100075', 'multivitamine tab', 0.0100, 0.0000, 'd66a0518-67ce-475c-b124-0bb78a65533f', 2, 0, 0, 1, 100000000, 1, 1, 1, '2014-03-03 04:25:32'),
	(1, '8ad38a28-5875-4365-af74-01f5198491a8', '150033', 'locacortene-vioform creme15 g', 0.9000, 0.0000, 'd9f8daaa-22de-4a33-801e-4c07317b1983', 2, 0, 0, 1, 100000000, 1, 1, 1, '2014-03-03 04:25:32'),
	(1, '8bc29fbc-fe6b-422d-956b-584fbfa58fb8', '110003', 'amoxicillin 125 mg/5ml, dry powder40/100ml', 0.6600, 0.0000, '6676a40c-6776-45fe-98b7-2e8e1c6de4a8', 2, 0, 0, 1, 100000000, 1, 1, 1, '2014-03-03 04:25:32'),
	(1, '8c39eb76-9906-45ec-9765-6442fdeadc68', '100082', 'nystatin orale500,000iu tab', 0.0100, 0.0000, 'd66a0518-67ce-475c-b124-0bb78a65533f', 2, 0, 0, 1, 100000000, 1, 1, 1, '2014-03-03 04:25:32'),
	(1, '8c8162a9-ec32-4f99-9856-65b01a099726', '100037', 'colchicine', 0.1000, 0.0000, 'd66a0518-67ce-475c-b124-0bb78a65533f', 2, 0, 0, 1, 100000000, 1, 1, 1, '2014-03-03 04:25:32'),
	(1, '8d4361ee-eb4e-4b22-a220-aba1210b1882', '120054', 'promethazine50mg/2ml', 0.6600, 0.0000, 'c13da749-a9cd-4894-b39b-be0c26919304', 2, 0, 0, 1, 100000000, 1, 1, 1, '2014-03-03 04:25:32'),
	(1, '8e164aa7-5c70-4fe4-9747-5beed1a9ffdb', '100114', 'tolbutamide500 mg', 0.0400, 0.0000, 'd66a0518-67ce-475c-b124-0bb78a65533f', 2, 0, 0, 1, 100000000, 1, 1, 1, '2014-03-03 04:25:32'),
	(1, '8e7ddf52-a85f-4152-9d54-244d6a7ba588', '050045', 'Prostatectomie .', 90.0000, 0.0000, '8eddf5f5-c1e2-4f15-bd01-530e6baca071', 2, 0, 0, 1, 100000000, 1, 1, 1, '2014-03-03 04:25:32'),
	(1, '9000a6ca-b3df-4af8-933b-cf9c28e34230', '180005', 'Un Verre Torique Pce', 5.1000, 0.0000, '26a06810-c868-4edc-9720-0cb3ee20f8fa', 2, 0, 0, 1, 100000000, 1, 1, 1, '2014-03-03 04:25:32'),
	(1, '90892c6c-bd68-420c-a89d-2016a0e54484', '120015', 'chlorpromazine 25 mg/2ml', 5.6700, 0.0000, 'c13da749-a9cd-4894-b39b-be0c26919304', 2, 0, 0, 1, 100000000, 1, 1, 1, '2014-03-03 04:25:32'),
	(1, '90f56dc7-1daa-4e7d-ad0a-d28bc18ea61a', '030012', 'Soins médicaux', 6.1000, 0.0000, '2b0a1f28-99f4-4d38-aff2-e09ef5aaf9d8', 2, 0, 0, 1, 100000000, 1, 1, 1, '2014-03-03 04:25:32'),
	(1, '9115cfd2-3f8b-4660-84c9-5b184e4f95dc', '050003', 'Laparacentèse ', 10.0000, 0.0000, '8eddf5f5-c1e2-4f15-bd01-530e6baca071', 2, 0, 0, 1, 100000000, 1, 1, 1, '2014-03-03 04:25:32'),
	(1, '91254b29-b9ee-411f-a0a1-9385abaca0d4', '050016', 'Bec de lièvre ', 60.0000, 0.0000, '8eddf5f5-c1e2-4f15-bd01-530e6baca071', 2, 0, 0, 1, 100000000, 1, 1, 1, '2014-03-03 04:25:32'),
	(1, '923cacef-76c9-4e5e-b768-42e09fa75127', '170007', 'Seringue 2cc disposablePce', 0.0200, 0.0000, '5bf8aae6-2258-42ae-bec8-aa852ff28108', 2, 0, 0, 1, 100000000, 1, 1, 1, '2014-03-03 04:25:32'),
	(1, '9243d28a-9cf1-41b1-bf84-6a6e1ebb991e', '120063', 'vitamine B complex 2 ml', 0.4300, 0.0000, 'c13da749-a9cd-4894-b39b-be0c26919304', 2, 0, 0, 1, 100000000, 1, 1, 1, '2014-03-03 04:25:32'),
	(1, '92ddb2aa-70e0-494d-92f8-c8a592a9bc22', '130002', 'serum glucose/NACL 1 L2,5/0,45%', 4.5100, 0.0000, 'f24e7325-67a8-48f1-aeb0-b7c4c89f2884', 2, 0, 0, 1, 100000000, 1, 1, 1, '2014-03-03 04:25:32'),
	(1, '938df60b-0499-448b-b105-477427126e5e', '800000', 'Administrative charge (%)', 0.0000, 0.0000, '92efe516-4e99-4112-82e0-e86b30bfbc12', 1, 0, 0, 1, 100000000, 0, 1, 0, '2014-03-03 04:25:32'),
	(1, '96574d90-598d-4055-ace9-544b1e0e18a2', '120025', 'furosemide20mg/2ml', 0.1300, 0.0000, 'c13da749-a9cd-4894-b39b-be0c26919304', 2, 0, 0, 1, 100000000, 1, 1, 1, '2014-03-03 04:25:32'),
	(1, '97730784-40ab-4685-91ac-c6366d307f26', '120055', 'progesterone(gestone)25mg', 0.3800, 0.0000, 'c13da749-a9cd-4894-b39b-be0c26919304', 2, 0, 0, 1, 100000000, 1, 1, 1, '2014-03-03 04:25:32'),
	(1, '9780f91d-55fe-42a6-9047-4e785b32dfe8', '150039', 'neomycine/HC gtt ophth,10ml0,5/1,5%', 0.9000, 0.0000, 'd9f8daaa-22de-4a33-801e-4c07317b1983', 2, 0, 0, 1, 100000000, 1, 1, 1, '2014-03-03 04:25:32'),
	(1, '9788a4c2-940c-4d90-8b5c-5f9b64ed725f', '050044', 'Péritonite .', 90.0000, 0.0000, '8eddf5f5-c1e2-4f15-bd01-530e6baca071', 2, 0, 0, 1, 100000000, 1, 1, 1, '2014-03-03 04:25:32'),
	(1, '980f23dd-ca36-4dfe-8ed8-0e4edb26c914', '010002', 'CONSULTATION MEDECIN/ HOSPITALISATION', 10.0000, 0.0000, '124b8a66-c0e3-47ab-8e0a-19c0019b6c43', 2, 0, 0, 1, 100000000, 1, 1, 1, '2014-03-03 04:25:32'),
	(1, '98af0b0b-10df-4f53-a0d4-8511f8ed67bc', '150030', 'lidocain/phenazone gtt5/5%500ml', 0.9000, 0.0000, 'd9f8daaa-22de-4a33-801e-4c07317b1983', 2, 0, 0, 1, 100000000, 1, 1, 1, '2014-03-03 04:25:32'),
	(1, '98d32d99-fa25-447e-9135-088ef3424c6e', '050046', 'Réduction ouverte ', 90.0000, 0.0000, '8eddf5f5-c1e2-4f15-bd01-530e6baca071', 2, 0, 0, 1, 100000000, 1, 1, 1, '2014-03-03 04:25:32'),
	(1, '9949fa02-fd49-4d04-a777-88c10c4c4fc3', '010005', 'Transfert médecin ( ambulatoire )', 1.0000, 0.0000, '124b8a66-c0e3-47ab-8e0a-19c0019b6c43', 2, 0, 0, 1, 100000000, 1, 1, 1, '2014-03-03 04:25:32'),
	(1, '99a45113-856a-4714-8551-9ada416749f3', '150026', 'hydrocortisone1% gtt ophth10 ml', 1.1900, 0.0000, 'd9f8daaa-22de-4a33-801e-4c07317b1983', 2, 0, 0, 1, 100000000, 1, 1, 1, '2014-03-03 04:25:32'),
	(1, '99b09d8b-b762-4d71-a29c-508011cd8c8f', '120043', 'neostigmine0,5mg/ml', 0.6400, 0.0000, 'c13da749-a9cd-4894-b39b-be0c26919304', 2, 0, 0, 1, 100000000, 1, 1, 1, '2014-03-03 04:25:32'),
	(1, '99c62d6e-b3ca-4a05-b3cb-cdd26455a9cd', '040018', 'Ponction kyste .', 1.3000, 0.0000, '8f7ad32b-1c59-44c8-8c19-d9727896c218', 2, 0, 0, 1, 100000000, 1, 1, 1, '2014-03-03 04:25:32'),
	(1, '99d6d0fe-fcb0-4706-9d0d-1a29f9b3884d', '050055', 'Ablation masse', 20.0000, 0.0000, '8eddf5f5-c1e2-4f15-bd01-530e6baca071', 1, 0, 0, 0, 0, 0, 1, 1, '2014-03-17 11:30:01'),
	(1, '9a2bf4cf-d83f-40b6-a66b-851f5a1508fa', '150013', 'chloramphenicol collyre 10ml0,5g100ml', 0.9000, 0.0000, 'd9f8daaa-22de-4a33-801e-4c07317b1983', 2, 0, 0, 1, 100000000, 1, 1, 1, '2014-03-03 04:25:32'),
	(1, '9b9ce61e-d039-4258-b489-c9dc86eca8b6', '090002', 'Ultrason ( Ecographie obstetrique ).', 6.5000, 0.0000, '95c6d2ba-d603-4c7a-8ae2-4c24122277ad', 2, 0, 0, 1, 100000000, 1, 1, 1, '2014-03-03 04:25:32'),
	(1, '9bb1fbaf-0799-496e-aa6d-067004327ec6', '120026', 'fluorouracil1mg/ml', 12.4400, 0.0000, 'c13da749-a9cd-4894-b39b-be0c26919304', 2, 0, 0, 1, 100000000, 1, 1, 1, '2014-03-03 04:25:32'),
	(1, '9c0543ec-7f44-42b5-8602-58d514aeb1b7', '120031', 'hydralazine \'20 mg/ml 2ml podre pour injection', 10.0000, 0.0000, 'c13da749-a9cd-4894-b39b-be0c26919304', 2, 0, 0, 1, 100000000, 1, 1, 1, '2014-03-03 04:25:32'),
	(1, '9c496d63-65a0-485f-bea9-27351bb99b7e', '100047', 'erythromycine 250 mg tab', 0.0700, 0.0000, 'd66a0518-67ce-475c-b124-0bb78a65533f', 2, 0, 0, 1, 100000000, 1, 1, 1, '2014-03-03 04:25:32'),
	(1, '9c6c2052-a0a8-46b1-827a-0c32537ff485', '100086', 'paracetamol500 mg', 0.0100, 0.0000, 'd66a0518-67ce-475c-b124-0bb78a65533f', 2, 0, 0, 1, 100000000, 1, 1, 1, '2014-03-03 04:25:32'),
	(1, '9cb72eb1-4b60-4741-900d-ff94f89ea268', '070001', 'Catégorie 1 (18x24 cm, 24x30 cm)', 6.0000, 0.0000, 'b554ebf9-7a0f-4fd2-bdde-f902ebd96fee', 2, 0, 0, 1, 100000000, 1, 1, 1, '2014-03-03 04:25:32'),
	(1, '9dd09024-fe15-4da6-8e7f-b37f10d5c4ad', '150052', 'poudre pour plaie500 g', 0.9000, 0.0000, 'd9f8daaa-22de-4a33-801e-4c07317b1983', 2, 0, 0, 1, 100000000, 1, 1, 1, '2014-03-03 04:25:32'),
	(1, '9e0b9c13-b500-492e-9ae1-2f8f41c08b04', '170004', 'compressepce', 0.0500, 0.0000, '5bf8aae6-2258-42ae-bec8-aa852ff28108', 2, 0, 0, 1, 100000000, 1, 1, 1, '2014-03-03 04:25:32'),
	(1, '9e6c4395-46bd-42ca-86a7-e6b5a853805e', '100105', 'rifampicine300 mg', 0.1400, 0.0000, 'd66a0518-67ce-475c-b124-0bb78a65533f', 2, 0, 0, 1, 100000000, 1, 1, 1, '2014-03-03 04:25:32'),
	(1, '9ee50b57-0471-406c-bc0d-6c0f267cff96', '120049', 'pentazocine , tromadol30mg/ml', 2.4100, 0.0000, 'c13da749-a9cd-4894-b39b-be0c26919304', 2, 0, 0, 1, 100000000, 1, 1, 1, '2014-03-03 04:25:32'),
	(1, '9efa6b7c-5775-4494-8bf6-07861d7e9ef6', '100038', 'cyclophosphamide 50 mg', 0.3100, 0.0000, 'd66a0518-67ce-475c-b124-0bb78a65533f', 2, 0, 0, 1, 100000000, 1, 1, 1, '2014-03-03 04:25:32'),
	(1, 'a043c1b2-5b18-4418-930b-258410e3bff5', '100053', 'furosemide 40 mg tab', 0.0100, 0.0000, 'd66a0518-67ce-475c-b124-0bb78a65533f', 2, 0, 0, 1, 100000000, 1, 1, 1, '2014-03-03 04:25:32'),
	(1, 'a083645a-3c39-4a63-b2e4-837fff609613', '150012', 'chloramphenicol base1 kg', 0.9000, 0.0000, 'd9f8daaa-22de-4a33-801e-4c07317b1983', 2, 0, 0, 1, 100000000, 1, 1, 1, '2014-03-03 04:25:32'),
	(1, 'a0dd2492-0a4d-4cd8-83bd-3595980497e4', '170017', 'sac collecteur', 3.5000, 0.0000, '5bf8aae6-2258-42ae-bec8-aa852ff28108', 2, 0, 0, 1, 100000000, 1, 1, 1, '2014-03-03 04:25:32'),
	(1, 'a1637704-8fbb-4410-b5f3-ff4d1b0acd4a', '150002', 'alcool denature1 L', 0.9000, 0.0000, 'd9f8daaa-22de-4a33-801e-4c07317b1983', 2, 0, 0, 1, 100000000, 1, 1, 1, '2014-03-03 04:25:32'),
	(1, 'a1afa5d3-23ff-41a9-91ba-0eeac68bd361', '130001', 'serum glucose 1 L 5%', 4.6200, 0.0000, 'f24e7325-67a8-48f1-aeb0-b7c4c89f2884', 2, 0, 0, 1, 100000000, 1, 1, 1, '2014-03-03 04:25:32'),
	(1, 'a2d7c691-3df1-4f72-9400-599fb3807ef2', '100051', 'Fer + acide folique200 mg+0.25 mg', 0.0014, 0.0000, 'd66a0518-67ce-475c-b124-0bb78a65533f', 2, 0, 0, 1, 100000000, 1, 1, 1, '2014-03-03 04:25:32'),
	(1, 'a355ad04-d555-4c64-8036-ec1f2a361061', '100011', 'ampicilline 875 mg875 mg', 0.1500, 0.0000, 'd66a0518-67ce-475c-b124-0bb78a65533f', 2, 0, 0, 1, 100000000, 1, 1, 1, '2014-03-03 04:25:32'),
	(1, 'a380565e-2606-41df-ad06-4c83abe6eb26', '100109', 'sulphamethoxypyridazine(fansidar)500 mg', 0.0700, 0.0000, 'd66a0518-67ce-475c-b124-0bb78a65533f', 2, 0, 0, 1, 100000000, 1, 1, 1, '2014-03-03 04:25:32'),
	(1, 'a4c8045d-71ad-4df0-8d26-49f537f98bd9', '120059', 'streptomycine1 g', 0.3700, 0.0000, 'c13da749-a9cd-4894-b39b-be0c26919304', 2, 0, 0, 1, 100000000, 1, 1, 1, '2014-03-03 04:25:32'),
	(1, 'a5c6a26d-efa4-48f7-ae36-a047f9e503b1', '180001', 'Paire Verres Spheriques Paire', 5.5000, 0.0000, '26a06810-c868-4edc-9720-0cb3ee20f8fa', 2, 0, 0, 1, 100000000, 1, 1, 1, '2014-03-03 04:25:32'),
	(1, 'a676cee7-86c5-4a9b-b65e-d62c596549a4', '050007', 'Drainage  abcès de Douglas .', 20.0000, 0.0000, '8eddf5f5-c1e2-4f15-bd01-530e6baca071', 2, 0, 0, 1, 100000000, 1, 1, 1, '2014-03-03 04:25:32'),
	(1, 'a711abd8-ee6f-4818-bc89-493d5909161d', '050005', 'Cerclage   du  col .', 20.0000, 0.0000, '8eddf5f5-c1e2-4f15-bd01-530e6baca071', 2, 0, 0, 1, 100000000, 1, 1, 1, '2014-03-03 04:25:32'),
	(1, 'a730edce-3186-420a-be52-198ab23b1ccf', '120007', 'Bicarbonate de Na inj', 1.9200, 0.0000, 'c13da749-a9cd-4894-b39b-be0c26919304', 2, 0, 0, 1, 100000000, 1, 1, 1, '2014-03-03 04:25:32'),
	(1, 'a777fe6d-f7be-4909-bfe1-c94b87f3b4aa', '120042', 'morphine10mg/ml', 6.5000, 0.0000, 'c13da749-a9cd-4894-b39b-be0c26919304', 2, 0, 0, 1, 100000000, 1, 1, 1, '2014-03-03 04:25:32'),
	(1, 'a7c9de4f-4f0e-4247-802d-f1ac62c673cd', '040011', 'Antibiogramme ( supplement à ajouter au prix ) .', 1.9500, 0.0000, '8f7ad32b-1c59-44c8-8c19-d9727896c218', 2, 0, 0, 1, 100000000, 1, 1, 1, '2014-03-03 04:25:32'),
	(1, 'a8129847-9a79-497e-b099-af53b4c054f6', '130005', 'DEXTOSE 500 ML BAXTER 5%', 2.7500, 0.0000, 'f24e7325-67a8-48f1-aeb0-b7c4c89f2884', 2, 0, 0, 1, 100000000, 1, 1, 1, '2014-03-03 04:25:32'),
	(1, 'aa907d9e-325a-4356-a3a8-7812e55d571e', '160008', 'Methyl celluloseFlc 5cc', 0.7500, 0.0000, '7e7c44d5-5a07-479d-829e-2dc168c97183', 2, 0, 0, 1, 100000000, 1, 1, 1, '2014-03-03 04:25:32'),
	(1, 'ab3b8b3e-f05d-4c88-9167-fad62c78d394', '150010', 'cetrimide poudre50 g', 0.9000, 0.0000, 'd9f8daaa-22de-4a33-801e-4c07317b1983', 2, 0, 0, 1, 100000000, 1, 1, 1, '2014-03-03 04:25:32'),
	(1, 'ac071dc6-7f98-4c44-b44d-e5d50417c047', '020015', 'Rapport médical ', 15.6000, 0.0000, '92efe516-4e99-4112-82e0-e86b30bfbc12', 2, 0, 0, 1, 100000000, 1, 1, 1, '2014-03-03 04:25:32'),
	(1, 'ac1f02bc-c5dc-4dc8-a2d7-a4142dc3f908', '170012', 'Seringue 10cc non-disposablePce', 0.7600, 0.0000, '5bf8aae6-2258-42ae-bec8-aa852ff28108', 2, 0, 0, 1, 100000000, 1, 1, 1, '2014-03-03 04:25:32'),
	(1, 'ac323348-ebd2-4f97-84ae-598412c18d3e', '100063', 'isoniazide/thiacetazone300/150mg', 0.0300, 0.0000, 'd66a0518-67ce-475c-b124-0bb78a65533f', 2, 0, 0, 1, 100000000, 1, 1, 1, '2014-03-03 04:25:32'),
	(1, 'ac92a539-d291-4edc-8540-fb35f3cb7c89', '050022', 'Glaucome .', 60.0000, 0.0000, '8eddf5f5-c1e2-4f15-bd01-530e6baca071', 2, 0, 0, 1, 100000000, 1, 1, 1, '2014-03-03 04:25:32'),
	(1, 'ad30bc14-d533-4669-8875-39b163c3337b', '050048', 'Réparation fistule recto-vaginale ', 90.0000, 0.0000, '8eddf5f5-c1e2-4f15-bd01-530e6baca071', 2, 0, 0, 1, 100000000, 1, 1, 1, '2014-03-03 04:25:32'),
	(1, 'adfbd49b-663b-4463-818b-c79f46d3bb87', '120027', 'gentamycine80mg/2ml', 0.1500, 0.0000, 'c13da749-a9cd-4894-b39b-be0c26919304', 2, 0, 0, 1, 100000000, 1, 1, 1, '2014-03-03 04:25:32'),
	(1, 'ae6f5df4-7e4a-4468-9d12-c9cef7127945', '150007', 'benzoic/salicyl.acide ong5/5 %', 0.6300, 0.0000, 'd9f8daaa-22de-4a33-801e-4c07317b1983', 2, 0, 0, 1, 100000000, 1, 1, 1, '2014-03-03 04:25:32'),
	(1, 'aed321f2-9031-4598-bad8-0ef2fdf63694', '120045', 'penicilline G crystalline 5M iu podre pour injection', 0.8100, 0.0000, 'c13da749-a9cd-4894-b39b-be0c26919304', 2, 0, 0, 1, 100000000, 1, 1, 1, '2014-03-03 04:25:32'),
	(1, 'af4f765c-08a1-4a53-a68b-40a82407e1aa', '050010', 'Ligature  des trompes ', 13.0000, 0.0000, '8eddf5f5-c1e2-4f15-bd01-530e6baca071', 2, 0, 0, 1, 100000000, 1, 1, 1, '2014-03-03 04:25:32'),
	(1, 'af5691cb-a6bf-4392-81ec-c199e87df270', '120032', 'hydrocortisone sod succ100 mg', 0.6900, 0.0000, 'c13da749-a9cd-4894-b39b-be0c26919304', 2, 0, 0, 1, 100000000, 1, 1, 1, '2014-03-03 04:25:32'),
	(1, 'af8bcde4-17bb-4d47-b2eb-465b4ebb5e39', '100016', 'bisacodyl5 mg', 0.0200, 0.0000, 'd66a0518-67ce-475c-b124-0bb78a65533f', 2, 0, 0, 1, 100000000, 1, 1, 1, '2014-03-03 04:25:32'),
	(1, 'b0489aeb-3a1b-45dd-ac55-578932643afa', '040009', 'CHIMIE ( Catégorie C ) .', 4.5500, 0.0000, '8f7ad32b-1c59-44c8-8c19-d9727896c218', 2, 0, 0, 1, 100000000, 1, 1, 1, '2014-03-03 04:25:32'),
	(1, 'b08b9848-180e-45fd-b65d-a799223f42af', '100001', 'acetazolamide250 mg', 0.8900, 0.0000, 'd66a0518-67ce-475c-b124-0bb78a65533f', 2, 0, 0, 1, 100000000, 1, 1, 1, '2014-03-03 04:25:32'),
	(1, 'b0b911fc-c82e-48f7-9e53-c3ab30285655', '100067', 'levamizole 50 mg tab', 0.0200, 0.0000, 'd66a0518-67ce-475c-b124-0bb78a65533f', 2, 0, 0, 1, 100000000, 1, 1, 1, '2014-03-03 04:25:32'),
	(1, 'b0dd50ed-6686-4530-8ada-01e2073efd92', '080008', 'Epreuve vestibulaire calorique(Etude du vertige )', 62.5000, 0.0000, 'c673e6d2-a1fd-4bca-aa0e-92425fc099bb', 2, 0, 0, 1, 100000000, 1, 1, 1, '2014-03-03 04:25:32'),
	(1, 'b0f75179-98ca-4ae4-bec5-c4aa34e0e9e2', '100056', 'griseofulvine125 mg, tab', 0.0200, 0.0000, 'd66a0518-67ce-475c-b124-0bb78a65533f', 2, 0, 0, 1, 100000000, 1, 1, 1, '2014-03-03 04:25:32'),
	(1, 'b19d67c0-ae0b-418a-9eda-0c4ae8d1a420', '180007', 'Selector Pce', 7.5000, 0.0000, '26a06810-c868-4edc-9720-0cb3ee20f8fa', 2, 0, 0, 1, 100000000, 1, 1, 1, '2014-03-03 04:25:32'),
	(1, 'b1d4dd37-73d8-4a15-97f1-15306b42fa4b', '100113', 'thyroxine(levothyroxine)', 0.0900, 0.0000, 'd66a0518-67ce-475c-b124-0bb78a65533f', 2, 0, 0, 1, 100000000, 1, 1, 1, '2014-03-03 04:25:32'),
	(1, 'b1f538ed-8429-4a58-b0ab-ad0b482337d7', '120024', 'ergometrine maleate0,5mg/ml', 0.2400, 0.0000, 'c13da749-a9cd-4894-b39b-be0c26919304', 2, 0, 0, 1, 100000000, 1, 1, 1, '2014-03-03 04:25:32'),
	(1, 'b2f283f7-1e92-41f8-aafa-e061e2c02c65', '150032', 'lindane pommade,1 %200 g', 0.9000, 0.0000, 'd9f8daaa-22de-4a33-801e-4c07317b1983', 2, 0, 0, 1, 100000000, 1, 1, 1, '2014-03-03 04:25:32'),
	(1, 'b2f409f7-7497-4017-a2e4-a8d2fd515d83', '150027', 'hydrocortisone pde ophth1%/5 g', 0.9800, 0.0000, 'd9f8daaa-22de-4a33-801e-4c07317b1983', 2, 0, 0, 1, 100000000, 1, 1, 1, '2014-03-03 04:25:32'),
	(1, 'b363681f-f867-4028-bcf1-6ad42e97d985', '150061', 'tosylochloramine sodique500 mg', 0.9000, 0.0000, 'd9f8daaa-22de-4a33-801e-4c07317b1983', 2, 0, 0, 1, 100000000, 1, 1, 1, '2014-03-03 04:25:32'),
	(1, 'b3fbebce-45b8-433a-807c-6b7a05820975', '050053', 'AMPUTATION', 90.0000, 0.0000, '8eddf5f5-c1e2-4f15-bd01-530e6baca071', 2, 0, 0, 1, 100000000, 1, 1, 1, '2014-03-03 04:25:32'),
	(1, 'b417651f-58a9-444c-ad70-04a09cdb4bb2', '100071', 'methotrexate2.5 mg', 0.2600, 0.0000, 'd66a0518-67ce-475c-b124-0bb78a65533f', 2, 0, 0, 1, 100000000, 1, 1, 1, '2014-03-03 04:25:32'),
	(1, 'b44ad24a-11ff-4d7d-9fb0-a102737bb370', '050020', 'Enucléation ', 60.0000, 0.0000, '8eddf5f5-c1e2-4f15-bd01-530e6baca071', 2, 0, 0, 1, 100000000, 1, 1, 1, '2014-03-03 04:25:32'),
	(1, 'b4fdfa60-65ec-4633-a4d9-4b4b03190618', '150034', 'lysol(lyorthol)soln 5L67g/L', 0.9000, 0.0000, 'd9f8daaa-22de-4a33-801e-4c07317b1983', 2, 0, 0, 1, 100000000, 1, 1, 1, '2014-03-03 04:25:32'),
	(1, 'b51af157-81f1-462f-b244-1f0a6a84cadd', '100014', 'atenolol 100 mg tab', 0.2000, 0.0000, 'd66a0518-67ce-475c-b124-0bb78a65533f', 2, 0, 0, 1, 100000000, 1, 1, 1, '2014-03-03 04:25:32'),
	(1, 'b5d50b70-fb5f-4644-831b-4a7818d868e3', '170003', 'suturepce', 2.8300, 0.0000, '5bf8aae6-2258-42ae-bec8-aa852ff28108', 2, 0, 0, 1, 100000000, 1, 1, 1, '2014-03-03 04:25:32'),
	(1, 'b66090fb-863c-45f5-a44d-4f6842848ef5', '030017', 'pansement', 5.0000, 0.0000, '2b0a1f28-99f4-4d38-aff2-e09ef5aaf9d8', 1, 0, 0, 0, 0, 0, 1, 0, '2014-03-04 08:35:14'),
	(1, 'b7167236-f5be-492e-b4ef-04386e826049', '140001', 'anti-snake vehum10 ml', 295.8900, 0.0000, '77bb62bc-701c-4b05-833b-09aba4879bd3', 2, 0, 0, 1, 100000000, 1, 1, 1, '2014-03-03 04:25:32'),
	(1, 'b83b475a-cc8c-4f79-aefc-ffc45439c5db', '030014', 'Accouchement  vaginal(3 jours d\'hospitalisation in', 2.0000, 0.0000, '2b0a1f28-99f4-4d38-aff2-e09ef5aaf9d8', 2, 0, 0, 1, 100000000, 1, 1, 1, '2014-03-03 04:25:32'),
	(1, 'b86e8325-376a-4b5f-82a9-9b084051eba8', '040024', 'Shake test .', 6.5000, 0.0000, '8f7ad32b-1c59-44c8-8c19-d9727896c218', 2, 0, 0, 1, 100000000, 1, 1, 1, '2014-03-03 04:25:32'),
	(1, 'b87e77a7-62d6-4655-b01c-9a0a202b2e40', '030016', 'Fausse  couche .(1 jour d\'hospitalisation inclus).', 0.8500, 0.0000, '2b0a1f28-99f4-4d38-aff2-e09ef5aaf9d8', 2, 0, 0, 1, 100000000, 1, 1, 1, '2014-03-03 04:25:32'),
	(1, 'b88e2eed-23c4-4906-9057-d7eed7afd4cb', '170001', 'bistouris pcepce', 0.2900, 0.0000, '5bf8aae6-2258-42ae-bec8-aa852ff28108', 2, 0, 0, 1, 100000000, 1, 1, 1, '2014-03-03 04:25:32'),
	(1, 'b8cb4589-e019-4d54-b1a8-1a9d4ec3e4cb', '030008', 'autre echographie', 10.0000, 0.0000, '2b0a1f28-99f4-4d38-aff2-e09ef5aaf9d8', 2, 0, 0, 1, 100000000, 1, 1, 1, '2014-03-03 04:25:32'),
	(1, 'b906b6d2-e217-4760-a0f6-05b28dc835bd', '050033', 'Dacryecystorhinostomie .', 90.0000, 0.0000, '8eddf5f5-c1e2-4f15-bd01-530e6baca071', 2, 0, 0, 1, 100000000, 1, 1, 1, '2014-03-03 04:25:32'),
	(1, 'b94902f9-686d-455c-b42d-5bada27757d6', '100020', 'carbimazole 5mg5mg', 0.0400, 0.0000, 'd66a0518-67ce-475c-b124-0bb78a65533f', 2, 0, 0, 1, 100000000, 1, 1, 1, '2014-03-03 04:25:32'),
	(1, 'b989dc76-0429-434d-9bef-be83a8dcc7c9', '100093', 'phenytoin Sodium(dilatin)100 mg', 0.0100, 0.0000, 'd66a0518-67ce-475c-b124-0bb78a65533f', 2, 0, 0, 1, 100000000, 1, 1, 1, '2014-03-03 04:25:32'),
	(1, 'ba085c80-d247-4850-bee2-0e1c89acd72b', '150035', 'magnesuim sulphate 50%? 20ml, (sel an)5 kg', 1.3700, 0.0000, 'd9f8daaa-22de-4a33-801e-4c07317b1983', 2, 0, 0, 1, 100000000, 1, 1, 1, '2014-03-03 04:25:32'),
	(1, 'ba219eff-242d-4542-ac23-9437662a29d4', '100092', 'phenobarbital 50 mg tab', 0.0100, 0.0000, 'd66a0518-67ce-475c-b124-0bb78a65533f', 2, 0, 0, 1, 100000000, 1, 1, 1, '2014-03-03 04:25:32'),
	(1, 'ba35c363-4d72-4727-8502-dbe5bd6e8d24', '150064', 'xylomethazoline gtt nasal0,1%', 0.9000, 0.0000, 'd9f8daaa-22de-4a33-801e-4c07317b1983', 2, 0, 0, 1, 100000000, 1, 1, 1, '2014-03-03 04:25:32'),
	(1, 'ba5f1e34-fccd-4b82-8b3d-5a9770f572f8', '150005', 'atropine sulph.gtt.ophth1%', 0.9000, 0.0000, 'd9f8daaa-22de-4a33-801e-4c07317b1983', 2, 0, 0, 1, 100000000, 1, 1, 1, '2014-03-03 04:25:32'),
	(1, 'ba8b3dc5-a9df-4ba1-9441-c931b0e0b22b', '150025', 'hydrocortisone + Néomycin eyes drop10 ml', 2.5200, 0.0000, 'd9f8daaa-22de-4a33-801e-4c07317b1983', 2, 0, 0, 1, 100000000, 1, 1, 1, '2014-03-03 04:25:32'),
	(1, 'bb7d2655-8287-4ada-992a-1a03b895e935', '100104', 'reserpine0.25 mg', 0.0100, 0.0000, 'd66a0518-67ce-475c-b124-0bb78a65533f', 2, 0, 0, 1, 100000000, 1, 1, 1, '2014-03-03 04:25:32'),
	(1, 'bb93f8b9-10e1-43c1-a104-0f5adf50608a', '180006', 'Un Verre Double Foyer Pce', 15.0000, 0.0000, '26a06810-c868-4edc-9720-0cb3ee20f8fa', 2, 0, 0, 1, 100000000, 1, 1, 1, '2014-03-03 04:25:32'),
	(1, 'bb9f3888-04af-4d17-8a38-cce7f737e6a2', '100088', 'paracetamol 100 mg tab', 0.0100, 0.0000, 'd66a0518-67ce-475c-b124-0bb78a65533f', 2, 0, 0, 1, 100000000, 1, 1, 1, '2014-03-03 04:25:32'),
	(1, 'bc13ef77-3b29-475e-a433-332733ff4073', '110008', 'cotrimoxazole susp 100 ml200/40mg/5ml', 2.3200, 0.0000, '6676a40c-6776-45fe-98b7-2e8e1c6de4a8', 2, 0, 0, 1, 100000000, 1, 1, 1, '2014-03-03 04:25:32'),
	(1, 'bc2030f8-d948-4adb-814f-8ed98a76f075', '110005', 'bicarbonate de soude', 0.5000, 0.0000, '6a8331db-69dc-4ba8-9b2b-ac87990256ab', 2, 0, 0, 1, 100000000, 1, 1, 1, '2014-03-03 04:25:32'),
	(1, 'bcdafbbe-5a4f-40a1-8efa-09256a49e05b', '020003', '*Frais de consultation ( Ancienne Fiche ) ', 0.5700, 0.0000, '92efe516-4e99-4112-82e0-e86b30bfbc12', 2, 0, 0, 1, 100000000, 1, 1, 1, '2014-03-03 04:25:32'),
	(1, 'bd622bd7-385d-4553-a9bb-cc9558986db7', '170019', 'sonde naso gastrique', 2.5000, 0.0000, '5bf8aae6-2258-42ae-bec8-aa852ff28108', 2, 0, 0, 1, 100000000, 1, 1, 1, '2014-03-03 04:25:32'),
	(1, 'bd753bd0-7e29-48cd-8002-e4a8007c4871', '150008', 'benzyl benzoate 25%60 ml', 0.1800, 0.0000, 'd9f8daaa-22de-4a33-801e-4c07317b1983', 2, 0, 0, 1, 100000000, 1, 1, 1, '2014-03-03 04:25:32'),
	(1, 'bd90a2e4-fb23-40b7-a569-7548ee1b8131', '110002', 'Ampicillin susp250 mg', 2.0000, 0.0000, '6676a40c-6776-45fe-98b7-2e8e1c6de4a8', 2, 0, 0, 1, 100000000, 1, 1, 1, '2014-03-03 04:25:32'),
	(1, 'bde5a9a3-0610-43d6-a76d-9a20614b9a5e', '150029', 'ichthammol(ichtyolle) ong10%', 0.9000, 0.0000, 'd9f8daaa-22de-4a33-801e-4c07317b1983', 2, 0, 0, 1, 100000000, 1, 1, 1, '2014-03-03 04:25:32'),
	(1, 'bdea2dc2-fe35-4121-888c-11f30c63bc4a', '100089', 'penicilline-phenoxymethyl) Pen VK125 mg', 0.0300, 0.0000, 'd66a0518-67ce-475c-b124-0bb78a65533f', 2, 0, 0, 1, 100000000, 1, 1, 1, '2014-03-03 04:25:32'),
	(1, 'be36e158-dbad-4d27-8143-52ad752e97cd', '100110', 'tetracycline250 mg', 0.0200, 0.0000, 'd66a0518-67ce-475c-b124-0bb78a65533f', 2, 0, 0, 1, 100000000, 1, 1, 1, '2014-03-03 04:25:32'),
	(1, 'bedc1258-7673-4ff2-9d54-0691d89b4e02', '120060', 'suramin sodique(bayer 205)1 g', 17.0000, 0.0000, 'c13da749-a9cd-4894-b39b-be0c26919304', 2, 0, 0, 1, 100000000, 1, 1, 1, '2014-03-03 04:25:32'),
	(1, 'c0179142-ee8b-4848-8271-9a64ea5a6521', '110007', 'chloramphenicol susp,\'60 ml125/5ml', 2.1000, 0.0000, '6676a40c-6776-45fe-98b7-2e8e1c6de4a8', 2, 0, 0, 1, 100000000, 1, 1, 1, '2014-03-03 04:25:32'),
	(1, 'c1021e0a-f53d-439e-86f2-706211f84892', '120029', 'haloperidol amp 5 mg/ml', 0.2600, 0.0000, 'c13da749-a9cd-4894-b39b-be0c26919304', 2, 0, 0, 1, 100000000, 1, 1, 1, '2014-03-03 04:25:32'),
	(1, 'c132d5d1-7483-43a8-91d0-4ad0c2370771', '100039', 'dapson 5 mg (pt)', 0.0100, 0.0000, 'd66a0518-67ce-475c-b124-0bb78a65533f', 2, 0, 0, 1, 100000000, 1, 1, 1, '2014-03-03 04:25:32'),
	(1, 'c14699ec-5c74-4dfc-8d27-4a5f13452ff7', '050031', 'Ténotomie ', 100.0000, 0.0000, '8eddf5f5-c1e2-4f15-bd01-530e6baca071', 2, 0, 0, 1, 100000000, 1, 1, 1, '2014-03-03 04:25:32'),
	(1, 'c18779da-83ab-404b-8ba4-ea62c682f08a', '010007', 'Urgence Soins médecin de garde ( suture , Hosp. )', 9.3500, 0.0000, '124b8a66-c0e3-47ab-8e0a-19c0019b6c43', 2, 0, 0, 1, 100000000, 1, 1, 1, '2014-03-03 04:25:32'),
	(1, 'c1df36bc-702a-4ef2-9b57-14f7b52c4395', '170002', 'bande elastiquepce', 2.0800, 0.0000, '5bf8aae6-2258-42ae-bec8-aa852ff28108', 2, 0, 0, 1, 100000000, 1, 1, 1, '2014-03-03 04:25:32'),
	(1, 'c22e2f04-c765-4d39-befa-616f855858ef', '050002', 'Biopsie de foie ', 10.0000, 0.0000, '8eddf5f5-c1e2-4f15-bd01-530e6baca071', 2, 0, 0, 1, 100000000, 1, 1, 1, '2014-03-03 04:25:32'),
	(1, 'c292706a-4053-4119-850c-1a1fceb8f99f', '150047', 'paraformaldehyde1 g', 0.9000, 0.0000, 'd9f8daaa-22de-4a33-801e-4c07317b1983', 2, 0, 0, 1, 100000000, 1, 1, 1, '2014-03-03 04:25:32'),
	(1, 'c2f9c8b4-3185-4731-9335-fad0c740276e', '120023', 'ephedrrine 30 mg/ml', 0.9300, 0.0000, 'c13da749-a9cd-4894-b39b-be0c26919304', 2, 0, 0, 1, 100000000, 1, 1, 1, '2014-03-03 04:25:32'),
	(1, 'c319a305-b484-4f83-abfd-45e26fd20cd5', '100043', 'digoxine 0.25 mg tab blister', 0.1500, 0.0000, 'd66a0518-67ce-475c-b124-0bb78a65533f', 2, 0, 0, 1, 100000000, 1, 1, 1, '2014-03-03 04:25:32'),
	(1, 'c433b9f1-6e16-46b4-a51b-d920d30f7d9b', '040035', 'Test de Coombs  direct .', 11.0500, 0.0000, '8f7ad32b-1c59-44c8-8c19-d9727896c218', 2, 0, 0, 1, 100000000, 1, 1, 1, '2014-03-03 04:25:32'),
	(1, 'c44685ac-55ec-47be-b589-6779e2a22c7e', '050050', 'suspension du vagin(1 jour inclus)', 0.0000, 0.0000, '8eddf5f5-c1e2-4f15-bd01-530e6baca071', 2, 0, 0, 1, 100000000, 1, 1, 1, '2014-03-03 04:25:32'),
	(1, 'c4873485-54f8-4aa1-8c60-d80cfefab08c', '100121', 'CONSOMMATION MEDICAMENT', 0.5000, 0.0000, 'd66a0518-67ce-475c-b124-0bb78a65533f', 2, 0, 0, 1, 100000000, 1, 1, 1, '2014-03-03 04:25:32'),
	(1, 'c58915a9-69ad-49e4-b070-676064240f47', '030006', 'Chambre speciale ( voir l\' Administration ) ', 30.0000, 0.0000, '2b0a1f28-99f4-4d38-aff2-e09ef5aaf9d8', 2, 0, 0, 1, 100000000, 1, 1, 1, '2014-03-03 04:25:32'),
	(1, 'c600379d-8fd4-42cf-b0b6-ddcf590aa6e1', '150021', 'gentian Violet', 2.9400, 0.0000, 'd9f8daaa-22de-4a33-801e-4c07317b1983', 2, 0, 0, 1, 100000000, 1, 1, 1, '2014-03-03 04:25:32'),
	(1, 'c6a59c7b-25e7-40c3-874b-093a8f87673f', '170006', 'gants non striles', 0.2000, 0.0000, '5bf8aae6-2258-42ae-bec8-aa852ff28108', 2, 0, 0, 1, 100000000, 1, 1, 1, '2014-03-03 04:25:32'),
	(1, 'c70f0768-45cc-4789-95b3-c8f59fa29ef0', '100061', 'indomethacine25 mg', 0.0100, 0.0000, 'd66a0518-67ce-475c-b124-0bb78a65533f', 2, 0, 0, 1, 100000000, 1, 1, 1, '2014-03-03 04:25:32'),
	(1, 'c7d6031d-e517-4299-a7bc-1dec7120df97', '100077', 'nifedipine 10 mg10 mg', 0.3000, 0.0000, 'd66a0518-67ce-475c-b124-0bb78a65533f', 2, 0, 0, 1, 100000000, 1, 1, 1, '2014-03-03 04:25:32'),
	(1, 'c9d62b75-1234-4f64-afb8-a52176936577', '180008', 'NHS Pce', 5.2500, 0.0000, '26a06810-c868-4edc-9720-0cb3ee20f8fa', 2, 0, 0, 1, 100000000, 1, 1, 1, '2014-03-03 04:25:32'),
	(1, 'cb2a0de1-294f-419e-9d04-ed2f3ba1f748', '050034', 'Exploration d\' orbite ', 90.0000, 0.0000, '8eddf5f5-c1e2-4f15-bd01-530e6baca071', 2, 0, 0, 1, 100000000, 1, 1, 1, '2014-03-03 04:25:32'),
	(1, 'ccc80355-47e0-4364-b8ec-7d09ee6039cd', '120022', 'eau pour injection10 ml', 0.1100, 0.0000, 'c13da749-a9cd-4894-b39b-be0c26919304', 2, 0, 0, 1, 100000000, 1, 1, 1, '2014-03-03 04:25:32'),
	(1, 'cd7b957c-4173-4f6b-8aeb-28f9e47f50c1', '040038', 'SEROLOGIE', 3.9000, 0.0000, '8f7ad32b-1c59-44c8-8c19-d9727896c218', 1, 0, 0, 0, 0, 0, 1, 0, '2014-03-03 06:35:03'),
	(1, 'cd8b12f0-7d8b-4159-a437-1b4e276aa41f', '040010', 'CULTURE ( Catégorie D) .', 5.2000, 0.0000, '8f7ad32b-1c59-44c8-8c19-d9727896c218', 2, 0, 0, 1, 100000000, 1, 1, 1, '2014-03-03 04:25:32'),
	(1, 'cdd77cd4-af32-420e-b43e-b09f487fbebd', '050011', 'Petite  greffe de peau .', 20.0000, 0.0000, '8eddf5f5-c1e2-4f15-bd01-530e6baca071', 2, 0, 0, 1, 100000000, 1, 1, 1, '2014-03-03 04:25:32'),
	(1, 'cde94793-6e21-4e0c-a689-ee53b6d01205', '050042', 'Opération de miles .', 90.0000, 0.0000, '8eddf5f5-c1e2-4f15-bd01-530e6baca071', 2, 0, 0, 1, 100000000, 1, 1, 1, '2014-03-03 04:25:32'),
	(1, 'ce004b9d-b2df-46c5-9a7b-410bc66f6921', '170011', 'Seringue 5cc non-disposablePce', 0.4900, 0.0000, '5bf8aae6-2258-42ae-bec8-aa852ff28108', 2, 0, 0, 1, 100000000, 1, 1, 1, '2014-03-03 04:25:32'),
	(1, 'ce23ef9d-5e0a-4141-a4cc-0bb42ced3788', '150041', 'hydrocortisone pommade opht.tube', 0.6500, 0.0000, 'd9f8daaa-22de-4a33-801e-4c07317b1983', 2, 0, 0, 1, 100000000, 1, 1, 1, '2014-03-03 04:25:32'),
	(1, 'ce6be66c-3d56-4245-b79b-4753fb7885ba', '170020', 'Attele bras', 5.0000, 0.0000, '5bf8aae6-2258-42ae-bec8-aa852ff28108', 2, 0, 0, 1, 100000000, 1, 1, 1, '2014-03-03 04:25:32'),
	(1, 'cfa7b466-22b6-40c8-a1bc-dd5b2610f0b9', '140005', 'vaccin anti-tetanique10ml/20 dos', 4.3400, 0.0000, '77bb62bc-701c-4b05-833b-09aba4879bd3', 2, 0, 0, 1, 100000000, 1, 1, 1, '2014-03-03 04:25:32'),
	(1, 'cfe7d18f-8d0d-4f0f-9daf-0b491ee73137', '040008', 'Gastroscopie ( rectognoistoscopie ) ', 25.0000, 0.0000, '8f7ad32b-1c59-44c8-8c19-d9727896c218', 2, 0, 0, 1, 100000000, 1, 1, 1, '2014-03-03 04:25:32'),
	(1, 'd0c47273-2bd1-43b3-9988-347d5fa20e76', '080001', 'Lavage d\'oreille', 6.0000, 0.0000, 'c673e6d2-a1fd-4bca-aa0e-92425fc099bb', 2, 0, 0, 1, 100000000, 1, 1, 1, '2014-03-03 04:25:32'),
	(1, 'd16b9abd-d99b-442b-aeae-7317f9e82b09', '190008', 'Caution', 0.0000, 0.0000, '233e9302-8b24-4bec-87ef-76b56b1ad62f', 1, 0, 0, 0, 0, 0, 1, 1, '2014-03-06 06:07:29'),
	(1, 'd1777cfc-c6ec-480c-b60f-c25f6e9096f1', '030001', 'FRAIS  D\'ADMISSION .', 1.1000, 0.0000, '2b0a1f28-99f4-4d38-aff2-e09ef5aaf9d8', 2, 0, 0, 1, 100000000, 1, 1, 1, '2014-03-03 04:25:32'),
	(1, 'd27b88f3-ac9d-48fa-a0ea-c440b5bd17a9', '150065', 'oxyde de Zinc pommade 10%, 800 g', 9.3500, 0.0000, 'd9f8daaa-22de-4a33-801e-4c07317b1983', 2, 0, 0, 1, 100000000, 1, 1, 1, '2014-03-03 04:25:32'),
	(1, 'd2b5abe6-42ab-4495-b96a-e55fe28eefc6', '012001', 'Consultation médecin en urgence(Pax)', 10.0000, 0.0000, '124b8a66-c0e3-47ab-8e0a-19c0019b6c43', 2, 0, 0, 1, 100000000, 1, 1, 1, '2014-03-03 04:25:32'),
	(1, 'd4298cbe-1c9e-4db1-bde5-f78ff8be5cb0', '120065', 'dextrose in water 50% 50ml', 1.2100, 0.0000, 'c13da749-a9cd-4894-b39b-be0c26919304', 2, 0, 0, 1, 100000000, 1, 1, 1, '2014-03-03 04:25:32'),
	(1, 'd4ae2d63-537b-4b09-bcff-3ec878aefd40', '080010', 'Endoscopie ORL( Utilise l\'endoscope)', 12.0000, 0.0000, 'c673e6d2-a1fd-4bca-aa0e-92425fc099bb', 2, 0, 0, 1, 100000000, 1, 1, 1, '2014-03-03 04:25:32'),
	(1, 'd59b42ec-3c63-456d-8428-0183fefc7035', '160004', 'DexamethasoneFlc 5cc', 1.6000, 0.0000, '7e7c44d5-5a07-479d-829e-2dc168c97183', 2, 0, 0, 1, 100000000, 1, 1, 1, '2014-03-03 04:25:32'),
	(1, 'd72702b5-afa4-4b44-9a0a-064e28270b47', '160007', 'Idoxuridine .1% (IDU)Flc 5cc', 0.9300, 0.0000, '7e7c44d5-5a07-479d-829e-2dc168c97183', 2, 0, 0, 1, 100000000, 1, 1, 1, '2014-03-03 04:25:32'),
	(1, 'd75b6976-3c89-4793-9828-5101600de4ee', '100097', 'proguanil (paludrine)100 mg', 0.0700, 0.0000, 'd66a0518-67ce-475c-b124-0bb78a65533f', 2, 0, 0, 1, 100000000, 1, 1, 1, '2014-03-03 04:25:32'),
	(1, 'd75d6d27-a400-44e9-a206-4a913774dfcc', '100099', 'propantheline bromide15 mg', 0.0200, 0.0000, 'd66a0518-67ce-475c-b124-0bb78a65533f', 2, 0, 0, 1, 100000000, 1, 1, 1, '2014-03-03 04:25:32'),
	(1, 'd8bd2497-daee-4b76-957a-8d547f914525', '080009', 'Extraction  de corps étranger : Oreille et Nez', 20.0000, 0.0000, 'c673e6d2-a1fd-4bca-aa0e-92425fc099bb', 2, 0, 0, 1, 100000000, 1, 1, 1, '2014-03-03 04:25:32'),
	(1, 'd96b721d-34cb-48a5-b6ec-8fc2e1397afd', '050052', 'Myomectomie', 90.0000, 0.0000, '8eddf5f5-c1e2-4f15-bd01-530e6baca071', 2, 0, 0, 1, 100000000, 1, 1, 1, '2014-03-03 04:25:32'),
	(1, 'd97ed0dc-28e3-49b2-b098-91a9178dc886', '020025', 'Frais administratifs', 0.0500, 0.0000, '92efe516-4e99-4112-82e0-e86b30bfbc12', 2, 0, 0, 1, 100000000, 1, 1, 1, '2014-03-03 04:25:32'),
	(1, 'd9a63582-1b0f-46cf-b8c3-ae9f896bce93', '100012', 'Anti acide, Maalox 400/500 mg/ tab', 0.0200, 0.0000, 'd66a0518-67ce-475c-b124-0bb78a65533f', 2, 0, 0, 1, 100000000, 1, 1, 1, '2014-03-03 04:25:32'),
	(1, 'd9eb2de2-d48a-4ca8-a930-37169c6be97f', '140003', 'insuline retard (NP)\'10 ml40iu/ml', 7.0500, 0.0000, '77bb62bc-701c-4b05-833b-09aba4879bd3', 2, 0, 0, 1, 100000000, 1, 1, 1, '2014-03-03 04:25:32'),
	(1, 'dacf7cbf-eae3-40e1-845a-d161370f382c', '150006', 'bande elastique', 1.0000, 0.0000, 'd9f8daaa-22de-4a33-801e-4c07317b1983', 2, 0, 0, 1, 100000000, 1, 1, 1, '2014-03-03 04:25:32'),
	(1, 'db489cc8-4179-4e39-ad9f-f03551b9ef0f', '120039', 'methotrexate, 2ml 2,5mg/ml', 3.8400, 0.0000, 'c13da749-a9cd-4894-b39b-be0c26919304', 2, 0, 0, 1, 100000000, 1, 1, 1, '2014-03-03 04:25:32'),
	(1, 'ddf8f911-3f75-437a-a8b0-315567750472', '110015', 'Terra cortil otique', 13.0000, 0.0000, '6676a40c-6776-45fe-98b7-2e8e1c6de4a8', 2, 0, 0, 1, 100000000, 1, 1, 1, '2014-03-03 04:25:32'),
	(1, 'de7041cc-8b66-4abc-92cf-e42b79be0fe1', '040020', 'Scarification pour B.H. ', 2.9300, 0.0000, '8f7ad32b-1c59-44c8-8c19-d9727896c218', 2, 0, 0, 1, 100000000, 1, 1, 1, '2014-03-03 04:25:32'),
	(1, 'e08af26c-6ccc-4e49-865f-d648f5d624db', '100081', 'noscapine15 mg', 0.0200, 0.0000, 'd66a0518-67ce-475c-b124-0bb78a65533f', 2, 0, 0, 1, 100000000, 1, 1, 1, '2014-03-03 04:25:32'),
	(1, 'e095e87f-c6b4-4f07-beb7-13e6df044635', '100103', 'quinine sulphate 300 mg tab', 0.1600, 0.0000, 'd66a0518-67ce-475c-b124-0bb78a65533f', 2, 0, 0, 1, 100000000, 1, 1, 1, '2014-03-03 04:25:32'),
	(1, 'e0f7e657-42f3-4923-a96b-ac2ae5703bd3', '130006', 'SALINE 500 MLBAXTER', 2.4800, 0.0000, 'f24e7325-67a8-48f1-aeb0-b7c4c89f2884', 2, 0, 0, 1, 100000000, 1, 1, 1, '2014-03-03 04:25:32'),
	(1, 'e2a72632-6275-4f47-8821-dc0bc2c1c2a6', '100024', 'chloramine 500 mg500mg', 0.0100, 0.0000, 'd66a0518-67ce-475c-b124-0bb78a65533f', 2, 0, 0, 1, 100000000, 1, 1, 1, '2014-03-03 04:25:32'),
	(1, 'e3236209-b294-43cc-be52-71cec116d264', '100042', 'diethylcarbamazine citrate 50 mg', 0.0100, 0.0000, 'd66a0518-67ce-475c-b124-0bb78a65533f', 2, 0, 0, 1, 100000000, 1, 1, 1, '2014-03-03 04:25:32'),
	(1, 'e40bc61e-ce5a-4f39-a86e-5cf379144949', '150011', 'cetrimide/chlorhexidin 5L0,5/0,5%', 0.9000, 0.0000, 'd9f8daaa-22de-4a33-801e-4c07317b1983', 2, 0, 0, 1, 100000000, 1, 1, 1, '2014-03-03 04:25:32'),
	(1, 'e4bc2299-c089-4557-9644-3911459823ee', '150015', 'chlorhexidine gluconate20%/1L', 0.9000, 0.0000, 'd9f8daaa-22de-4a33-801e-4c07317b1983', 2, 0, 0, 1, 100000000, 1, 1, 1, '2014-03-03 04:25:32'),
	(1, 'e4d959e7-1f94-4c01-91fd-85a3b0e74fca', '050032', 'Chlolécystectomie ', 90.0000, 0.0000, '8eddf5f5-c1e2-4f15-bd01-530e6baca071', 2, 0, 0, 1, 100000000, 1, 1, 1, '2014-03-03 04:25:32'),
	(1, 'e5740f41-8c74-4ce8-a4dd-42ebec42eb22', '030005', 'Chambre privée .', 6.8500, 0.0000, '2b0a1f28-99f4-4d38-aff2-e09ef5aaf9d8', 2, 0, 0, 1, 100000000, 1, 1, 1, '2014-03-03 04:25:32'),
	(1, 'e5ae05df-0147-4e58-977a-e91ee57de61e', '040025', 'Spermogramme .', 6.5000, 0.0000, '8f7ad32b-1c59-44c8-8c19-d9727896c218', 2, 0, 0, 1, 100000000, 1, 1, 1, '2014-03-03 04:25:32'),
	(1, 'e60c1eaf-8f17-478f-8fc7-2932e39d1545', '100035', 'co trimoxazole 400/80mg tab', 0.0200, 0.0000, 'd66a0518-67ce-475c-b124-0bb78a65533f', 2, 0, 0, 1, 100000000, 1, 1, 1, '2014-03-03 04:25:32'),
	(1, 'e698a6e4-8333-4b48-8f77-f44cd88e2714', '100080', 'nortriptyline 25 mg25 mg', 0.0000, 0.0000, 'd66a0518-67ce-475c-b124-0bb78a65533f', 2, 0, 0, 1, 100000000, 1, 1, 1, '2014-03-03 04:25:32'),
	(1, 'e790c0d1-7ffc-4281-bd02-1edd58c45ab1', '120046', 'penicillline G crystalline1M iu', 0.2000, 0.0000, 'c13da749-a9cd-4894-b39b-be0c26919304', 2, 0, 0, 1, 100000000, 1, 1, 1, '2014-03-03 04:25:32'),
	(1, 'e9b241ae-528f-4bf8-82d6-97b2e21a77d8', '100072', 'methyldopa250 mg', 0.0500, 0.0000, 'd66a0518-67ce-475c-b124-0bb78a65533f', 2, 0, 0, 1, 100000000, 1, 1, 1, '2014-03-03 04:25:32'),
	(1, 'eb3f6f9a-924f-4c79-9ba9-30abf4955043', '100117', 'vitamine B complex tab', 0.0100, 0.0000, 'd66a0518-67ce-475c-b124-0bb78a65533f', 2, 0, 0, 1, 100000000, 1, 1, 1, '2014-03-03 04:25:32'),
	(1, 'ebe672d4-3c01-4d3b-90d5-893f3570255d', '170008', 'Seringue 5cc disposablePce', 0.2200, 0.0000, '5bf8aae6-2258-42ae-bec8-aa852ff28108', 2, 0, 0, 1, 100000000, 1, 1, 1, '2014-03-03 04:25:32'),
	(1, 'ec2f22e1-6e87-4adc-ac96-bbf6354dc3d0', '110006', 'cefaclor suspension125/5ml', 1.6600, 0.0000, '6676a40c-6776-45fe-98b7-2e8e1c6de4a8', 2, 0, 0, 1, 100000000, 1, 1, 1, '2014-03-03 04:25:32'),
	(1, 'ec51ba1b-ac31-4368-9ea3-0b13d99b5091', '160012', 'timolol Flc 5cc', 2.8400, 0.0000, '7e7c44d5-5a07-479d-829e-2dc168c97183', 2, 0, 0, 1, 100000000, 1, 1, 1, '2014-03-03 04:25:32'),
	(1, 'ed300e41-4c6c-46a2-8627-706b62cd01c4', '100034', 'cloxacilline 250 mg cap', 0.2000, 0.0000, 'd66a0518-67ce-475c-b124-0bb78a65533f', 2, 0, 0, 1, 100000000, 1, 1, 1, '2014-03-03 04:25:32'),
	(1, 'ed60ea49-7625-4434-b4c4-3f905fd33ae8', '050054', 'REPARATION', 90.0000, 0.0000, '8eddf5f5-c1e2-4f15-bd01-530e6baca071', 2, 0, 0, 1, 100000000, 1, 1, 1, '2014-03-03 04:25:32'),
	(1, 'ed9fde19-cd10-4324-86f1-846a3a8973ff', '010006', 'Urgence simple ( Soins infirmiers + médicamants )', 3.5000, 0.0000, '124b8a66-c0e3-47ab-8e0a-19c0019b6c43', 2, 0, 0, 1, 100000000, 1, 1, 1, '2014-03-03 04:25:32'),
	(1, 'edc3606f-645a-4c6e-a8ea-2cc58d0c35f9', '070006', 'Lavement baryté + films ', 39.0000, 0.0000, 'b554ebf9-7a0f-4fd2-bdde-f902ebd96fee', 2, 0, 0, 1, 100000000, 1, 1, 1, '2014-03-03 04:25:32'),
	(1, 'ee6518b9-c526-41de-b713-3ed8108cf547', '020024', 'Carnet  de consultation ', 6.5000, 0.0000, '92efe516-4e99-4112-82e0-e86b30bfbc12', 2, 0, 0, 1, 100000000, 1, 1, 1, '2014-03-03 04:25:32'),
	(1, 'eed0a40b-f479-445a-b52a-748171389d90', '150067', 'Ventolin(Beclazone inhaler)1fl', 50.9200, 0.0000, 'd9f8daaa-22de-4a33-801e-4c07317b1983', 2, 0, 0, 1, 100000000, 1, 1, 1, '2014-03-03 04:25:32'),
	(1, 'eedcad3e-36f1-4f0a-94f6-7c992328263c', '100055', 'griseofulvine 500 mg, tab', 0.1100, 0.0000, 'd66a0518-67ce-475c-b124-0bb78a65533f', 2, 0, 0, 1, 100000000, 1, 1, 1, '2014-03-03 04:25:32'),
	(1, 'ef1667b2-56c2-4059-a605-8006ee7e8c6d', '070003', 'Catégorie 3', 0.0000, 0.0000, 'b554ebf9-7a0f-4fd2-bdde-f902ebd96fee', 2, 0, 0, 1, 100000000, 1, 1, 1, '2014-03-03 04:25:32'),
	(1, 'efb498a1-ac2a-4dbc-b735-eec4a1ff20b5', '150036', 'mercurochrome(merbromine)500 g', 0.9000, 0.0000, 'd9f8daaa-22de-4a33-801e-4c07317b1983', 2, 0, 0, 1, 100000000, 1, 1, 1, '2014-03-03 04:25:32'),
	(1, 'f05500cd-6425-4c8b-8da3-3a40ca4b9bbc', '150009', 'betadine(povidone iode)500ml10 %', 0.9000, 0.0000, 'd9f8daaa-22de-4a33-801e-4c07317b1983', 2, 0, 0, 1, 100000000, 1, 1, 1, '2014-03-03 04:25:32'),
	(1, 'f0fbbddf-e47b-4cff-87af-29f97b7f3c3e', '120036', 'lidocaine/dext,hyper,rach5/7,5%', 0.1000, 0.0000, 'c13da749-a9cd-4894-b39b-be0c26919304', 2, 0, 0, 1, 100000000, 1, 1, 1, '2014-03-03 04:25:32'),
	(1, 'f16c1a0d-337a-4159-a95b-3636ae88fadb', '050026', 'Hystérectomie ( abdominale + vaginale ) (7 jrs d\'h', 60.0000, 0.0000, '8eddf5f5-c1e2-4f15-bd01-530e6baca071', 2, 0, 0, 1, 100000000, 1, 1, 1, '2014-03-03 04:25:32'),
	(1, 'f2430414-83c3-4cef-8c59-2619797c0f7d', '020002', 'Frais consultation nouvelle fiche', 1.0800, 0.0000, '92efe516-4e99-4112-82e0-e86b30bfbc12', 2, 0, 0, 1, 100000000, 1, 1, 1, '2014-03-03 04:25:32'),
	(1, 'f2c89a49-d1e9-4b9a-a059-5dda17326488', '050041', 'Occlusion intestinale ', 90.0000, 0.0000, '8eddf5f5-c1e2-4f15-bd01-530e6baca071', 2, 0, 0, 1, 100000000, 1, 1, 1, '2014-03-03 04:25:32'),
	(1, 'f3331ac1-d11d-4093-8433-9ca50891c151', '100015', 'biperiden 2 mg2 mg', 0.1500, 0.0000, 'd66a0518-67ce-475c-b124-0bb78a65533f', 2, 0, 0, 1, 100000000, 1, 1, 1, '2014-03-03 04:25:32'),
	(1, 'f379013a-ed04-425d-9fa4-bf39f8e0dc19', '160003', 'Chloramphenicol 1%Flc 5cc', 0.8100, 0.0000, '7e7c44d5-5a07-479d-829e-2dc168c97183', 2, 0, 0, 1, 100000000, 1, 1, 1, '2014-03-03 04:25:32'),
	(1, 'f3c1fa75-fdb1-4de0-9907-649d5f2370c1', '050006', 'Dilatation  et curetage ', 20.0000, 0.0000, '8eddf5f5-c1e2-4f15-bd01-530e6baca071', 2, 0, 0, 1, 100000000, 1, 1, 1, '2014-03-03 04:25:32'),
	(1, 'f41f74a5-5cbc-4bed-8381-6419885fd616', '150054', 'savon antiseptique barre', 0.9000, 0.0000, 'd9f8daaa-22de-4a33-801e-4c07317b1983', 2, 0, 0, 1, 100000000, 1, 1, 1, '2014-03-03 04:25:32'),
	(1, 'f4c6eb38-fb39-44b9-85a5-f11ab5df8fe9', '110013', 'metronidazole sirop 125mg / 5 ml100 ml', 1.3100, 0.0000, '6676a40c-6776-45fe-98b7-2e8e1c6de4a8', 2, 0, 0, 1, 100000000, 1, 1, 1, '2014-03-03 04:25:32'),
	(1, 'f638bab2-ce35-470e-8993-94f41370f309', '100101', 'pyrazinamide500 mg', 0.0700, 0.0000, 'd66a0518-67ce-475c-b124-0bb78a65533f', 2, 0, 0, 1, 100000000, 1, 1, 1, '2014-03-03 04:25:32'),
	(1, 'f6a26f3c-0fe8-445b-8659-0402a475f4ac', '080006', 'Attouchement du meat sinusien(utilise l\'anesthesiq', 24.0000, 0.0000, 'c673e6d2-a1fd-4bca-aa0e-92425fc099bb', 2, 0, 0, 1, 100000000, 1, 1, 1, '2014-03-03 04:25:32'),
	(1, 'f6cbddca-66f3-4180-a3b6-3472607b48a4', '050047', 'Réparation fistule vésico-vaginale .', 200.0000, 0.0000, '8eddf5f5-c1e2-4f15-bd01-530e6baca071', 2, 0, 0, 1, 100000000, 1, 1, 1, '2014-03-03 04:25:32'),
	(1, 'f6e977b8-3e52-49a7-a89e-0a9870bc3684', '160010', 'Providone iodine .5%Flc 5cc', 0.7500, 0.0000, '7e7c44d5-5a07-479d-829e-2dc168c97183', 2, 0, 0, 1, 100000000, 1, 1, 1, '2014-03-03 04:25:32'),
	(1, 'f6ee4a80-f152-4d07-b8d1-c6f2578b7cbe', '100050', 'ethinyloestradiol0.05 mg', 0.6100, 0.0000, 'd66a0518-67ce-475c-b124-0bb78a65533f', 2, 0, 0, 1, 100000000, 1, 1, 1, '2014-03-03 04:25:32'),
	(1, 'f751dd74-2751-4f50-9ea7-f4454b572476', '040014', 'Frottis Fontana ', 2.6000, 0.0000, '8f7ad32b-1c59-44c8-8c19-d9727896c218', 2, 0, 0, 1, 100000000, 1, 1, 1, '2014-03-03 04:25:32'),
	(1, 'f82ab5b7-928a-409d-8edf-f922e8733001', '110009', 'erythromycine125 mg/5ml', 2.3100, 0.0000, '6676a40c-6776-45fe-98b7-2e8e1c6de4a8', 2, 0, 0, 1, 100000000, 1, 1, 1, '2014-03-03 04:25:32'),
	(1, 'f87f2b17-4ad2-401c-86ea-ef1a1e9a1392', '100006', 'Amitriptyline25 mg', 0.0200, 0.0000, 'd66a0518-67ce-475c-b124-0bb78a65533f', 2, 0, 0, 1, 100000000, 1, 1, 1, '2014-03-03 04:25:32'),
	(1, 'fa08a9fc-f5ae-40ea-8bfd-63e0e7455c08', '120014', 'chloramphenicol 1 gr', 0.6500, 0.0000, 'c13da749-a9cd-4894-b39b-be0c26919304', 2, 0, 0, 1, 100000000, 1, 1, 1, '2014-03-03 04:25:32'),
	(1, 'fb72aa32-6ae3-421f-8d0d-91b7123a2464', '040004', 'Hematocrite ', 1.3000, 0.0000, '8f7ad32b-1c59-44c8-8c19-d9727896c218', 2, 0, 0, 1, 100000000, 1, 1, 1, '2014-03-03 04:25:32'),
	(1, 'fc7c58fc-b32f-490a-9f4a-21448cded8ea', '100107', 'salbutamol4 mg tab', 0.0100, 0.0000, 'd66a0518-67ce-475c-b124-0bb78a65533f', 2, 0, 0, 1, 100000000, 1, 1, 1, '2014-03-03 04:25:32'),
	(1, 'fcdcbe65-d146-4587-bcb8-dcca493be7a2', '040007', 'Goutte épaisse .', 1.3000, 0.0000, '8f7ad32b-1c59-44c8-8c19-d9727896c218', 2, 0, 0, 1, 100000000, 1, 1, 1, '2014-03-03 04:25:32'),
	(1, 'fd1c46c8-f276-4aa4-bebc-7de652ce6c45', '100005', 'Aminophyline100 mg', 0.0100, 0.0000, 'd66a0518-67ce-475c-b124-0bb78a65533f', 2, 0, 0, 1, 100000000, 1, 1, 1, '2014-03-03 04:25:32'),
	(1, 'fd56fe40-ea6a-454b-82be-0d2b22ede089', '120051', 'phenobarbitone 2 ml100mg/ml', 0.9500, 0.0000, 'c13da749-a9cd-4894-b39b-be0c26919304', 2, 0, 0, 1, 100000000, 1, 1, 1, '2014-03-03 04:25:32'),
	(1, 'fdbe4497-f7c6-403b-868e-06794514b95b', '150058', 'talc1 kg', 0.9000, 0.0000, 'd9f8daaa-22de-4a33-801e-4c07317b1983', 2, 0, 0, 1, 100000000, 1, 1, 1, '2014-03-03 04:25:32'),
	(1, 'fe436a61-5bcb-4b4b-b08f-b800349c36c7', '040037', 'CYTOLOGIE ', 7.8000, 0.0000, '8f7ad32b-1c59-44c8-8c19-d9727896c218', 2, 0, 0, 1, 100000000, 1, 1, 1, '2014-03-03 04:25:32'),
	(1, 'fffbc00c-bd54-4877-9785-0ace48d27ff8', '030013', 'Soins médicaux avec urgence', 9.7500, 0.0000, '2b0a1f28-99f4-4d38-aff2-e09ef5aaf9d8', 2, 0, 0, 1, 100000000, 1, 1, 1, '2014-03-03 04:25:32');

--
-- Cash Configuration
--

INSERT INTO cash_box VALUES
  (1,'Primary Cash Box',1,0),
  (2,'Auxillary Cash Box',1,1);

INSERT INTO cash_box_account_currency VALUES
  (1,1,1,486),
  (2,2,1,487),
  (3,1,2,1071),
  (4,2,2,1070);

INSERT INTO caution_box VALUES
  (1,'Generic Caution',1);

INSERT INTO caution_box_account_currency VALUES
  (1,2,1,249),
  (3,1,1,249);

INSERT INTO primary_cash_module VALUES
  (1, "Purchase"),
  (2, "transfert"),
  (3, "convention"),
  (4, "Generic Expense"),
  (5, "Generic Income"),
  (6, "Payroll"),
  (7, "Tax Payment"),
  (8, "Cotisation Payment");

INSERT INTO fiscal_year VALUES (1,1,11,'Demo 2014',NULL,NULL,NULL,1,2014,NULL,0);

INSERT INTO period VALUES (1,1,0,'2014-01-01','2014-01-01',0),(2,1,1,'2014-01-01','2014-01-31',0),(3,1,11,'2014-02-01','2014-02-28',0),(4,1,21,'2014-03-01','2014-03-31',0),(5,1,31,'2014-04-01','2014-04-30',0),(6,1,41,'2014-05-01','2014-05-31',0),(7,1,51,'2014-06-01','2014-06-30',0),(8,1,61,'2014-07-01','2014-07-31',0),(9,1,71,'2014-08-01','2014-08-31',0),(10,1,81,'2014-09-01','2014-09-30',0),(11,1,91,'2014-10-01','2014-10-31',0),(12,1,101,'2014-11-01','2014-11-30',0),(13,1,111,'2014-12-01','2014-12-31',0);

INSERT INTO transaction_type  (id, service_txt) VALUES (1,'cash'),(2,'sale'),(3,'purchase'),(4,'journal'),(5,'group_invoice'),(6,'credit_note'),(7,'caution'),(8,'pcash_convention'),(9,'autre'),(10,'pcash_transfert'),(11,'generic_income'),(12,'distribution'),(13,'loss'),(14,'payroll'),(15,'donation'),(16,'tax_payment'),(17,'cotisation_paiement'),(18,'generic_expense'),(19,'indirect_purchase'), (20, 'confirm_purchase');

INSERT INTO config_rubric VALUES
  (1, "configuration des rubrique par defaut");

INSERT INTO config_accounting VALUES
  (1, "configuration de comptabilite de paie par defaut", 721);

INSERT INTO rubric VALUES
  (1, "Logement", "HOUS", 0, 1, 30),
  (2, "Allocation Familliale", "ALLO", 0, 0, 0),
  (3, "Transport", "TRAN", 0, 0, 0),
  (4, "Ancienete", "SENI", 0, 1, 0),
  (5, "Avance sur salaire", "ADVA", 1, 0, 0);

INSERT INTO config_rubric_item VALUES
  (1, 1, 1, 1),
  (2, 1, 2, 1),
  (3, 1, 3, 1),
  (4, 1, 4, 1),
  (5, 1, 5, 1);

INSERT INTO config_tax VALUES
  (1, "configuration des taxes par defaut");

INSERT INTO offday VALUES
  (1, "Christmas", '2014-12-25', 100),
  (2, "New Years Day", '2014-12-31', 25),
  (3, "May Day", '2014-05-01', 100);

INSERT INTO donor VALUES
  (1, 'WHO / OMS'),
  (2, 'UNICEF');

